Symbol,Security Name,Market Category,Test Issue,Financial Status,Round Lot Size,ETF,NextShares,exchange,ACT Symbol,Exchange,CQS Symbol,NASDAQ Symbol,act_symbol_backup,cqs_symbol_backup
AACB,Artius II Acquisition Inc. - Class A Ordinary Shares,G,N,N,100,N,N,NASDAQ,,,,,,
AACI,Armada Acquisition Corp. II - Class A Ordinary Shares,G,N,N,100,N,N,NASDAQ,,,,,,
AAL,"American Airlines Group, Inc. - Common Stock",Q,N,N,100,N,N,NASDAQ,,,,,,
AAME,Atlantic American Corporation - Common Stock,G,N,N,100,N,N,NASDAQ,,,,,,
AAOI,"Applied Optoelectronics, Inc. - Common Stock",G,N,N,100,N,N,NASDAQ,,,,,,
AAON,"AAON, Inc. - Common Stock",Q,N,N,100,N,N,NASDAQ,,,,,,
AAPL,Apple Inc. - Common Stock,Q,N,N,100,N,N,NASDAQ,,,,,,
AARD,"Aardvark Therapeutics, Inc. - Common Stock",Q,N,N,100,N,N,NASDAQ,,,,,,
ABAT,American Battery Technology Company - Common Stock,S,N,N,100,N,N,NASDAQ,,,,,,
ABCL,AbCellera Biologics Inc. - Common Shares,Q,N,N,100,N,N,NASDAQ,,,,,,
ABEO,Abeona Therapeutics Inc. - Common Stock,S,N,N,100,N,N,NASDAQ,,,,,,
ABL,"Abacus Global Management, Inc. - Class A Common Stock",S,N,N,100,N,N,NASDAQ,,,,,,
ABLV,Able View Global Inc. - Class B Ordinary Shares,S,N,N,100,N,N,NASDAQ,,,,,,
ABNB,"Airbnb, Inc. - Class A Common Stock",Q,N,N,100,N,N,NASDAQ,,,,,,
ABOS,"Acumen Pharmaceuticals, Inc. - Common Stock",Q,N,N,100,N,N,NASDAQ,,,,,,
ABP,"Abpro Holdings, Inc - Common Stock",G,N,D,100,N,N,NASDAQ,,,,,,
ABSI,Absci Corporation - Common Stock,Q,N,N,100,N,N,NASDAQ,,,,,,
ABTC,American Bitcoin Corp. - Class A Common Stock,S,N,N,100,N,N,NASDAQ,,,,,,
ABTS,Abits Group Inc - Ordinary Shares,S,N,N,100,N,N,NASDAQ,,,,,,
ABUS,Arbutus Biopharma Corporation - Common Stock,Q,N,N,100,N,N,NASDAQ,,,,,,
ABVC,"ABVC BioPharma, Inc. - Common Stock",S,N,N,100,N,N,NASDAQ,,,,,,
ABVE,Above Food Ingredients Inc. - Common Stock,G,N,E,100,N,N,NASDAQ,,,,,,
ACAD,ACADIA Pharmaceuticals Inc. - Common Stock,Q,N,N,100,N,N,NASDAQ,,,,,,
ACB,Aurora Cannabis Inc. - Common Shares,S,N,N,100,N,N,NASDAQ,,,,,,
ACCL,Acco Group Holdings Limited - Ordinary Shares,S,N,N,100,N,N,NASDAQ,,,,,,
ACDC,ProFrac Holding Corp. - Class A Common Stock,Q,N,N,100,N,N,NASDAQ,,,,,,
ACET,"Adicet Bio, Inc. - Common Stock",S,N,D,100,N,N,NASDAQ,,,,,,
ACFN,"Acorn Energy, Inc. - Common Stock",S,N,N,100,N,N,NASDAQ,,,,,,
ACGL,Arch Capital Group Ltd. - Common Stock,Q,N,N,100,N,N,NASDAQ,,,,,,
ACHC,"Acadia Healthcare Company, Inc. - Common Stock",Q,N,N,100,N,N,NASDAQ,,,,,,
ACHV,"Achieve Life Sciences, Inc.  - Common Shares",S,N,N,100,N,N,NASDAQ,,,,,,
ACIC,American Coastal Insurance Corporation - Common Stock,S,N,N,100,N,N,NASDAQ,,,,,,
ACLS,"Axcelis Technologies, Inc. - Common Stock",Q,N,N,100,N,N,NASDAQ,,,,,,
ACLX,"Arcellx, Inc. - Common Stock",Q,N,N,100,N,N,NASDAQ,,,,,,
ACNB,ACNB Corporation - Common Stock,S,N,N,100,N,N,NASDAQ,,,,,,
ACNT,Ascent Industries Co. - Common Stock,G,N,N,100,N,N,NASDAQ,,,,,,
ACOG,Alpha Cognition Inc. - Common Stock,S,N,N,100,N,N,NASDAQ,,,,,,
ACON,"Aclarion, Inc. - Common Stock",S,N,N,100,N,N,NASDAQ,,,,,,
ACRS,"Aclaris Therapeutics, Inc. - Common Stock",Q,N,N,100,N,N,NASDAQ,,,,,,
ACRV,"Acrivon Therapeutics, Inc. - Common Stock",G,N,N,100,N,N,NASDAQ,,,,,,
ACT,"Enact Holdings, Inc. - Common Stock",Q,N,N,100,N,N,NASDAQ,,,,,,
ACTG,Acacia Research Corporation - Common Stock,Q,N,N,100,N,N,NASDAQ,,,,,,
ACXP,"Acurx Pharmaceuticals, Inc. - Common Stock",S,N,N,100,N,N,NASDAQ,,,,,,
ADAM,"Adamas Trust, Inc. - Common Stock",Q,N,N,100,N,N,NASDAQ,,,,,,
ADBE,Adobe Inc. - Common Stock,Q,N,N,100,N,N,NASDAQ,,,,,,
ADEA,Adeia Inc.  - Common Stock,Q,N,N,100,N,N,NASDAQ,,,,,,
ADGM,"Adagio Medical Holdings, Inc - Common Stock",S,N,D,100,N,N,NASDAQ,,,,,,
ADI,"Analog Devices, Inc. - Common Stock",Q,N,N,100,N,N,NASDAQ,,,,,,
ADIL,"Adial Pharmaceuticals, Inc - Common Stock",S,N,D,100,N,N,NASDAQ,,,,,,
ADMA,ADMA Biologics Inc - Common Stock,G,N,N,100,N,N,NASDAQ,,,,,,
ADN,"Advent Technologies Holdings, Inc. - Class A Common Stock",S,N,D,100,N,N,NASDAQ,,,,,,
ADP,"Automatic Data Processing, Inc. - Common Stock",Q,N,N,100,N,N,NASDAQ,,,,,,
ADPT,Adaptive Biotechnologies Corporation - Common Stock,Q,N,N,100,N,N,NASDAQ,,,,,,
ADSE,ADS-TEC ENERGY PLC - Ordinary Shares,S,N,N,100,N,N,NASDAQ,,,,,,
ADSK,"Autodesk, Inc. - Common Stock",Q,N,N,100,N,N,NASDAQ,,,,,,
ADTN,"ADTRAN Holdings, Inc. - Common Stock",Q,N,N,100,N,N,NASDAQ,,,,,,
ADTX,"Aditxt, Inc. - Common Stock",S,N,N,100,N,N,NASDAQ,,,,,,
ADUS,Addus HomeCare Corporation - Common Stock,Q,N,N,100,N,N,NASDAQ,,,,,,
ADV,Advantage Solutions Inc.  - Class A Common Stock,Q,N,N,100,N,N,NASDAQ,,,,,,
ADVB,Advanced Biomed Inc. - Common Stock,S,N,D,100,N,N,NASDAQ,,,,,,
ADVM,"Adverum Biotechnologies, Inc. - Common Stock",S,N,N,100,N,N,NASDAQ,,,,,,
AEBI,Aebi Schmidt Holding AG - Common Stock,Q,N,N,100,N,N,NASDAQ,,,,,,
AEC,Anfield Energy Inc. - Common Shares,S,N,N,100,N,N,NASDAQ,,,,,,
AEHL,Antelope Enterprise Holdings Limited - Class A Ordinary Shares,S,N,N,100,N,N,NASDAQ,,,,,,
AEI,Alset Inc. - Common Stock,S,N,N,100,N,N,NASDAQ,,,,,,
AEIS,"Advanced Energy Industries, Inc. - Common Stock",Q,N,N,100,N,N,NASDAQ,,,,,,
AEMD,"Aethlon Medical, Inc. - Common Stock",S,N,D,100,N,N,NASDAQ,,,,,,
AENT,Alliance Entertainment Holding Corporation - common stock,S,N,N,100,N,N,NASDAQ,,,,,,
AEP,"American Electric Power Company, Inc. - Common Stock",Q,N,N,100,N,N,NASDAQ,,,,,,
AERT,"Aeries Technology, Inc. - Class A Ordinary Share",S,N,D,100,N,N,NASDAQ,,,,,,
AEVA,"Aeva Technologies, Inc. - Common Stock",Q,N,N,100,N,N,NASDAQ,,,,,,
AEYE,"AudioEye, Inc. - Common Stock",S,N,N,100,N,N,NASDAQ,,,,,,
AFBI,"Affinity Bancshares, Inc. - Common Stock",S,N,N,100,N,N,NASDAQ,,,,,,
AFCG,Advanced Flower Capital Inc. - Common Stock,G,N,N,100,N,N,NASDAQ,,,,,,
AFRI,Forafric Global PLC - Ordinary Shares,S,N,N,100,N,N,NASDAQ,,,,,,
AFRM,"Affirm Holdings, Inc. - Class A Common Stock",Q,N,N,100,N,N,NASDAQ,,,,,,
AFYA,Afya Limited - Class A Common Shares,Q,N,N,100,N,N,NASDAQ,,,,,,
AGAE,Allied Gaming & Entertainment Inc. - Common Stock,S,N,N,100,N,N,NASDAQ,,,,,,
AGCC,Agencia Comercial Spirits Ltd - Class A Ordinary Share,S,N,N,100,N,N,NASDAQ,,,,,,
AGEN,Agenus Inc. - Common Stock,S,N,N,100,N,N,NASDAQ,,,,,,
AGH,Aureus Greenway Holdings Inc. - Common Stock,S,N,N,100,N,N,NASDAQ,,,,,,
AGIO,"Agios Pharmaceuticals, Inc. - Common Stock",Q,N,N,100,N,N,NASDAQ,,,,,,
AGMH,AGM Group Holdings Inc. - Class A Ordinary Shares,S,N,N,100,N,N,NASDAQ,,,,,,
AGNC,AGNC Investment Corp. - Common Stock,Q,N,N,100,N,N,NASDAQ,,,,,,
AGRI,AgriFORCE  Growing Systems Ltd. - Common Shares,S,N,N,100,N,N,NASDAQ,,,,,,
AGRZ,Agroz Inc. - Ordinary Shares,S,N,N,100,N,N,NASDAQ,,,,,,
AGYS,"Agilysys, Inc. - Common Stock",Q,N,N,100,N,N,NASDAQ,,,,,,
AHCO,AdaptHealth Corp.  - Common Stock,S,N,N,100,N,N,NASDAQ,,,,,,
AHMA,Ambitions Enterprise Management Co. L.L.C - Class A Ordinary Shares,S,N,N,100,N,N,NASDAQ,,,,,,
AIFF,"Firefly Neuroscience, Inc.  - Common Stock",S,N,N,100,N,N,NASDAQ,,,,,,
AIHS,Senmiao Technology Limited - Common Stock,S,N,N,100,N,N,NASDAQ,,,,,,
AIIO,Robo.ai Inc. - Class B Ordinary Shares,S,N,N,100,N,N,NASDAQ,,,,,,
AIMD,"Ainos, Inc. - Common Stock",S,N,N,100,N,N,NASDAQ,,,,,,
AIOT,"PowerFleet, Inc. - Common Stock",G,N,N,100,N,N,NASDAQ,,,,,,
AIP,"Arteris, Inc.  - Common Stock",G,N,N,100,N,N,NASDAQ,,,,,,
AIRE,reAlpha Tech Corp. - Common Stock,S,N,D,100,N,N,NASDAQ,,,,,,
AIRG,"Airgain, Inc. - Common Stock",S,N,N,100,N,N,NASDAQ,,,,,,
AIRJ,AirJoule Technologies Corporation - Class A Common Stock,S,N,N,100,N,N,NASDAQ,,,,,,
AIRO,"AIRO Group Holdings, Inc. - Common Stock",G,N,N,100,N,N,NASDAQ,,,,,,
AIRS,"AirSculpt Technologies, Inc. - Common Stock",G,N,N,100,N,N,NASDAQ,,,,,,
AIRT,"Air T, Inc. - Common Stock",S,N,N,100,N,N,NASDAQ,,,,,,
AISP,"Airship AI Holdings, Inc - Class A Common Stock",G,N,N,100,N,N,NASDAQ,,,,,,
AKAM,"Akamai Technologies, Inc. - Common Stock",Q,N,N,100,N,N,NASDAQ,,,,,,
AKAN,Akanda Corp. - Common Shares,S,N,N,100,N,N,NASDAQ,,,,,,
AKBA,"Akebia Therapeutics, Inc. - Common Stock",S,N,N,100,N,N,NASDAQ,,,,,,
AKRO,"Akero Therapeutics, Inc. - Common Stock",Q,N,N,100,N,N,NASDAQ,,,,,,
ALAB,"Astera Labs, Inc. - Common Stock",Q,N,N,100,N,N,NASDAQ,,,,,,
ALBT,Avalon GloboCare Corp. - Common Stock,S,N,D,100,N,N,NASDAQ,,,,,,
ALCO,"Alico, Inc. - Common Stock",Q,N,N,100,N,N,NASDAQ,,,,,,
ALCY,Alchemy Investments Acquisition Corp 1 - Class A Ordinary Shares,S,N,N,100,N,N,NASDAQ,,,,,,
ALDF,Aldel Financial II Inc. - Class A Ordinary Shares,G,N,N,100,N,N,NASDAQ,,,,,,
ALDX,"Aldeyra Therapeutics, Inc. - Common Stock",S,N,N,100,N,N,NASDAQ,,,,,,
ALEC,"Alector, Inc. - Common Stock",Q,N,N,100,N,N,NASDAQ,,,,,,
ALF,Centurion Acquisition Corp. - Class A Ordinary Shares,G,N,N,100,N,N,NASDAQ,,,,,,
ALGM,"Allegro MicroSystems, Inc. - Common Stock",Q,N,N,100,N,N,NASDAQ,,,,,,
ALGN,"Align Technology, Inc. - Common Stock",Q,N,N,100,N,N,NASDAQ,,,,,,
ALGS,"Aligos Therapeutics, Inc. - Common stock",S,N,N,100,N,N,NASDAQ,,,,,,
ALGT,Allegiant Travel Company - Common Stock,Q,N,N,100,N,N,NASDAQ,,,,,,
ALHC,"Alignment Healthcare, Inc. - Common Stock",Q,N,N,100,N,N,NASDAQ,,,,,,
ALKS,Alkermes plc - Ordinary Shares,Q,N,N,100,N,N,NASDAQ,,,,,,
ALKT,"Alkami Technology, Inc. - Common Stock",Q,N,N,100,N,N,NASDAQ,,,,,,
ALLO,"Allogene Therapeutics, Inc. - Common Stock",Q,N,N,100,N,N,NASDAQ,,,,,,
ALLT,Allot Ltd. - Ordinary Shares,Q,N,N,100,N,N,NASDAQ,,,,,,
ALM,Almonty Industries Inc. - Common Shares,S,N,N,100,N,N,NASDAQ,,,,,,
ALMS,Alumis Inc. - Common Stock,Q,N,N,100,N,N,NASDAQ,,,,,,
ALNT,Allient Inc. - Common Stock,G,N,N,100,N,N,NASDAQ,,,,,,
ALNY,"Alnylam Pharmaceuticals, Inc. - Common Stock",Q,N,N,100,N,N,NASDAQ,,,,,,
ALOT,"AstroNova, Inc. - Common Stock",G,N,N,100,N,N,NASDAQ,,,,,,
ALRM,"Alarm.com Holdings, Inc. - Common Stock",Q,N,N,100,N,N,NASDAQ,,,,,,
ALRS,Alerus Financial Corporation - Common Stock,S,N,N,100,N,N,NASDAQ,,,,,,
ALT,"Altimmune, Inc. - Common Stock",G,N,N,100,N,N,NASDAQ,,,,,,
ALTI,"AlTi Global, Inc. - Class A Common Stock",S,N,N,100,N,N,NASDAQ,,,,,,
ALTO,"Alto Ingredients, Inc. - Common Stock",S,N,N,100,N,N,NASDAQ,,,,,,
ALTS,ALT5 Sigma Corporation - Common Stock,S,N,N,100,N,N,NASDAQ,,,,,,
ALVO,Alvotech - Ordinary Shares,G,N,N,100,N,N,NASDAQ,,,,,,
ALXO,ALX Oncology Holdings Inc. - Common Stock,Q,N,N,100,N,N,NASDAQ,,,,,,
ALZN,"Alzamend Neuro, Inc. - Common Stock",S,N,N,100,N,N,NASDAQ,,,,,,
AMAL,Amalgamated Financial Corp. - Common Stock,G,N,N,100,N,N,NASDAQ,,,,,,
AMAT,"Applied Materials, Inc. - Common Stock",Q,N,N,100,N,N,NASDAQ,,,,,,
AMBA,"Ambarella, Inc. - Ordinary Shares",Q,N,N,100,N,N,NASDAQ,,,,,,
AMCX,AMC Networks Inc. - Class A Common Stock,Q,N,N,100,N,N,NASDAQ,,,,,,
AMD,"Advanced Micro Devices, Inc. - Common Stock",Q,N,N,100,N,N,NASDAQ,,,,,,
AMGN,Amgen Inc. - Common Stock,Q,N,N,100,N,N,NASDAQ,,,,,,
AMIX,"Autonomix Medical, Inc. - Common Stock",S,N,N,100,N,N,NASDAQ,,,,,,
AMLX,"Amylyx Pharmaceuticals, Inc. - Common Stock",Q,N,N,100,N,N,NASDAQ,,,,,,
AMOD,"Alpha Modus Holdings, Inc. - Class A Common Stock",S,N,N,100,N,N,NASDAQ,,,,,,
AMPG,"Amplitech Group, Inc. - Common Stock",S,N,N,100,N,N,NASDAQ,,,,,,
AMPH,"Amphastar Pharmaceuticals, Inc. - Common Stock",Q,N,N,100,N,N,NASDAQ,,,,,,
AMPL,"Amplitude, Inc. - Class A Common Stock",S,N,N,100,N,N,NASDAQ,,,,,,
AMRK,"A-Mark Precious Metals, Inc. - Common Stock",Q,N,N,100,N,N,NASDAQ,,,,,,
AMRX,"Amneal Pharmaceuticals, Inc. - Class A Common Stock",Q,N,N,100,N,N,NASDAQ,,,,,,
AMSC,American Superconductor Corporation - Common Stock,Q,N,N,100,N,N,NASDAQ,,,,,,
AMSF,"AMERISAFE, Inc. - Common Stock",Q,N,N,100,N,N,NASDAQ,,,,,,
AMST,Amesite Inc. - Common Stock,S,N,N,100,N,N,NASDAQ,,,,,,
AMTX,"Aemetis, Inc - Common Stock",G,N,N,100,N,N,NASDAQ,,,,,,
AMWD,American Woodmark Corporation - Common Stock,Q,N,N,100,N,N,NASDAQ,,,,,,
AMZN,"Amazon.com, Inc. - Common Stock",Q,N,N,100,N,N,NASDAQ,,,,,,
ANAB,"AnaptysBio, Inc. - Common Stock",Q,N,N,100,N,N,NASDAQ,,,,,,
ANDE,"The Andersons, Inc. - Common Stock",Q,N,N,100,N,N,NASDAQ,,,,,,
ANEB,"Anebulo Pharmaceuticals, Inc. - Common Stock",S,N,N,100,N,N,NASDAQ,,,,,,
ANGH,Anghami Inc. - Ordinary Shares,S,N,N,100,N,N,NASDAQ,,,,,,
ANGI,Angi Inc. - Class A Common Stock,Q,N,N,100,N,N,NASDAQ,,,,,,
ANGO,"AngioDynamics, Inc. - Common Stock",Q,N,N,100,N,N,NASDAQ,,,,,,
ANIK,Anika Therapeutics Inc. - Common Stock,Q,N,N,100,N,N,NASDAQ,,,,,,
ANIP,"ANI Pharmaceuticals, Inc. - Common Stock",G,N,N,100,N,N,NASDAQ,,,,,,
ANIX,"Anixa Biosciences, Inc. - Common Stock",S,N,N,100,N,N,NASDAQ,,,,,,
ANNA,"AleAnna, Inc. - Class A Common Stock",S,N,N,100,N,N,NASDAQ,,,,,,
ANNX,"Annexon, Inc. - common stock",Q,N,N,100,N,N,NASDAQ,,,,,,
ANPA,Rich Sparkle Holdings Limited - Ordinary Shares,S,N,N,100,N,N,NASDAQ,,,,,,
ANSC,Agriculture & Natural Solutions Acquisition Corporation - Class A Ordinary Shares,G,N,N,100,N,N,NASDAQ,,,,,,
ANTA,Antalpha Platform Holding Company - Class A Ordinary Shares,G,N,N,100,N,N,NASDAQ,,,,,,
ANTX,"AN2 Therapeutics, Inc. - Common Stock",Q,N,N,100,N,N,NASDAQ,,,,,,
ANY,Sphere 3D Corp. - Common Shares,S,N,D,100,N,N,NASDAQ,,,,,,
AOSL,Alpha and Omega Semiconductor Limited - Common Shares,Q,N,N,100,N,N,NASDAQ,,,,,,
AOUT,"American Outdoor Brands, Inc. - Common Stock",Q,N,N,100,N,N,NASDAQ,,,,,,
APA,APA Corporation - Common Stock,Q,N,N,100,N,N,NASDAQ,,,,,,
APAD,A Paradise Acquisition Corp. - Class A Ordinary Shares,G,N,N,100,N,N,NASDAQ,,,,,,
APEI,"American Public Education, Inc. - Common Stock",Q,N,N,100,N,N,NASDAQ,,,,,,
APGE,"Apogee Therapeutics, Inc. - Common Stock",G,N,N,100,N,N,NASDAQ,,,,,,
APLD,Applied Digital Corporation - Common Stock,Q,N,N,100,N,N,NASDAQ,,,,,,
APLM,Apollomics Inc. - Class A Ordinary Shares,S,N,N,100,N,N,NASDAQ,,,,,,
APLS,"Apellis Pharmaceuticals, Inc. - Common Stock",Q,N,N,100,N,N,NASDAQ,,,,,,
APLT,"Applied Therapeutics, Inc. - Common Stock",S,N,D,100,N,N,NASDAQ,,,,,,
APM,Aptorum Group Limited - Class A Ordinary Shares,S,N,N,100,N,N,NASDAQ,,,,,,
APOG,"Apogee Enterprises, Inc. - Common Stock",Q,N,N,100,N,N,NASDAQ,,,,,,
APP,Applovin Corporation - Class A Common Stock,Q,N,N,100,N,N,NASDAQ,,,,,,
APPF,"AppFolio, Inc. - Class A Common Stock",G,N,N,100,N,N,NASDAQ,,,,,,
APPN,Appian Corporation - Class A Common Stock,G,N,N,100,N,N,NASDAQ,,,,,,
APPS,"Digital Turbine, Inc. - Common Stock",S,N,N,100,N,N,NASDAQ,,,,,,
APRE,"Aprea Therapeutics, Inc. - Common Stock",S,N,N,100,N,N,NASDAQ,,,,,,
APVO,Aptevo Therapeutics Inc. - Common Stock,S,N,N,100,N,N,NASDAQ,,,,,,
APWC,"Asia Pacific Wire & Cable Corporation Limited  - Common shares, Par value .01 per share",S,N,N,100,N,N,NASDAQ,,,,,,
APYX,Apyx Medical Corporation - Common Stock,Q,N,N,100,N,N,NASDAQ,,,,,,
AQB,"AquaBounty Technologies, Inc. - Common Stock",S,N,N,100,N,N,NASDAQ,,,,,,
AQMS,"Aqua Metals, Inc. - Common Stock",S,N,N,100,N,N,NASDAQ,,,,,,
AQST,"Aquestive Therapeutics, Inc. - Common Stock",G,N,N,100,N,N,NASDAQ,,,,,,
ARAI,Arrive AI Inc. - Common Stock,G,N,N,100,N,N,NASDAQ,,,,,,
ARAY,Accuray Incorporated - Common Stock,Q,N,N,100,N,N,NASDAQ,,,,,,
ARBB,ARB IOT Group Limited - Ordinary Shares,S,N,N,100,N,N,NASDAQ,,,,,,
ARBE,Arbe Robotics Ltd. - Ordinary Shares,S,N,N,100,N,N,NASDAQ,,,,,,
ARCB,ArcBest Corporation - Common Stock,Q,N,N,100,N,N,NASDAQ,,,,,,
ARCT,Arcturus Therapeutics Holdings Inc. - Common Stock,G,N,N,100,N,N,NASDAQ,,,,,,
ARDX,"Ardelyx, Inc. - Common Stock",G,N,N,100,N,N,NASDAQ,,,,,,
AREB,"American Rebel Holdings, Inc. - Common Stock",S,N,D,100,N,N,NASDAQ,,,,,,
AREC,American Resources Corporation - Class A Common Stock,S,N,N,100,N,N,NASDAQ,,,,,,
ARHS,"Arhaus, Inc. - Class A Common Stock",Q,N,N,100,N,N,NASDAQ,,,,,,
ARKO,ARKO Corp. - Common Stock,S,N,N,100,N,N,NASDAQ,,,,,,
ARQ,"Arq, Inc. - Common Stock",G,N,N,100,N,N,NASDAQ,,,,,,
ARQQ,Arqit Quantum Inc. - Ordinary Shares,S,N,N,100,N,N,NASDAQ,,,,,,
ARQT,"Arcutis Biotherapeutics, Inc. - Common stock",Q,N,N,100,N,N,NASDAQ,,,,,,
ARRY,"Array Technologies, Inc. - Common Stock",G,N,N,100,N,N,NASDAQ,,,,,,
ARTL,"Artelo Biosciences, Inc. - Common Stock",S,N,D,100,N,N,NASDAQ,,,,,,
ARTNA,Artesian Resources Corporation - Class A Non-Voting Common Stock,Q,N,N,100,N,N,NASDAQ,,,,,,
ARTV,"Artiva Biotherapeutics, Inc. - Common Stock",G,N,N,100,N,N,NASDAQ,,,,,,
ARVN,"Arvinas, Inc. - Common Stock",Q,N,N,100,N,N,NASDAQ,,,,,,
ASBP,"Aspire Biopharma Holdings, Inc.  - Common Stock",G,N,D,100,N,N,NASDAQ,,,,,,
ASLE,AerSale Corporation - Common Stock,S,N,N,100,N,N,NASDAQ,,,,,,
ASMB,"Assembly Biosciences, Inc. - Common Stock",Q,N,N,100,N,N,NASDAQ,,,,,,
ASNS,"Actelis Networks, Inc. - Common Stock",S,N,D,100,N,N,NASDAQ,,,,,,
ASO,"Academy Sports and Outdoors, Inc. - Common Stock",Q,N,N,100,N,N,NASDAQ,,,,,,
ASPC,A SPAC III Acquisition Corp. - Class A Ordinary Shares,S,N,N,100,N,N,NASDAQ,,,,,,
ASPI,ASP Isotopes Inc. - Common Stock,S,N,N,100,N,N,NASDAQ,,,,,,
ASPS,Altisource Portfolio Solutions S.A. - Common Stock,Q,N,N,100,N,N,NASDAQ,,,,,,
ASRT,"Assertio Holdings, Inc. - Common Stock",S,N,D,100,N,N,NASDAQ,,,,,,
ASRV,AmeriServ Financial Inc. - Common Stock,G,N,N,100,N,N,NASDAQ,,,,,,
ASST,"Strive, Inc. - Class A Common Stock",G,N,N,100,N,N,NASDAQ,,,,,,
ASTC,Astrotech Corporation - Common Stock,S,N,N,100,N,N,NASDAQ,,,,,,
ASTE,"Astec Industries, Inc. - Common Stock",Q,N,N,100,N,N,NASDAQ,,,,,,
ASTH,Astrana Health Inc. - Common Stock,S,N,N,100,N,N,NASDAQ,,,,,,
ASTI,"Ascent Solar Technologies, Inc - Common Stock",S,N,N,100,N,N,NASDAQ,,,,,,
ASTL,Algoma Steel Group Inc. - Common Shares,G,N,N,100,N,N,NASDAQ,,,,,,
ASTS,"AST SpaceMobile, Inc. - Class A Common Stock",Q,N,N,100,N,N,NASDAQ,,,,,,
ASYS,"Amtech Systems, Inc. - Common Stock",Q,N,N,100,N,N,NASDAQ,,,,,,
ATAI,ATAI Life Sciences N.V. - Common Shares,G,N,N,100,N,N,NASDAQ,,,,,,
ATEC,"Alphatec Holdings, Inc. - Common Stock",Q,N,N,100,N,N,NASDAQ,,,,,,
ATEX,Anterix Inc. - Common Stock,S,N,N,100,N,N,NASDAQ,,,,,,
ATGL,Alpha Technology Group Limited - Class A Ordinary Shares,S,N,N,100,N,N,NASDAQ,,,,,,
ATHA,"Athira Pharma, Inc. - Common Stock",S,N,N,100,N,N,NASDAQ,,,,,,
ATII,Archimedes Tech SPAC Partners II Co. - Ordinary Shares,G,N,N,100,N,N,NASDAQ,,,,,,
ATLC,Atlanticus Holdings Corporation - Common Stock,Q,N,N,100,N,N,NASDAQ,,,,,,
ATLN,Atlantic International Corp. - Common Stock,G,N,N,100,N,N,NASDAQ,,,,,,
ATLO,Ames National Corporation - Common Stock,S,N,N,100,N,N,NASDAQ,,,,,,
ATLX,Atlas Lithium Corporation - Common Stock,S,N,N,100,N,N,NASDAQ,,,,,,
ATMC,AlphaTime Acquisition Corp - Ordinary Shares,S,N,N,100,N,N,NASDAQ,,,,,,
ATMV,AlphaVest Acquisition Corp - Ordinary Shares,S,N,N,100,N,N,NASDAQ,,,,,,
ATNI,"ATN International, Inc. - Common Stock",Q,N,N,100,N,N,NASDAQ,,,,,,
ATOM,Atomera Incorporated - Common Stock,S,N,N,100,N,N,NASDAQ,,,,,,
ATON,AlphaTON Capital Corp. - Common Stock,S,N,N,100,N,N,NASDAQ,,,,,,
ATOS,"Atossa Therapeutics, Inc. - Common Stock",S,N,D,100,N,N,NASDAQ,,,,,,
ATPC,Agape ATP Corporation - Common Stock,S,N,N,100,N,N,NASDAQ,,,,,,
ATRA,"Atara Biotherapeutics, Inc. - Common Stock",Q,N,N,100,N,N,NASDAQ,,,,,,
ATRC,"AtriCure, Inc. - Common Stock",G,N,N,100,N,N,NASDAQ,,,,,,
ATRO,Astronics Corporation - Common Stock,Q,N,N,100,N,N,NASDAQ,,,,,,
ATXG,Addentax Group Corp. - Common Stock,S,N,N,100,N,N,NASDAQ,,,,,,
ATXS,"Astria Therapeutics, Inc. - Common Stock",G,N,N,100,N,N,NASDAQ,,,,,,
AUBN,"Auburn National Bancorporation, Inc. - Common Stock",G,N,N,100,N,N,NASDAQ,,,,,,
AUDC,AudioCodes Ltd. - Ordinary Shares,Q,N,N,100,N,N,NASDAQ,,,,,,
AUGO,Aura Minerals Inc. - Common Shares,Q,N,N,100,N,N,NASDAQ,,,,,,
AUID,authID Inc. - Common Stock,S,N,N,100,N,N,NASDAQ,,,,,,
AUPH,Aurinia Pharmaceuticals Inc - Common Shares,G,N,N,100,N,N,NASDAQ,,,,,,
AUR,"Aurora Innovation, Inc.  - Class A Common Stock",Q,N,N,100,N,N,NASDAQ,,,,,,
AURA,"Aura Biosciences, Inc. - Common Stock",G,N,N,100,N,N,NASDAQ,,,,,,
AURE,Prestige Wealth Inc. - Class A Ordinary Shares,S,N,D,100,N,N,NASDAQ,,,,,,
AUUD,Auddia Inc. - Common Stock,S,N,N,100,N,N,NASDAQ,,,,,,
AVAH,Aveanna Healthcare Holdings Inc. - Common Stock,Q,N,N,100,N,N,NASDAQ,,,,,,
AVAV,"AeroVironment, Inc. - Common Stock",Q,N,N,100,N,N,NASDAQ,,,,,,
AVBH,"Avidbank Holdings, Inc. - Common Stock",Q,N,N,100,N,N,NASDAQ,,,,,,
AVBP,"ArriVent BioPharma, Inc. - Common Stock",G,N,N,100,N,N,NASDAQ,,,,,,
AVGO,Broadcom Inc. - Common Stock,Q,N,N,100,N,N,NASDAQ,,,,,,
AVO,"Mission Produce, Inc. - Common Stock",Q,N,N,100,N,N,NASDAQ,,,,,,
AVPT,"AvePoint, Inc. - Class A Common Stock",Q,N,N,100,N,N,NASDAQ,,,,,,
AVR,Anteris Technologies Global Corp. - Common Stock,G,N,N,100,N,N,NASDAQ,,,,,,
AVT,"Avnet, Inc. - Common Stock",Q,N,N,100,N,N,NASDAQ,,,,,,
AVTX,"Avalo Therapeutics, Inc. - Common Stock",S,N,N,100,N,N,NASDAQ,,,,,,
AVXL,Anavex Life Sciences Corp. - Common Stock,Q,N,N,100,N,N,NASDAQ,,,,,,
AWRE,"Aware, Inc. - Common Stock",G,N,N,100,N,N,NASDAQ,,,,,,
AXG,Solowin Holdings - Class A Ordinary Share,S,N,N,100,N,N,NASDAQ,,,,,,
AXGN,"Axogen, Inc. - Common Stock",S,N,N,100,N,N,NASDAQ,,,,,,
AXIN,Axiom Intelligence Acquisition Corp 1 - Class A Ordinary Shares,G,N,N,100,N,N,NASDAQ,,,,,,
AXON,"Axon Enterprise, Inc. - Common Stock",Q,N,N,100,N,N,NASDAQ,,,,,,
AXSM,"Axsome Therapeutics, Inc. - Common Stock",G,N,N,100,N,N,NASDAQ,,,,,,
AXTI,AXT Inc - Common Stock,Q,N,D,100,N,N,NASDAQ,,,,,,
AZ,A2Z Cust2Mate Solutions Corp. - Common Shares,S,N,N,100,N,N,NASDAQ,,,,,,
AZI,Autozi Internet Technology (Global) Ltd. - Class A Ordinary Shares,G,N,D,100,N,N,NASDAQ,,,,,,
AZTA,"Azenta, Inc. - Common Stock",Q,N,N,100,N,N,NASDAQ,,,,,,
BACC,Blue Acquisition Corp. - Class A Ordinary Shares,G,N,N,100,N,N,NASDAQ,,,,,,
BACQ,Bleichroeder Acquisition Corp. I - Class A Ordinary Shares,G,N,N,100,N,N,NASDAQ,,,,,,
BAFN,BayFirst Financial Corp. - Common Stock,S,N,N,100,N,N,NASDAQ,,,,,,
BAND,Bandwidth Inc. - Class A Common Stock,Q,N,N,100,N,N,NASDAQ,,,,,,
BANF,BancFirst Corporation - Common Stock,Q,N,N,100,N,N,NASDAQ,,,,,,
BANL,CBL International Limited - Ordinary Shares,S,N,D,100,N,N,NASDAQ,,,,,,
BAOS,Baosheng Media Group Holdings Limited - Ordinary shares,S,N,N,100,N,N,NASDAQ,,,,,,
BATRA,"Atlanta Braves Holdings, Inc. - Series A Common Stock",Q,N,N,100,N,N,NASDAQ,,,,,,
BATRK,"Atlanta Braves Holdings, Inc. - Series C Common Stock",Q,N,N,100,N,N,NASDAQ,,,,,,
BBCP,"Concrete Pumping Holdings, Inc.  - Common Stock",S,N,N,100,N,N,NASDAQ,,,,,,
BBGI,"Beasley Broadcast Group, Inc. - Class A Common Stock",S,N,N,100,N,N,NASDAQ,,,,,,
BBIO,"BridgeBio Pharma, Inc. - Common Stock",Q,N,N,100,N,N,NASDAQ,,,,,,
BBLG,Bone Biologics Corp - Common Stock,S,N,N,100,N,N,NASDAQ,,,,,,
BBNX,"Beta Bionics, Inc. - Common Stock",G,N,N,100,N,N,NASDAQ,,,,,,
BBOT,"BridgeBio Oncology Therapeutics, Inc. - Common Stock",G,N,N,100,N,N,NASDAQ,,,,,,
BBSI,"Barrett Business Services, Inc. - Common Stock",Q,N,N,100,N,N,NASDAQ,,,,,,
BCAB,"BioAtla, Inc. - Common Stock",S,N,D,100,N,N,NASDAQ,,,,,,
BCAL,California BanCorp - Common Stock,S,N,N,100,N,N,NASDAQ,,,,,,
BCAX,Bicara Therapeutics Inc. - Common Stock,G,N,N,100,N,N,NASDAQ,,,,,,
BCBP,"BCB Bancorp, Inc. (NJ) - Common Stock",G,N,N,100,N,N,NASDAQ,,,,,,
BCDA,"BioCardia, Inc. - Common Stock",S,N,N,100,N,N,NASDAQ,,,,,,
BCG,"Binah Capital Group, Inc. - Common Stock",G,N,N,100,N,N,NASDAQ,,,,,,
BCML,BayCom Corp - Common Stock,Q,N,N,100,N,N,NASDAQ,,,,,,
BCPC,Balchem Corporation - Common Stock,Q,N,N,100,N,N,NASDAQ,,,,,,
BCRX,"BioCryst Pharmaceuticals, Inc. - Common Stock",Q,N,N,100,N,N,NASDAQ,,,,,,
BCTX,BriaCell Therapeutics Corp. - Common Shares,S,N,N,100,N,N,NASDAQ,,,,,,
BDCI,BTC Development Corp. - Class A Ordinary Shares,G,N,N,100,N,N,NASDAQ,,,,,,
BDSX,"Biodesix, Inc. - Common Stock",G,N,N,100,N,N,NASDAQ,,,,,,
BDTX,"Black Diamond Therapeutics, Inc. - Common Stock",Q,N,N,100,N,N,NASDAQ,,,,,,
BEAG,Bold Eagle Acquisition Corp. - Class A Ordinary Shares,G,N,N,100,N,N,NASDAQ,,,,,,
BEAM,Beam Therapeutics Inc. - Common Stock,Q,N,N,100,N,N,NASDAQ,,,,,,
BEAT,"Heartbeam, Inc. - Common Stock",S,N,N,100,N,N,NASDAQ,,,,,,
BEEM,Beam Global - Common Stock,S,N,N,100,N,N,NASDAQ,,,,,,
BEEP,Mobile Infrastructure Corporation - Common Stock,G,N,N,100,N,N,NASDAQ,,,,,,
BELFA,Bel Fuse Inc. - Class A Common Stock,Q,N,N,100,N,N,NASDAQ,,,,,,
BELFB,Bel Fuse Inc. - Class B Common Stock,Q,N,N,100,N,N,NASDAQ,,,,,,
BENF,Beneficient - Class A Common Stock,S,N,H,100,N,N,NASDAQ,,,,,,
BFC,Bank First Corporation - Common Stock,S,N,N,100,N,N,NASDAQ,,,,,,
BFIN,BankFinancial Corporation - Common Stock,Q,N,N,100,N,N,NASDAQ,,,,,,
BFRG,"Bullfrog AI Holdings, Inc. - Common Stock",S,N,D,100,N,N,NASDAQ,,,,,,
BFRI,Biofrontera Inc. - Common Stock,S,N,D,100,N,N,NASDAQ,,,,,,
BFST,"Business First Bancshares, Inc. - Common Stock",Q,N,N,100,N,N,NASDAQ,,,,,,
BGC,"BGC Group, Inc. - Class A Common Stock",Q,N,N,100,N,N,NASDAQ,,,,,,
BGIN,Bgin Blockchain Limited - Class A Ordinary Shares,G,N,N,100,N,N,NASDAQ,,,,,,
BGL,Blue Gold Limited - Class A ordinary shares,G,N,N,100,N,N,NASDAQ,,,,,,
BGLC,BioNexus Gene Lab Corp - Common stock,S,N,N,100,N,N,NASDAQ,,,,,,
BGM,BGM Group Ltd. - Class A Ordinary Shares,S,N,N,100,N,N,NASDAQ,,,,,,
BGMS,"Bio Green Med Solution, Inc. - Common Stock",S,N,N,100,N,N,NASDAQ,,,,,,
BHAT,Blue Hat Interactive Entertainment Technology - Ordinary Shares,S,N,N,100,N,N,NASDAQ,,,,,,
BHF,"Brighthouse Financial, Inc. - Common Stock",Q,N,N,100,N,N,NASDAQ,,,,,,
BHRB,Burke & Herbert Financial Services Corp. - Common Stock,S,N,N,100,N,N,NASDAQ,,,,,,
BHST,BioHarvest Sciences Inc. - Common Stock,G,N,N,100,N,N,NASDAQ,,,,,,
BIAF,"bioAffinity Technologies, Inc. - Common Stock",S,N,N,100,N,N,NASDAQ,,,,,,
BIIB,Biogen Inc. - Common Stock,Q,N,N,100,N,N,NASDAQ,,,,,,
BIOA,"BioAge Labs, Inc. - Common Stock",Q,N,N,100,N,N,NASDAQ,,,,,,
BIOX,Bioceres Crop Solutions Corp. - Ordinary Shares,Q,N,N,100,N,N,NASDAQ,,,,,,
BIRD,"Allbirds, Inc. - Class A Common Stock",Q,N,N,100,N,N,NASDAQ,,,,,,
BITF,Bitfarms Ltd. - Common Stock,G,N,N,100,N,N,NASDAQ,,,,,,
BIVI,BioVie Inc. - Common stock,S,N,N,100,N,N,NASDAQ,,,,,,
BIYA,Baiya International Group Inc.  - Ordinary Shares,S,N,D,100,N,N,NASDAQ,,,,,,
BJDX,"Bluejay Diagnostics, Inc. - Common Stock",S,N,N,100,N,N,NASDAQ,,,,,,
BJRI,"BJ's Restaurants, Inc. - Common Stock",Q,N,N,100,N,N,NASDAQ,,,,,,
BKHA,Black Hawk Acquisition Corporation - Class A Ordinary Shares,G,N,N,100,N,N,NASDAQ,,,,,,
BKNG,Booking Holdings Inc. - Common Stock,Q,N,N,100,N,N,NASDAQ,,,,,,
BKR,Baker Hughes Company - Common Stock,Q,N,N,100,N,N,NASDAQ,,,,,,
BKYI,"BIO-key International, Inc. - Common Stock",S,N,D,100,N,N,NASDAQ,,,,,,
BL,"BlackLine, Inc. - Common Stock",Q,N,N,100,N,N,NASDAQ,,,,,,
BLBD,Blue Bird Corporation - Common Stock,G,N,N,100,N,N,NASDAQ,,,,,,
BLBX,Blackboxstocks Inc. - Common Stock,S,N,N,100,N,N,NASDAQ,,,,,,
BLDP,"Ballard Power Systems, Inc. - Common Shares",G,N,N,100,N,N,NASDAQ,,,,,,
BLFS,"BioLife Solutions, Inc. - Common Stock",S,N,N,100,N,N,NASDAQ,,,,,,
BLFY,Blue Foundry Bancorp - Common Stock,Q,N,N,100,N,N,NASDAQ,,,,,,
BLIN,"Bridgeline Digital, Inc. - Common Stock",S,N,N,100,N,N,NASDAQ,,,,,,
BLIV,BeLive Holdings - ordinary shares,S,N,N,100,N,N,NASDAQ,,,,,,
BLKB,"Blackbaud, Inc. - Common Stock",Q,N,N,100,N,N,NASDAQ,,,,,,
BLMN,"Bloomin' Brands, Inc. - Common Stock",Q,N,N,100,N,N,NASDAQ,,,,,,
BLMZ,Harrison Global Holdings Inc. - Ordinary Shares,S,N,D,100,N,N,NASDAQ,,,,,,
BLNE,"Beeline Holdings, Inc. - Common Stock",S,N,N,100,N,N,NASDAQ,,,,,,
BLNK,Blink Charging Co. - Common Stock,S,N,N,100,N,N,NASDAQ,,,,,,
BLZE,"Backblaze, Inc. - Common Stock",G,N,N,100,N,N,NASDAQ,,,,,,
BMBL,Bumble Inc. - common stock,Q,N,N,100,N,N,NASDAQ,,,,,,
BMEA,"Biomea Fusion, Inc. - Common Stock",Q,N,N,100,N,N,NASDAQ,,,,,,
BMGL,Basel Medical Group Ltd - ordinary shares,S,N,N,100,N,N,NASDAQ,,,,,,
BMHL,Bluemount Holdings Limited - Class B Ordinary Shares,S,N,N,100,N,N,NASDAQ,,,,,,
BMRA,"Biomerica, Inc. - Common Stock",S,N,N,100,N,N,NASDAQ,,,,,,
BMRC,Bank of Marin Bancorp - Common Stock,S,N,N,100,N,N,NASDAQ,,,,,,
BMRN,BioMarin Pharmaceutical Inc. - Common Stock,Q,N,N,100,N,N,NASDAQ,,,,,,
BNAI,Brand Engagement Network Inc. - Common Stock,S,N,D,100,N,N,NASDAQ,,,,,,
BNBX,"Applied DNA Sciences, Inc. - Common Stock",S,N,N,100,N,N,NASDAQ,,,,,,
BNC,CEA Industries Inc. - Common Stock,S,N,N,100,N,N,NASDAQ,,,,,,
BNGO,"Bionano Genomics, Inc. - Common Stock",S,N,N,100,N,N,NASDAQ,,,,,,
BNKK,"Bonk, Inc. - Common Stock",S,N,D,100,N,N,NASDAQ,,,,,,
BNRG,Brenmiller Energy Ltd - Ordinary Shares,S,N,N,100,N,N,NASDAQ,,,,,,
BNTC,Benitec Biopharma Inc. - Common Stock,S,N,N,100,N,N,NASDAQ,,,,,,
BNZI,"Banzai International, Inc. - Class A Common Stock",S,N,N,100,N,N,NASDAQ,,,,,,
BODI,"The Beachbody Company, Inc. - Class A Common Stock",S,N,N,100,N,N,NASDAQ,,,,,,
BOF,BranchOut Food Inc. - Common Stock,S,N,N,100,N,N,NASDAQ,,,,,,
BOKF,BOK Financial Corporation - Common Stock,Q,N,N,100,N,N,NASDAQ,,,,,,
BOLD,"Boundless Bio, Inc. - Common Stock",Q,N,N,100,N,N,NASDAQ,,,,,,
BOLT,"Bolt Biotherapeutics, Inc. - Common Stock",S,N,N,100,N,N,NASDAQ,,,,,,
BON,Bon Natural Life Limited - Class A Ordinary Shares,S,N,N,100,N,N,NASDAQ,,,,,,
BOOM,DMC Global Inc. - Common Stock,Q,N,N,100,N,N,NASDAQ,,,,,,
BOSC,B.O.S. Better Online Solutions - Ordinary Shares,S,N,N,100,N,N,NASDAQ,,,,,,
BOTJ,"Bank of the James Financial Group, Inc. - Common Stock",S,N,N,100,N,N,NASDAQ,,,,,,
BOWN,Bowen Acquisition Corp - Ordinary Shares,G,N,D,100,N,N,NASDAQ,,,,,,
BOXL,Boxlight Corporation - Class A Common Stock,S,N,N,100,N,N,NASDAQ,,,,,,
BPOP,"Popular, Inc. - Common Stock",Q,N,N,100,N,N,NASDAQ,,,,,,
BPRN,"Princeton Bancorp, Inc. - Common Stock",Q,N,N,100,N,N,NASDAQ,,,,,,
BRAG,Bragg Gaming Group Inc. - Common Shares,Q,N,N,100,N,N,NASDAQ,,,,,,
BRCB,"Black Rock Coffee Bar, Inc. - Class A Common Stock",G,N,N,100,N,N,NASDAQ,,,,,,
BRFH,Barfresh Food Group Inc. - Common Stock,S,N,N,100,N,N,NASDAQ,,,,,,
BRID,Bridgford Foods Corporation - Common Stock,G,N,N,100,N,N,NASDAQ,,,,,,
BRLS,Borealis Foods Inc. - Class A Common Shares,S,N,D,100,N,N,NASDAQ,,,,,,
BRLT,"Brilliant Earth Group, Inc. - Class A Common Stock",G,N,N,100,N,N,NASDAQ,,,,,,
BRR,Columbus Circle Capital Corp I - Class A Ordinary Shares,G,N,N,100,N,N,NASDAQ,,,,,,
BRTX,"BioRestorative Therapies, Inc. - Common Stock",S,N,N,100,N,N,NASDAQ,,,,,,
BRY,Berry Corporation (bry) - Common Stock,Q,N,N,100,N,N,NASDAQ,,,,,,
BRZE,"Braze, Inc. - Class A Common Stock",Q,N,N,100,N,N,NASDAQ,,,,,,
BSAA,BEST SPAC I Acquisition Corp. - Class A Ordinary Shares,S,N,N,100,N,N,NASDAQ,,,,,,
BSBK,Bogota Financial Corp. - Common Stock,S,N,N,100,N,N,NASDAQ,,,,,,
BSET,"Bassett Furniture Industries, Incorporated - Common Stock",Q,N,N,100,N,N,NASDAQ,,,,,,
BSLK,"Bolt Projects Holdings, Inc. - Common Stock",S,N,D,100,N,N,NASDAQ,,,,,,
BSVN,Bank7 Corp. - Common stock,Q,N,N,100,N,N,NASDAQ,,,,,,
BSY,"Bentley Systems, Incorporated - Class B Common Stock",Q,N,N,100,N,N,NASDAQ,,,,,,
BTAI,"BioXcel Therapeutics, Inc. - Common Stock",S,N,N,100,N,N,NASDAQ,,,,,,
BTBD,"BT Brands, Inc. - Common Stock",S,N,N,100,N,N,NASDAQ,,,,,,
BTCS,BTCS Inc. - Common Stock,S,N,N,100,N,N,NASDAQ,,,,,,
BTCT,BTC Digital Ltd. - Ordinary Shares,S,N,N,100,N,N,NASDAQ,,,,,,
BTM,Bitcoin Depot Inc. - Class A Common Stock,S,N,N,100,N,N,NASDAQ,,,,,,
BTMD,Biote Corp. - Class A common stock,G,N,N,100,N,N,NASDAQ,,,,,,
BTOC,Armlogi Holding Corp. - common stock,G,N,N,100,N,N,NASDAQ,,,,,,
BTOG,Bit Origin Limited - Class A Ordinary Shares,S,N,D,100,N,N,NASDAQ,,,,,,
BTQ,BTQ Technologies Corp. - Common Stock,G,N,N,100,N,N,NASDAQ,,,,,,
BTSG,"BrightSpring Health Services, Inc. - Common Stock",Q,N,N,100,N,N,NASDAQ,,,,,,
BTTC,Black Titan Corp - Ordinary Shares,S,N,N,100,N,N,NASDAQ,,,,,,
BULL,Webull Corporation - Class A Ordinary Shares,S,N,N,100,N,N,NASDAQ,,,,,,
BUSE,First Busey Corporation - Common Stock,Q,N,N,100,N,N,NASDAQ,,,,,,
BVFL,"BV Financial, Inc. - Common Stock",S,N,N,100,N,N,NASDAQ,,,,,,
BVS,Bioventus Inc. - Class A Common Stock,Q,N,N,100,N,N,NASDAQ,,,,,,
BWB,"Bridgewater Bancshares, Inc. - Common Stock",S,N,N,100,N,N,NASDAQ,,,,,,
BWEN,"Broadwind, Inc. - Common Stock",S,N,N,100,N,N,NASDAQ,,,,,,
BWFG,"Bankwell Financial Group, Inc. - Common Stock",G,N,N,100,N,N,NASDAQ,,,,,,
BWIN,"The Baldwin Insurance Group, Inc. - Class A Common Stock",Q,N,N,100,N,N,NASDAQ,,,,,,
BWMN,Bowman Consulting Group Ltd. - Common Stock,G,N,N,100,N,N,NASDAQ,,,,,,
BYFC,Broadway Financial Corporation - Class A Common Stock,S,N,E,100,N,N,NASDAQ,,,,,,
BYND,"Beyond Meat, Inc. - Common stock",Q,N,N,100,N,N,NASDAQ,,,,,,
BYRN,"Byrna Technologies, Inc. - Common Stock",S,N,N,100,N,N,NASDAQ,,,,,,
BYSI,"BeyondSpring, Inc. - Ordinary Shares",S,N,N,100,N,N,NASDAQ,,,,,,
BZAI,"Blaize Holdings, Inc. - Common Stock",G,N,N,100,N,N,NASDAQ,,,,,,
BZFD,"BuzzFeed, Inc. - Class A Common Stock",S,N,N,100,N,N,NASDAQ,,,,,,
CABA,"Cabaletta Bio, Inc. - Common Stock",Q,N,N,100,N,N,NASDAQ,,,,,,
CAC,Camden National Corporation - Common Stock,Q,N,N,100,N,N,NASDAQ,,,,,,
CACC,Credit Acceptance Corporation - Common Stock,Q,N,N,100,N,N,NASDAQ,,,,,,
CADL,"Candel Therapeutics, Inc. - Common Stock",G,N,N,100,N,N,NASDAQ,,,,,,
CAEP,"Cantor Equity Partners III, Inc. - Class A Ordinary Shares",G,N,N,100,N,N,NASDAQ,,,,,,
CAI,"Caris Life Sciences, Inc. - Common Stock",Q,N,N,100,N,N,NASDAQ,,,,,,
CAKE,The Cheesecake Factory Incorporated - Common Stock,Q,N,N,100,N,N,NASDAQ,,,,,,
CALC,"CalciMedica, Inc. - Common Stock",S,N,N,100,N,N,NASDAQ,,,,,,
CALM,"Cal-Maine Foods, Inc. - Common Stock",Q,N,N,100,N,N,NASDAQ,,,,,,
CAMP,CAMP4 Therapeutics Corporation - Common Stock,G,N,N,100,N,N,NASDAQ,,,,,,
CAMT,Camtek Ltd. - Ordinary Shares,G,N,N,100,N,N,NASDAQ,,,,,,
CAPN,Cayson Acquisition Corp - Ordinary Shares,G,N,N,100,N,N,NASDAQ,,,,,,
CAPS,Capstone Holding Corp. - Common Stock,S,N,N,100,N,N,NASDAQ,,,,,,
CAPT,Captivision Inc. - Ordinary Shares,G,N,E,100,N,N,NASDAQ,,,,,,
CAR,"Avis Budget Group, Inc. - Common Stock",Q,N,N,100,N,N,NASDAQ,,,,,,
CARE,"Carter Bankshares, Inc. - Common Stock",Q,N,N,100,N,N,NASDAQ,,,,,,
CARG,"CarGurus, Inc. - Class A Common Stock",Q,N,N,100,N,N,NASDAQ,,,,,,
CARL,"Carlsmed, Inc. - Common Stock",Q,N,N,100,N,N,NASDAQ,,,,,,
CART,Maplebear Inc. - Common Stock,Q,N,N,100,N,N,NASDAQ,,,,,,
CARV,"Carver Bancorp, Inc. - Common Stock",S,N,N,100,N,N,NASDAQ,,,,,,
CASH,"Pathward Financial, Inc. - Common Stock",Q,N,N,100,N,N,NASDAQ,,,,,,
CASI,"CASI Pharmaceuticals, Inc. - Ordinary Shares",S,N,D,100,N,N,NASDAQ,,,,,,
CASS,"Cass Information Systems, Inc - Common Stock",Q,N,N,100,N,N,NASDAQ,,,,,,
CASY,"Caseys General Stores, Inc. - Common Stock",Q,N,N,100,N,N,NASDAQ,,,,,,
CATY,Cathay General Bancorp - Common Stock,Q,N,N,100,N,N,NASDAQ,,,,,,
CBAT,"CBAK Energy Technology, Inc. - Common Stock",S,N,D,100,N,N,NASDAQ,,,,,,
CBFV,"CB Financial Services, Inc. - Common Stock",G,N,N,100,N,N,NASDAQ,,,,,,
CBIO,"Crescent Biopharma, Inc. - Common Stock",S,N,N,100,N,N,NASDAQ,,,,,,
CBK,"Commercial Bancgroup, Inc. - Common Stock",S,N,N,100,N,N,NASDAQ,,,,,,
CBLL,"CeriBell, Inc. - Common Stock",Q,N,N,100,N,N,NASDAQ,,,,,,
CBNK,"Capital Bancorp, Inc. - Common Stock",Q,N,N,100,N,N,NASDAQ,,,,,,
CBRL,"Cracker Barrel Old Country Store, Inc. - Common Stock",Q,N,N,100,N,N,NASDAQ,,,,,,
CBSH,"Commerce Bancshares, Inc. - Common Stock",Q,N,N,100,N,N,NASDAQ,,,,,,
CBUS,"Cibus, Inc. - Class A Common Stock",S,N,N,100,N,N,NASDAQ,,,,,,
CCAP,"Crescent Capital BDC, Inc. - Common Stock",G,N,N,100,N,N,NASDAQ,,,,,,
CCB,Coastal Financial Corporation - Common Stock,Q,N,N,100,N,N,NASDAQ,,,,,,
CCBG,Capital City Bank Group - Common Stock,Q,N,N,100,N,N,NASDAQ,,,,,,
CCCC,"C4 Therapeutics, Inc. - Common Stock",Q,N,N,100,N,N,NASDAQ,,,,,,
CCCS,CCC Intelligent Solutions Holdings Inc. - Common Stock,Q,N,N,100,N,N,NASDAQ,,,,,,
CCCX,Churchill Capital Corp X - Class A Ordinary Shares,G,N,N,100,N,N,NASDAQ,,,,,,
CCEP,Coca-Cola Europacific Partners plc - Ordinary Shares,Q,N,N,100,N,N,NASDAQ,,,,,,
CCG,Cheche Group Inc. - Class A Ordinary Shares,S,N,N,100,N,N,NASDAQ,,,,,,
CCHH,CCH Holdings Ltd - Ordinary Shares,S,N,N,100,N,N,NASDAQ,,,,,,
CCII,Cohen Circle Acquisition Corp. II - Class A Ordinary Shares,G,N,N,100,N,N,NASDAQ,,,,,,
CCIX,Churchill Capital Corp IX - Ordinary Shares,G,N,N,100,N,N,NASDAQ,,,,,,
CCLD,"CareCloud, Inc. - Common Stock",G,N,N,100,N,N,NASDAQ,,,,,,
CCNE,CNB Financial Corporation - Common Stock,Q,N,N,100,N,N,NASDAQ,,,,,,
CCOI,"Cogent Communications Holdings, Inc. - Common Stock",Q,N,N,100,N,N,NASDAQ,,,,,,
CCRN,"Cross Country Healthcare, Inc. - Common Stock",Q,N,N,100,N,N,NASDAQ,,,,,,
CCSI,"Consensus Cloud Solutions, Inc. - Common Stock",Q,N,N,100,N,N,NASDAQ,,,,,,
CCTG,CCSC Technology International Holdings Limited - Class A Ordinary Shares,S,N,N,100,N,N,NASDAQ,,,,,,
CDIO,Cardio Diagnostics Holdings Inc. - Common stock,S,N,N,100,N,N,NASDAQ,,,,,,
CDLX,"Cardlytics, Inc. - Common Stock",G,N,N,100,N,N,NASDAQ,,,,,,
CDNA,"CareDx, Inc. - Common Stock",G,N,N,100,N,N,NASDAQ,,,,,,
CDNS,"Cadence Design Systems, Inc. - Common Stock",Q,N,N,100,N,N,NASDAQ,,,,,,
CDRO,"Codere Online Luxembourg, S.A. - Ordinary Shares",S,N,N,100,N,N,NASDAQ,,,,,,
CDT,CDT Equity Inc. - Common Stock,S,N,N,100,N,N,NASDAQ,,,,,,
CDTG,CDT Environmental Technology Investment Holdings Limited - ordinary shares,S,N,D,100,N,N,NASDAQ,,,,,,
CDTX,"Cidara Therapeutics, Inc. - Common Stock",S,N,N,100,N,N,NASDAQ,,,,,,
CDW,CDW Corporation - Common Stock,Q,N,N,100,N,N,NASDAQ,,,,,,
CDXS,"Codexis, Inc. - Common Stock",Q,N,N,100,N,N,NASDAQ,,,,,,
CDZI,"Cadiz, Inc. - Common Stock",G,N,N,100,N,N,NASDAQ,,,,,,
CECO,CECO Environmental Corp. - Common Stock,Q,N,N,100,N,N,NASDAQ,,,,,,
CEG,Constellation Energy Corporation - Common Stock,Q,N,N,100,N,N,NASDAQ,,,,,,
CELC,Celcuity Inc. - Common Stock,S,N,N,100,N,N,NASDAQ,,,,,,
CELH,"Celsius Holdings, Inc. - Common Stock",S,N,N,100,N,N,NASDAQ,,,,,,
CELZ,"Creative Medical Technology Holdings, Inc. - Common Stock",S,N,N,100,N,N,NASDAQ,,,,,,
CENN,Cenntro Inc. - Common Stock,S,N,D,100,N,N,NASDAQ,,,,,,
CENT,Central Garden & Pet Company - Common Stock,Q,N,N,100,N,N,NASDAQ,,,,,,
CENTA,Central Garden & Pet Company - Class A Common Stock Nonvoting,Q,N,N,100,N,N,NASDAQ,,,,,,
CENX,Century Aluminum Company - Common Stock,Q,N,N,100,N,N,NASDAQ,,,,,,
CEP,"Cantor Equity Partners, Inc. - Class A ordinary shares",G,N,N,100,N,N,NASDAQ,,,,,,
CEPF,"Cantor Equity Partners IV, Inc. - Class A Ordinary Shares",G,N,N,100,N,N,NASDAQ,,,,,,
CEPO,"Cantor Equity Partners I, Inc. - Class A Ordinary Shares",G,N,N,100,N,N,NASDAQ,,,,,,
CEPT,"Cantor Equity Partners II, Inc. - Class A ordinary share",G,N,N,100,N,N,NASDAQ,,,,,,
CERO,"CERo Therapeutics Holdings, Inc. - Common Stock",S,N,D,100,N,N,NASDAQ,,,,,,
CERS,Cerus Corporation - Common Stock,G,N,N,100,N,N,NASDAQ,,,,,,
CERT,"Certara, Inc. - Common Stock",Q,N,N,100,N,N,NASDAQ,,,,,,
CETX,Cemtrex Inc. - Common Stock,S,N,N,100,N,N,NASDAQ,,,,,,
CETY,"Clean Energy Technologies, Inc. - Common Stock",S,N,N,100,N,N,NASDAQ,,,,,,
CEVA,"CEVA, Inc. - Common Stock",Q,N,N,100,N,N,NASDAQ,,,,,,
CFBK,CF Bankshares Inc. - Common Stock,S,N,N,100,N,N,NASDAQ,,,,,,
CFFI,C&F Financial Corporation - Common Stock,Q,N,N,100,N,N,NASDAQ,,,,,,
CFFN,"Capitol Federal Financial, Inc. - Common Stock",Q,N,N,100,N,N,NASDAQ,,,,,,
CFLT,"Confluent, Inc. - Class A Common Stock",Q,N,N,100,N,N,NASDAQ,,,,,,
CFSB,"CFSB Bancorp, Inc. - Common Stock",S,N,N,100,N,N,NASDAQ,,,,,,
CG,The Carlyle Group Inc. - Common Stock,Q,N,N,100,N,N,NASDAQ,,,,,,
CGC,Canopy Growth Corporation - Common Shares,Q,N,N,100,N,N,NASDAQ,,,,,,
CGCT,Cartesian Growth Corporation III - Class A Ordinary Shares,G,N,N,100,N,N,NASDAQ,,,,,,
CGEM,"Cullinan Therapeutics, Inc. - Common Stock",Q,N,N,100,N,N,NASDAQ,,,,,,
CGEN,Compugen Ltd. - Ordinary Shares,S,N,N,100,N,N,NASDAQ,,,,,,
CGNT,Cognyte Software Ltd. - Ordinary Shares,Q,N,N,100,N,N,NASDAQ,,,,,,
CGNX,Cognex Corporation - Common Stock,Q,N,N,100,N,N,NASDAQ,,,,,,
CGON,"CG Oncology, Inc. - Common stock",Q,N,N,100,N,N,NASDAQ,,,,,,
CGTL,Creative Global Technology Holdings Limited - Class A Ordinary Shares,S,N,D,100,N,N,NASDAQ,,,,,,
CGTX,"Cognition Therapeutics, Inc. - Common Stock",S,N,N,100,N,N,NASDAQ,,,,,,
CHAC,Crane Harbor Acquisition Corp. - Class A Ordinary Shares,G,N,N,100,N,N,NASDAQ,,,,,,
CHAI,"Core AI Holdings, Inc. - Common Shares",S,N,N,100,N,N,NASDAQ,,,,,,
CHCI,"Comstock Holding Companies, Inc. - Class A Common Stock",S,N,N,100,N,N,NASDAQ,,,,,,
CHCO,City Holding Company - Common Stock,Q,N,N,100,N,N,NASDAQ,,,,,,
CHDN,"Churchill Downs, Incorporated - Common Stock",Q,N,N,100,N,N,NASDAQ,,,,,,
CHEF,"The Chefs' Warehouse, Inc. - Common Stock",Q,N,N,100,N,N,NASDAQ,,,,,,
CHKP,Check Point Software Technologies Ltd. - Ordinary Shares,Q,N,N,100,N,N,NASDAQ,,,,,,
CHMG,Chemung Financial Corp  - Common Stock,Q,N,N,100,N,N,NASDAQ,,,,,,
CHPG,ChampionsGate Acquisition Corporation - Class A Ordinary Share,G,N,N,100,N,N,NASDAQ,,,,,,
CHR,"Cheer Holding, Inc.  - Class A Ordinary Share",S,N,D,100,N,N,NASDAQ,,,,,,
CHRD,Chord Energy Corporation - Common Stock,Q,N,N,100,N,N,NASDAQ,,,,,,
CHRS,"Coherus Oncology, Inc. - Common Stock",G,N,N,100,N,N,NASDAQ,,,,,,
CHSN,Chanson International Holding - Class A Ordinary Shares,S,N,N,100,N,N,NASDAQ,,,,,,
CHYM,"Chime Financial, Inc. - Class A Common Stock",Q,N,N,100,N,N,NASDAQ,,,,,,
CIGL,Concorde International Group Ltd - Class A Ordinary Shares,S,N,N,100,N,N,NASDAQ,,,,,,
CIIT,"Tianci International, Inc. - Common Stock",S,N,N,100,N,N,NASDAQ,,,,,,
CINF,Cincinnati Financial Corporation - Common Stock,Q,N,N,100,N,N,NASDAQ,,,,,,
CING,Cingulate Inc. - Common Stock,S,N,N,100,N,N,NASDAQ,,,,,,
CISO,"CISO Global, Inc. - Common Stock",S,N,N,100,N,N,NASDAQ,,,,,,
CISS,C3is Inc. - Common Stock,S,N,N,100,N,N,NASDAQ,,,,,,
CIVB,"Civista Bancshares, Inc.  - Common Stock",S,N,N,100,N,N,NASDAQ,,,,,,
CJET,"Chijet Motor Company, Inc. - Ordinary Shares",S,N,D,100,N,N,NASDAQ,,,,,,
CJMB,Callan JMB Inc. - Common Stock,S,N,N,100,N,N,NASDAQ,,,,,,
CLBK,"Columbia Financial, Inc. - Common Stock",Q,N,N,100,N,N,NASDAQ,,,,,,
CLBT,Cellebrite DI Ltd. - Ordinary Shares,Q,N,N,100,N,N,NASDAQ,,,,,,
CLDX,"Celldex Therapeutics, Inc. - Common Stock",S,N,N,100,N,N,NASDAQ,,,,,,
CLFD,"Clearfield, Inc. - Common Stock",G,N,N,100,N,N,NASDAQ,,,,,,
CLGN,CollPlant Biotechnologies Ltd. - Ordinary Shares,S,N,N,100,N,N,NASDAQ,,,,,,
CLMB,"Climb Global Solutions, Inc. - Common Stock",G,N,N,100,N,N,NASDAQ,,,,,,
CLMT,"Calumet, Inc - Common Stock",Q,N,N,100,N,N,NASDAQ,,,,,,
CLNE,Clean Energy Fuels Corp. - Common Stock,Q,N,N,100,N,N,NASDAQ,,,,,,
CLNN,Clene Inc. - Common Stock,S,N,N,100,N,N,NASDAQ,,,,,,
CLOV,"Clover Health Investments, Corp.  - Class A Common stock",Q,N,N,100,N,N,NASDAQ,,,,,,
CLPS,CLPS Incorporation - Common Stock,G,N,N,100,N,N,NASDAQ,,,,,,
CLPT,ClearPoint Neuro Inc. - Common Stock,S,N,N,100,N,N,NASDAQ,,,,,,
CLRB,"Cellectar Biosciences, Inc. - Common Stock",S,N,N,100,N,N,NASDAQ,,,,,,
CLRO,"ClearOne, Inc. - Common Stock",S,N,N,100,N,N,NASDAQ,,,,,,
CLSD,"Clearside Biomedical, Inc. - Common Stock",G,N,D,100,N,N,NASDAQ,,,,,,
CLSK,"CleanSpark, Inc. - Common Stock",S,N,N,100,N,N,NASDAQ,,,,,,
CLST,"Catalyst Bancorp, Inc. - common stock",S,N,N,100,N,N,NASDAQ,,,,,,
CLWT,Euro Tech Holdings Company Limited - Ordinary Shares,S,N,N,100,N,N,NASDAQ,,,,,,
CLYM,"Climb Bio, Inc. - Common Stock",G,N,N,100,N,N,NASDAQ,,,,,,
CMBM,Cambium Networks Corporation - Ordinary Shares,G,N,H,100,N,N,NASDAQ,,,,,,
CMCO,Columbus McKinnon Corporation - Common Stock,Q,N,N,100,N,N,NASDAQ,,,,,,
CMCSA,Comcast Corporation - Class A Common Stock,Q,N,N,100,N,N,NASDAQ,,,,,,
CMCT,Creative Media  - Common Stock,S,N,N,100,N,N,NASDAQ,,,,,,
CME,CME Group Inc. - Class A Common Stock,Q,N,N,100,N,N,NASDAQ,,,,,,
CMND,Clearmind Medicine Inc. - Common Shares,S,N,N,100,N,N,NASDAQ,,,,,,
CMPX,"Compass Therapeutics, Inc. - Common Stock",S,N,N,100,N,N,NASDAQ,,,,,,
CMRC,"Commerce.com, Inc. - Series 1 Common Stock",G,N,N,100,N,N,NASDAQ,,,,,,
CMTL,Comtech Telecommunications Corp. - Common Stock,Q,N,N,100,N,N,NASDAQ,,,,,,
CNCK,Coincheck Group N.V. - Ordinary Shares,G,N,N,100,N,N,NASDAQ,,,,,,
CNDT,Conduent Incorporated - Common Stock,Q,N,N,100,N,N,NASDAQ,,,,,,
CNET,ZW Data Action Technologies Inc. - Common Stock,S,N,N,100,N,N,NASDAQ,,,,,,
CNEY,CN Energy Group Inc. - Class A Ordinary Shares,S,N,N,100,N,N,NASDAQ,,,,,,
CNOB,"ConnectOne Bancorp, Inc. - Common Stock",Q,N,N,100,N,N,NASDAQ,,,,,,
CNSP,"CNS Pharmaceuticals, Inc. - Common Stock",S,N,N,100,N,N,NASDAQ,,,,,,
CNTB,Connect Biopharma Holdings Limited - Ordinary Shares,G,N,N,100,N,N,NASDAQ,,,,,,
CNTX,Context Therapeutics Inc. - Common Stock,S,N,N,100,N,N,NASDAQ,,,,,,
CNTY,"Century Casinos, Inc. - Common Stock",S,N,N,100,N,N,NASDAQ,,,,,,
CNVS,Cineverse Corp. - Class A Common Stock,S,N,N,100,N,N,NASDAQ,,,,,,
CNXC,Concentrix Corporation - Common Stock,Q,N,N,100,N,N,NASDAQ,,,,,,
CNXN,"PC Connection, Inc. - Common Stock",Q,N,N,100,N,N,NASDAQ,,,,,,
COCH,"Envoy Medical, Inc. - Class A Common Stock",S,N,D,100,N,N,NASDAQ,,,,,,
COCO,"The Vita Coco Company, Inc. - Common Stock",Q,N,N,100,N,N,NASDAQ,,,,,,
COCP,"Cocrystal Pharma, Inc. - Common Stock",S,N,N,100,N,N,NASDAQ,,,,,,
CODA,"Coda Octopus Group, Inc. - Common stock",S,N,N,100,N,N,NASDAQ,,,,,,
CODX,"Co-Diagnostics, Inc. - Common Stock",S,N,D,100,N,N,NASDAQ,,,,,,
COEP,"Coeptis Therapeutics Holdings, Inc. - Common Stock",S,N,N,100,N,N,NASDAQ,,,,,,
COFS,"ChoiceOne Financial Services, Inc. - Common Stock",S,N,N,100,N,N,NASDAQ,,,,,,
COGT,"Cogent Biosciences, Inc. - Common Stock",Q,N,N,100,N,N,NASDAQ,,,,,,
COIN,"Coinbase Global, Inc. - Class A Common Stock",Q,N,N,100,N,N,NASDAQ,,,,,,
COKE,"Coca-Cola Consolidated, Inc. - Common Stock",Q,N,N,100,N,N,NASDAQ,,,,,,
COLA,Columbus Acquisition Corp - Ordinary Shares,G,N,N,100,N,N,NASDAQ,,,,,,
COLB,"Columbia Banking System, Inc. - Common Stock",Q,N,N,100,N,N,NASDAQ,,,,,,
COLL,"Collegium Pharmaceutical, Inc. - Common Stock",Q,N,N,100,N,N,NASDAQ,,,,,,
COLM,Columbia Sportswear Company - Common Stock,Q,N,N,100,N,N,NASDAQ,,,,,,
COMM,"CommScope Holding Company, Inc. - Common Stock",Q,N,N,100,N,N,NASDAQ,,,,,,
COO,"The Cooper Companies, Inc.  - Common Stock",Q,N,N,100,N,N,NASDAQ,,,,,,
COOT,Australian Oilseeds Holdings Limited - Ordinary Shares,G,N,D,100,N,N,NASDAQ,,,,,,
CORT,Corcept Therapeutics Incorporated - Common Stock,S,N,N,100,N,N,NASDAQ,,,,,,
CORZ,"Core Scientific, Inc. - Common Stock",Q,N,N,100,N,N,NASDAQ,,,,,,
COSM,Cosmos Health Inc. - Common Stock,S,N,N,100,N,N,NASDAQ,,,,,,
COST,Costco Wholesale Corporation - Common Stock,Q,N,N,100,N,N,NASDAQ,,,,,,
COYA,"Coya Therapeutics, Inc. - Common Stock",S,N,N,100,N,N,NASDAQ,,,,,,
CPB,The Campbell's Company - Common Stock,Q,N,N,100,N,N,NASDAQ,,,,,,
CPBI,"Central Plains Bancshares, Inc. - Common Stock",S,N,N,100,N,N,NASDAQ,,,,,,
CPHC,Canterbury Park Holding Corporation - Common Stock,G,N,N,100,N,N,NASDAQ,,,,,,
CPIX,Cumberland Pharmaceuticals Inc. - Common Stock,Q,N,N,100,N,N,NASDAQ,,,,,,
CPOP,"Pop Culture Group Co., Ltd - Class A Ordinary Shares",S,N,N,100,N,N,NASDAQ,,,,,,
CPRT,"Copart, Inc. - Common Stock",Q,N,N,100,N,N,NASDAQ,,,,,,
CPRX,"Catalyst Pharmaceuticals, Inc. - Common Stock",S,N,N,100,N,N,NASDAQ,,,,,,
CPSH,CPS Technologies Corp. - Common Stock,S,N,N,100,N,N,NASDAQ,,,,,,
CPSS,"Consumer Portfolio Services, Inc. - Common Stock",G,N,N,100,N,N,NASDAQ,,,,,,
CRAI,"CRA International,Inc. - Common Stock",Q,N,N,100,N,N,NASDAQ,,,,,,
CRAQ,Cal Redwood Acquisition Corp. - Class A Ordinary Shares,G,N,N,100,N,N,NASDAQ,,,,,,
CRBP,"Corbus Pharmaceuticals Holdings, Inc. - Common Stock",S,N,N,100,N,N,NASDAQ,,,,,,
CRCT,"Cricut, Inc. - Class A common stock",Q,N,N,100,N,N,NASDAQ,,,,,,
CRDF,"Cardiff Oncology, Inc. - Common Stock",S,N,N,100,N,N,NASDAQ,,,,,,
CRDL,Cardiol Therapeutics Inc. - Class A Common Shares,S,N,N,100,N,N,NASDAQ,,,,,,
CRDO,Credo Technology Group Holding Ltd - Ordinary Shares,Q,N,N,100,N,N,NASDAQ,,,,,,
CRE,Cre8 Enterprise Limited - Class A Ordinary Shares,S,N,D,100,N,N,NASDAQ,,,,,,
CREG,Smart Powerr Corp. - Common Stock,S,N,N,100,N,N,NASDAQ,,,,,,
CREV,Carbon Revolution Public Limited Company - Ordinary Shares,G,N,H,100,N,N,NASDAQ,,,,,,
CREX,"Creative Realities, Inc. - Common Stock",S,N,N,100,N,N,NASDAQ,,,,,,
CRGO,Freightos Limited - Ordinary shares,S,N,N,100,N,N,NASDAQ,,,,,,
CRIS,"Curis, Inc. - Common Stock",S,N,D,100,N,N,NASDAQ,,,,,,
CRMD,CorMedix Inc. - Common Stock,G,N,N,100,N,N,NASDAQ,,,,,,
CRML,Critical Metals Corp. - Ordinary Shares,G,N,N,100,N,N,NASDAQ,,,,,,
CRMT,"America's Car-Mart, Inc. - Common Stock",Q,N,N,100,N,N,NASDAQ,,,,,,
CRNC,Cerence Inc. - Common Stock,Q,N,N,100,N,N,NASDAQ,,,,,,
CRNT,Ceragon Networks Ltd. - Ordinary Shares,Q,N,N,100,N,N,NASDAQ,,,,,,
CRNX,"Crinetics Pharmaceuticals, Inc. - Common Stock",Q,N,N,100,N,N,NASDAQ,,,,,,
CROX,"Crocs, Inc. - Common Stock",Q,N,N,100,N,N,NASDAQ,,,,,,
CRSP,CRISPR Therapeutics AG - Common Shares,G,N,N,100,N,N,NASDAQ,,,,,,
CRUS,"Cirrus Logic, Inc. - Common Stock",Q,N,N,100,N,N,NASDAQ,,,,,,
CRVL,CorVel Corp. - Common Stock,Q,N,N,100,N,N,NASDAQ,,,,,,
CRVO,CervoMed Inc. - Common Stock,S,N,N,100,N,N,NASDAQ,,,,,,
CRVS,"Corvus Pharmaceuticals, Inc. - Common Stock",G,N,N,100,N,N,NASDAQ,,,,,,
CRWD,"CrowdStrike Holdings, Inc. - Class A Common Stock",Q,N,N,100,N,N,NASDAQ,,,,,,
CRWS,"Crown Crafts, Inc. - Common Stock",S,N,N,100,N,N,NASDAQ,,,,,,
CRWV,"CoreWeave, Inc. - Class A Common Stock",Q,N,N,100,N,N,NASDAQ,,,,,,
CSAI,"Cloudastructure, Inc. - Class A Common Stock",S,N,N,100,N,N,NASDAQ,,,,,,
CSCO,"Cisco Systems, Inc. - Common Stock",Q,N,N,100,N,N,NASDAQ,,,,,,
CSGP,"CoStar Group, Inc. - Common Stock",Q,N,N,100,N,N,NASDAQ,,,,,,
CSGS,"CSG Systems International, Inc. - Common Stock",Q,N,N,100,N,N,NASDAQ,,,,,,
CSIQ,Canadian Solar Inc. - Common Shares,Q,N,N,100,N,N,NASDAQ,,,,,,
CSPI,CSP Inc. - Common Stock,G,N,N,100,N,N,NASDAQ,,,,,,
CSTE,Caesarstone Ltd. - Ordinary Shares,Q,N,N,100,N,N,NASDAQ,,,,,,
CSTL,"Castle Biosciences, Inc. - Common stock",G,N,N,100,N,N,NASDAQ,,,,,,
CSWC,Capital Southwest Corporation - Common Stock,Q,N,N,100,N,N,NASDAQ,,,,,,
CSX,CSX Corporation - Common Stock,Q,N,N,100,N,N,NASDAQ,,,,,,
CTAS,Cintas Corporation - Common Stock,Q,N,N,100,N,N,NASDAQ,,,,,,
CTBI,"Community Trust Bancorp, Inc. - Common Stock",Q,N,N,100,N,N,NASDAQ,,,,,,
CTKB,"Cytek Biosciences, Inc. - Common Stock",Q,N,N,100,N,N,NASDAQ,,,,,,
CTLP,"Cantaloupe, Inc. - Common Stock",Q,N,N,100,N,N,NASDAQ,,,,,,
CTMX,"CytomX Therapeutics, Inc. - Common Stock",Q,N,N,100,N,N,NASDAQ,,,,,,
CTNM,"Contineum Therapeutics, Inc. - Common stock",Q,N,N,100,N,N,NASDAQ,,,,,,
CTNT,Cheetah Net Supply Chain Service Inc. - Class A Common Stock,S,N,N,100,N,N,NASDAQ,,,,,,
CTRM,Castor Maritime Inc. - Common Shares,S,N,N,100,N,N,NASDAQ,,,,,,
CTRN,"Citi Trends, Inc. - Common Stock",Q,N,N,100,N,N,NASDAQ,,,,,,
CTSH,Cognizant Technology Solutions Corporation - Class A Common Stock,Q,N,N,100,N,N,NASDAQ,,,,,,
CTSO,Cytosorbents Corporation - Common Stock,S,N,D,100,N,N,NASDAQ,,,,,,
CTW,CTW Cayman - Class A Ordinary Shares,S,N,N,100,N,N,NASDAQ,,,,,,
CUB,Lionheart Holdings - Class A Ordinary Shares,G,N,N,100,N,N,NASDAQ,,,,,,
CUE,"Cue Biopharma, Inc. - Common Stock",S,N,D,100,N,N,NASDAQ,,,,,,
CURI,CuriosityStream Inc.  - Class A Common Stock,S,N,N,100,N,N,NASDAQ,,,,,,
CURX,Curanex Pharmaceuticals Inc - Common Stock,S,N,N,100,N,N,NASDAQ,,,,,,
CV,"CapsoVision, Inc. - Common Stock",S,N,N,100,N,N,NASDAQ,,,,,,
CVAC,CureVac N.V. - Ordinary Shares,G,N,N,100,N,N,NASDAQ,,,,,,
CVBF,CVB Financial Corporation - Common Stock,Q,N,N,100,N,N,NASDAQ,,,,,,
CVCO,"Cavco Industries, Inc. - Common Stock",Q,N,N,100,N,N,NASDAQ,,,,,,
CVGI,"Commercial Vehicle Group, Inc. - Common Stock",Q,N,N,100,N,N,NASDAQ,,,,,,
CVLT,"Commvault Systems, Inc. - Common Stock",Q,N,N,100,N,N,NASDAQ,,,,,,
CVRX,"CVRx, Inc. - Common Stock",Q,N,N,100,N,N,NASDAQ,,,,,,
CVV,CVD Equipment Corporation - Common Stock,S,N,N,100,N,N,NASDAQ,,,,,,
CWBC,Community West Bancshares - Common Stock,S,N,N,100,N,N,NASDAQ,,,,,,
CWCO,Consolidated Water Co. Ltd. - Ordinary Shares,Q,N,N,100,N,N,NASDAQ,,,,,,
CWD,CaliberCos Inc. - Class A Common Stock,S,N,D,100,N,N,NASDAQ,,,,,,
CWST,"Casella Waste Systems, Inc. - Class A Common Stock",Q,N,N,100,N,N,NASDAQ,,,,,,
CXAI,CXApp Inc. - Class A Common Stock,S,N,D,100,N,N,NASDAQ,,,,,,
CXDO,"Crexendo, Inc. - Common Stock",S,N,N,100,N,N,NASDAQ,,,,,,
CYCN,"Cyclerion Therapeutics, Inc. - Common Stock",S,N,N,100,N,N,NASDAQ,,,,,,
CYN,Cyngn Inc. - Common stock,S,N,N,100,N,N,NASDAQ,,,,,,
CYRX,"CryoPort, Inc. - Common Stock",S,N,N,100,N,N,NASDAQ,,,,,,
CYTK,"Cytokinetics, Incorporated - Common Stock",Q,N,N,100,N,N,NASDAQ,,,,,,
CZFS,"Citizens Financial Services, Inc. - Common Stock",S,N,N,100,N,N,NASDAQ,,,,,,
CZNC,Citizens & Northern Corp - Common Stock,S,N,N,100,N,N,NASDAQ,,,,,,
CZR,"Caesars Entertainment, Inc. - Common Stock",Q,N,N,100,N,N,NASDAQ,,,,,,
CZWI,"Citizens Community Bancorp, Inc. - Common Stock",G,N,N,100,N,N,NASDAQ,,,,,,
DAAQ,Digital Asset Acquisition Corp. - Class A Ordinary shares,G,N,N,100,N,N,NASDAQ,,,,,,
DAIC,"CID HoldCo, Inc. - Common Stock",G,N,N,100,N,N,NASDAQ,,,,,,
DAIO,Data I/O Corporation - Common Stock,S,N,N,100,N,N,NASDAQ,,,,,,
DAKT,"Daktronics, Inc. - Common Stock",Q,N,N,100,N,N,NASDAQ,,,,,,
DARE,"Dare Bioscience, Inc. - Common Stock",S,N,N,100,N,N,NASDAQ,,,,,,
DASH,"DoorDash, Inc. - Common Stock",Q,N,N,100,N,N,NASDAQ,,,,,,
DAVE,Dave Inc.  - Class A Common Stock,G,N,N,100,N,N,NASDAQ,,,,,,
DAWN,"Day One Biopharmaceuticals, Inc. - Common Stock",Q,N,N,100,N,N,NASDAQ,,,,,,
DBGI,"Digital Brands Group, Inc. - Common Stock",S,N,N,100,N,N,NASDAQ,,,,,,
DBX,"Dropbox, Inc. - Class A Common Stock",Q,N,N,100,N,N,NASDAQ,,,,,,
DCBO,Docebo Inc. - Common Shares,Q,N,N,100,N,N,NASDAQ,,,,,,
DCGO,DocGo Inc. - Common Stock,S,N,N,100,N,N,NASDAQ,,,,,,
DCOM,"Dime Community Bancshares, Inc. - Common Stock",Q,N,N,100,N,N,NASDAQ,,,,,,
DCTH,"Delcath Systems, Inc. - Common Stock",S,N,N,100,N,N,NASDAQ,,,,,,
DDOG,"Datadog, Inc. - Class A Common Stock",Q,N,N,100,N,N,NASDAQ,,,,,,
DEFT,"Defi Technologies, Inc. - Common Stock",S,N,N,100,N,N,NASDAQ,,,,,,
DENN,Denny's Corporation - Common Stock,S,N,N,100,N,N,NASDAQ,,,,,,
DERM,Journey Medical Corporation - Common Stock,S,N,N,100,N,N,NASDAQ,,,,,,
DEVS,DevvStream Corp. - Common Stock,S,N,N,100,N,N,NASDAQ,,,,,,
DFDV,DeFi Development Corp. - Common Stock,S,N,N,100,N,N,NASDAQ,,,,,,
DFLI,Dragonfly Energy Holdings Corp - Common Stock,S,N,N,100,N,N,NASDAQ,,,,,,
DFSC,"DEFSEC Technologies Inc. - common stock, no R/S concurrent with offering",S,N,N,100,N,N,NASDAQ,,,,,,
DGICA,"Donegal Group, Inc. - Class A Common Stock",Q,N,N,100,N,N,NASDAQ,,,,,,
DGICB,"Donegal Group, Inc. - Class B Common Stock",Q,N,N,100,N,N,NASDAQ,,,,,,
DGII,Digi International Inc. - Common Stock,Q,N,N,100,N,N,NASDAQ,,,,,,
DGLY,"Digital Ally, Inc. - Common Stock",S,N,N,100,N,N,NASDAQ,,,,,,
DGNX,Diginex Limited - Ordinary Shares,S,N,N,100,N,N,NASDAQ,,,,,,
DH,Definitive Healthcare Corp. - Class A Common Stock,Q,N,N,100,N,N,NASDAQ,,,,,,
DHAI,"DIH Holding US, Inc. - Class A Common Stock",G,N,H,100,N,N,NASDAQ,,,,,,
DHC,Diversified Healthcare Trust  - Common Shares of Beneficial Interest,Q,N,N,100,N,N,NASDAQ,,,,,,
DHIL,"Diamond Hill Investment Group, Inc. - Class A Common Stock",Q,N,N,100,N,N,NASDAQ,,,,,,
DIBS,"1stdibs.com, Inc. - Common Stock",G,N,N,100,N,N,NASDAQ,,,,,,
DIOD,Diodes Incorporated - Common Stock,Q,N,N,100,N,N,NASDAQ,,,,,,
DJCO,Daily Journal Corp. (S.C.) - Common Stock,S,N,N,100,N,N,NASDAQ,,,,,,
DJT,Trump Media & Technology Group Corp. - Common Stock,G,N,N,100,N,N,NASDAQ,,,,,,
DKI,DarkIris Inc. - Class A Ordinary Shares,S,N,N,100,N,N,NASDAQ,,,,,,
DKNG,DraftKings Inc. - Class A Common Stock,Q,N,N,100,N,N,NASDAQ,,,,,,
DLHC,DLH Holdings Corp. - Common Stock,S,N,N,100,N,N,NASDAQ,,,,,,
DLO,DLocal Limited - Class A Common Shares,Q,N,N,100,N,N,NASDAQ,,,,,,
DLPN,"Dolphin Entertainment, Inc. - Common Stock",S,N,N,100,N,N,NASDAQ,,,,,,
DLTH,Duluth Holdings Inc. - Class B Common Stock,Q,N,N,100,N,N,NASDAQ,,,,,,
DLXY,Delixy Holdings Limited - Ordinary Shares,S,N,N,100,N,N,NASDAQ,,,,,,
DMAA,Drugs Made In America Acquisition Corp. - Ordinary Shares,G,N,N,100,N,N,NASDAQ,,,,,,
DMAC,DiaMedica Therapeutics Inc. - Common Stock,S,N,N,100,N,N,NASDAQ,,,,,,
DMRC,Digimarc Corporation - Common Stock,Q,N,N,100,N,N,NASDAQ,,,,,,
DNLI,Denali Therapeutics Inc. - Common Stock,Q,N,N,100,N,N,NASDAQ,,,,,,
DNTH,"Dianthus Therapeutics, Inc. - Common Stock",S,N,N,100,N,N,NASDAQ,,,,,,
DNUT,"Krispy Kreme, Inc. - Common Stock",Q,N,N,100,N,N,NASDAQ,,,,,,
DOGZ,Dogness (International) Corporation - Class A Common Stock,S,N,N,100,N,N,NASDAQ,,,,,,
DOMH,Dominari Holdings Inc. - Common Stock,S,N,N,100,N,N,NASDAQ,,,,,,
DOMO,"Domo, Inc. - Class B Common Stock",G,N,N,100,N,N,NASDAQ,,,,,,
DORM,"Dorman Products, Inc. - Common Stock",Q,N,N,100,N,N,NASDAQ,,,,,,
DOX,Amdocs Limited - Ordinary Shares,Q,N,N,100,N,N,NASDAQ,,,,,,
DPRO,Draganfly Inc. - Common Shares,S,N,N,100,N,N,NASDAQ,,,,,,
DPZ,Domino's Pizza Inc - Common Stock,Q,N,N,100,N,N,NASDAQ,,,,,,
DRCT,"Direct Digital Holdings, Inc. - Class A Common Stock",S,N,D,100,N,N,NASDAQ,,,,,,
DRDB,Roman DBDR Acquisition Corp. II - Ordinary shares,G,N,E,100,N,N,NASDAQ,,,,,,
DRIO,DarioHealth Corp. - Common Stock,S,N,N,100,N,N,NASDAQ,,,,,,
DRMA,"Dermata Therapeutics, Inc. - Common Stock",S,N,N,100,N,N,NASDAQ,,,,,,
DRS,"Leonardo DRS, Inc. - Common Stock",Q,N,N,100,N,N,NASDAQ,,,,,,
DRTS,Alpha Tau Medical Ltd. - Ordinary Shares,S,N,N,100,N,N,NASDAQ,,,,,,
DRUG,Bright Minds Biosciences Inc. - common stock,S,N,N,100,N,N,NASDAQ,,,,,,
DRVN,Driven Brands Holdings Inc. - Common Stock,Q,N,N,100,N,N,NASDAQ,,,,,,
DSGN,"Design Therapeutics, Inc. - Common Stock",Q,N,N,100,N,N,NASDAQ,,,,,,
DSGX,The Descartes Systems Group Inc. - Common Stock,Q,N,N,100,N,N,NASDAQ,,,,,,
DSP,Viant Technology Inc. - common stock,Q,N,N,100,N,N,NASDAQ,,,,,,
DSWL,"Deswell Industries, Inc. - Common Shares",G,N,N,100,N,N,NASDAQ,,,,,,
DSY,Big Tree Cloud Holdings Limited - Ordinary Shares,G,N,N,100,N,N,NASDAQ,,,,,,
DTCK,Davis Commodities Limited - Class A Ordinary Shares,S,N,D,100,N,N,NASDAQ,,,,,,
DTI,Drilling Tools International Corporation  - Common Stock,S,N,N,100,N,N,NASDAQ,,,,,,
DTIL,"Precision BioSciences, Inc. - Common Stock",S,N,N,100,N,N,NASDAQ,,,,,,
DTSQ,DT Cloud Star Acquisition Corporation - Ordinary Shares,G,N,N,100,N,N,NASDAQ,,,,,,
DTSS,Datasea Inc. - Common Stock,S,N,N,100,N,N,NASDAQ,,,,,,
DTST,Data Storage Corporation - Common Stock,S,N,N,100,N,N,NASDAQ,,,,,,
DUO,Fangdd Network Group Ltd. - Class A Ordinary Shares,S,N,N,100,N,N,NASDAQ,,,,,,
DUOL,"Duolingo, Inc. - Class A Common Stock",Q,N,N,100,N,N,NASDAQ,,,,,,
DUOT,"Duos Technologies Group, Inc. - Common Stock",S,N,N,100,N,N,NASDAQ,,,,,,
DVAX,Dynavax Technologies Corporation - Common Stock,Q,N,N,100,N,N,NASDAQ,,,,,,
DVLT,Datavault AI Inc. - Common Stock,S,N,N,100,N,N,NASDAQ,,,,,,
DWSN,Dawson Geophysical Company - Common Stock,Q,N,N,100,N,N,NASDAQ,,,,,,
DWTX,"Dogwood Therapeutics, Inc.  - Common Stock",S,N,N,100,N,N,NASDAQ,,,,,,
DXCM,"DexCom, Inc. - Common Stock",Q,N,N,100,N,N,NASDAQ,,,,,,
DXLG,"Destination XL Group, Inc. - Common Stock",G,N,N,100,N,N,NASDAQ,,,,,,
DXPE,"DXP Enterprises, Inc. - Common Stock",Q,N,N,100,N,N,NASDAQ,,,,,,
DXST,Decent Holding Inc. - Class A Ordinary Shares,S,N,N,100,N,N,NASDAQ,,,,,,
DYAI,"Dyadic International, Inc. - Common Stock",S,N,N,100,N,N,NASDAQ,,,,,,
DYCQ,DT Cloud Acquisition Corporation - Ordinary shares,G,N,D,100,N,N,NASDAQ,,,,,,
DYN,"Dyne Therapeutics, Inc. - Common Stock",Q,N,N,100,N,N,NASDAQ,,,,,,
EA,Electronic Arts Inc. - Common Stock,Q,N,N,100,N,N,NASDAQ,,,,,,
EBAY,eBay Inc. - Common Stock,Q,N,N,100,N,N,NASDAQ,,,,,,
EBC,"Eastern Bankshares, Inc. - Common Stock",Q,N,N,100,N,N,NASDAQ,,,,,,
EBMT,"Eagle Bancorp Montana, Inc. - Common Stock",G,N,N,100,N,N,NASDAQ,,,,,,
EBON,Ebang International Holdings Inc. - Class A Ordinary Shares,Q,N,N,100,N,N,NASDAQ,,,,,,
ECBK,"ECB Bancorp, Inc. - Common Stock",S,N,N,100,N,N,NASDAQ,,,,,,
ECDA,"ECD Automotive Design, Inc. - Common Stock",S,N,D,100,N,N,NASDAQ,,,,,,
ECPG,Encore Capital Group Inc - Common Stock,Q,N,N,100,N,N,NASDAQ,,,,,,
ECX,ECARX Holdings Inc. - Class A Ordinary shares,G,N,N,100,N,N,NASDAQ,,,,,,
EDBL,Edible Garden AG Incorporated - Common Stock,S,N,N,100,N,N,NASDAQ,,,,,,
EDHL,Everbright Digital Holding Limited - Ordinary Shares,S,N,D,100,N,N,NASDAQ,,,,,,
EDIT,"Editas Medicine, Inc. - Common Stock",Q,N,N,100,N,N,NASDAQ,,,,,,
EDRY,EuroDry Ltd. - Common Shares,S,N,N,100,N,N,NASDAQ,,,,,,
EDSA,"Edesa Biotech, Inc. - Common Shares",S,N,N,100,N,N,NASDAQ,,,,,,
EDUC,Educational Development Corporation - Common Stock,G,N,N,100,N,N,NASDAQ,,,,,,
EEFT,"Euronet Worldwide, Inc. - Common Stock",Q,N,N,100,N,N,NASDAQ,,,,,,
EEIQ,EpicQuest Education Group International Limited - Common Stock,S,N,D,100,N,N,NASDAQ,,,,,,
EFOI,"Energy Focus, Inc. - Common Stock",S,N,N,100,N,N,NASDAQ,,,,,,
EFSC,Enterprise Financial Services Corporation - Common Stock,Q,N,N,100,N,N,NASDAQ,,,,,,
EFSI,Eagle Financial Services Inc - Common Stock,S,N,N,100,N,N,NASDAQ,,,,,,
EFTY,"Etoiles Capital Group Co., Ltd. - Class A Ordinary Shares",S,N,N,100,N,N,NASDAQ,,,,,,
EGAN,eGain Corporation - Common Stock,S,N,N,100,N,N,NASDAQ,,,,,,
EGBN,"Eagle Bancorp, Inc. - Common Stock",S,N,N,100,N,N,NASDAQ,,,,,,
EGHA,EGH Acquisition Corp. - Class A ordinary shares,G,N,N,100,N,N,NASDAQ,,,,,,
EGHT,8x8 Inc - Common stock,Q,N,N,100,N,N,NASDAQ,,,,,,
EHGO,Eshallgo Inc. - Class A Ordinary Shares,S,N,D,100,N,N,NASDAQ,,,,,,
EHLD,Euroholdings Ltd. - Common Stock,S,N,N,100,N,N,NASDAQ,,,,,,
EHTH,"eHealth, Inc. - Common Stock",Q,N,N,100,N,N,NASDAQ,,,,,,
EJH,E-Home Household Service Holdings Limited - Ordinary shares,S,N,N,100,N,N,NASDAQ,,,,,,
EKSO,"Ekso Bionics Holdings, Inc. - Common Stock",S,N,N,100,N,N,NASDAQ,,,,,,
ELAB,PMGC Holdings Inc. - Common Stock,S,N,N,100,N,N,NASDAQ,,,,,,
ELBM,Electra Battery Materials Corporation - Common Stock,S,N,N,100,N,N,NASDAQ,,,,,,
ELDN,"Eledon Pharmaceuticals, Inc. - Common Stock",S,N,N,100,N,N,NASDAQ,,,,,,
ELOG,Eastern International Ltd. - Ordinary Shares,S,N,N,100,N,N,NASDAQ,,,,,,
ELSE,"Electro-Sensors, Inc. - Common Stock",S,N,N,100,N,N,NASDAQ,,,,,,
ELTK,Eltek Ltd. - Ordinary Shares,S,N,N,100,N,N,NASDAQ,,,,,,
ELTX,"Elicio Therapeutics, Inc. - Common Stock",S,N,N,100,N,N,NASDAQ,,,,,,
ELUT,"Elutia, Inc. - Class A Common Stock",S,N,N,100,N,N,NASDAQ,,,,,,
ELVA,Electrovaya Inc. - Common Shares,S,N,N,100,N,N,NASDAQ,,,,,,
ELVN,"Enliven Therapeutics, Inc.  - Common Stock",Q,N,N,100,N,N,NASDAQ,,,,,,
EMBC,Embecta Corp. - Common Stock,Q,N,N,100,N,N,NASDAQ,,,,,,
EMIS,Emmis Acquisition Corp. - Class A Ordinary Share,G,N,N,100,N,N,NASDAQ,,,,,,
EML,Eastern Company (The) - Common Stock,G,N,N,100,N,N,NASDAQ,,,,,,
EMPD,Empery Digital Inc. - Common stock,S,N,N,100,N,N,NASDAQ,,,,,,
EMPG,Empro Group Inc. - Ordinary shares,S,N,N,100,N,N,NASDAQ,,,,,,
ENGN,enGene Holdings Inc. - Common Stock,S,N,N,100,N,N,NASDAQ,,,,,,
ENGS,Energys Group Limited - Ordinary Shares,S,N,N,100,N,N,NASDAQ,,,,,,
ENLT,Enlight Renewable Energy Ltd. - Ordinary Shares,Q,N,N,100,N,N,NASDAQ,,,,,,
ENLV,Enlivex Therapeutics Ltd. - Ordinary Shares,S,N,N,100,N,N,NASDAQ,,,,,,
ENPH,"Enphase Energy, Inc. - Common Stock",G,N,N,100,N,N,NASDAQ,,,,,,
ENSC,"Ensysce Biosciences, Inc. - Common Stock",S,N,N,100,N,N,NASDAQ,,,,,,
ENSG,"The Ensign Group, Inc. - Common Stock",Q,N,N,100,N,N,NASDAQ,,,,,,
ENTA,"Enanta Pharmaceuticals, Inc. - Common Stock",Q,N,N,100,N,N,NASDAQ,,,,,,
ENTG,"Entegris, Inc. - Common Stock",Q,N,N,100,N,N,NASDAQ,,,,,,
ENTO,Entero Therapeutics Inc. - Common Stock,S,N,D,100,N,N,NASDAQ,,,,,,
ENTX,Entera Bio Ltd. - Ordinary Shares,S,N,N,100,N,N,NASDAQ,,,,,,
ENVB,"Enveric Biosciences, Inc.  - Common Stock",S,N,N,100,N,N,NASDAQ,,,,,,
ENVX,Enovix Corporation - Common Stock,Q,N,N,100,N,N,NASDAQ,,,,,,
EOLS,"Evolus, Inc. - Common Stock",G,N,N,100,N,N,NASDAQ,,,,,,
EOSE,"Eos Energy Enterprises, Inc. - Common Stock",S,N,N,100,N,N,NASDAQ,,,,,,
EPRX,Eupraxia Pharmaceuticals Inc. - Common Stock,S,N,N,100,N,N,NASDAQ,,,,,,
EPSM,Epsium Enterprise Limited - Class A Ordinary Shares,S,N,N,100,N,N,NASDAQ,,,,,,
EPSN,Epsilon Energy Ltd. - Common Shares,G,N,N,100,N,N,NASDAQ,,,,,,
EPWK,EPWK Holdings Ltd. - Class A Ordinary Shares,G,N,D,100,N,N,NASDAQ,,,,,,
EQ,"Equillium, Inc. - Common Stock",S,N,N,100,N,N,NASDAQ,,,,,,
EQIX,"Equinix, Inc. - Common Stock",Q,N,N,100,N,N,NASDAQ,,,,,,
ERAS,"Erasca, Inc. - Common Stock",Q,N,N,100,N,N,NASDAQ,,,,,,
ERIE,Erie Indemnity Company - Class A Common Stock,Q,N,N,100,N,N,NASDAQ,,,,,,
ERII,"Energy Recovery, Inc. - Common Stock",Q,N,N,100,N,N,NASDAQ,,,,,,
ERNA,Ernexa Therapeutics Inc. - Common Stock,S,N,N,100,N,N,NASDAQ,,,,,,
ESCA,"Escalade, Incorporated - Common Stock",G,N,N,100,N,N,NASDAQ,,,,,,
ESEA,Euroseas Ltd. - Common Stock,S,N,N,100,N,N,NASDAQ,,,,,,
ESGL,ESGL Holdings Limited - Class A Ordinary Shares,S,N,N,100,N,N,NASDAQ,,,,,,
ESHA,ESH Acquisition Corp. - Class A Common Stock,G,N,D,100,N,N,NASDAQ,,,,,,
ESLA,"Estrella Immunopharma, Inc. - Common Stock",S,N,N,100,N,N,NASDAQ,,,,,,
ESLT,Elbit Systems Ltd. - Ordinary Shares,Q,N,N,100,N,N,NASDAQ,,,,,,
ESOA,Energy Services of America Corporation - Common Stock,S,N,N,100,N,N,NASDAQ,,,,,,
ESQ,"Esquire Financial Holdings, Inc. - Common Stock",S,N,N,100,N,N,NASDAQ,,,,,,
ESTA,Establishment Labs Holdings Inc. - Common Shares,S,N,N,100,N,N,NASDAQ,,,,,,
ETHM,Dynamix Corporation - Class A Ordinary Share,G,N,N,100,N,N,NASDAQ,,,,,,
ETHZ,ETHZilla Corporation - Common Stock,S,N,N,100,N,N,NASDAQ,,,,,,
ETNB,"89bio, Inc. - Common Stock",G,N,N,100,N,N,NASDAQ,,,,,,
ETON,"Eton Pharmaceuticals, Inc. - Common Stock",G,N,N,100,N,N,NASDAQ,,,,,,
ETS,Elite Express Holding Inc. - Class A Common Stock,S,N,N,100,N,N,NASDAQ,,,,,,
EU,enCore Energy Corp. - Common Stock,S,N,N,100,N,N,NASDAQ,,,,,,
EUDA,Euda Health Holdings Limited - Ordinary Shares,S,N,N,100,N,N,NASDAQ,,,,,,
EURK,Eureka Acquisition Corp - Class A Ordinary Share,S,N,N,100,N,N,NASDAQ,,,,,,
EVCM,EverCommerce Inc. - Common Stock,Q,N,N,100,N,N,NASDAQ,,,,,,
EVGN,Evogene Ltd. - Ordinary Shares,S,N,N,100,N,N,NASDAQ,,,,,,
EVGO,EVgo Inc. - Common Stock,Q,N,N,100,N,N,NASDAQ,,,,,,
EVLV,"Evolv Technologies Holdings, Inc. - Class A Common Stock",S,N,N,100,N,N,NASDAQ,,,,,,
EVOK,"Evoke Pharma, Inc. - Common Stock",S,N,N,100,N,N,NASDAQ,,,,,,
EVRG,"Evergy, Inc. - Common Stock",Q,N,N,100,N,N,NASDAQ,,,,,,
EVTV,"Envirotech Vehicles, Inc. - Common stock",S,N,N,100,N,N,NASDAQ,,,,,,
EWBC,"East West Bancorp, Inc. - Common Stock",Q,N,N,100,N,N,NASDAQ,,,,,,
EWCZ,"European Wax Center, Inc. - Class A Common Stock",Q,N,N,100,N,N,NASDAQ,,,,,,
EWTX,"Edgewise Therapeutics, Inc. - Common Stock",Q,N,N,100,N,N,NASDAQ,,,,,,
EXAS,Exact Sciences Corporation - Common Stock,S,N,N,100,N,N,NASDAQ,,,,,,
EXC,Exelon Corporation - Common Stock,Q,N,N,100,N,N,NASDAQ,,,,,,
EXE,Expand Energy Corporation - Common Stock,Q,N,N,100,N,N,NASDAQ,,,,,,
EXEL,"Exelixis, Inc. - Common Stock",Q,N,N,100,N,N,NASDAQ,,,,,,
EXFY,"Expensify, Inc. - Class A Common Stock",Q,N,N,100,N,N,NASDAQ,,,,,,
EXLS,"ExlService Holdings, Inc. - Common Stock",Q,N,N,100,N,N,NASDAQ,,,,,,
EXOZ,eXoZymes Inc. - Common Stock,S,N,N,100,N,N,NASDAQ,,,,,,
EXPE,"Expedia Group, Inc. - Common Stock",Q,N,N,100,N,N,NASDAQ,,,,,,
EXPI,"eXp World Holdings, Inc. - Common Stock",G,N,N,100,N,N,NASDAQ,,,,,,
EXPO,"Exponent, Inc. - Common Stock",Q,N,N,100,N,N,NASDAQ,,,,,,
EYE,"National Vision Holdings, Inc. - Common Stock",Q,N,N,100,N,N,NASDAQ,,,,,,
EYPT,"EyePoint Pharmaceuticals, Inc. - Common Stock",G,N,N,100,N,N,NASDAQ,,,,,,
EZGO,EZGO Technologies Ltd. - Ordinary Shares,S,N,D,100,N,N,NASDAQ,,,,,,
FA,First Advantage Corporation - Common Stock,Q,N,N,100,N,N,NASDAQ,,,,,,
FACT,FACT II Acquisition Corp. - Class A Ordinary Shares,G,N,N,100,N,N,NASDAQ,,,,,,
FAMI,"Farmmi, INC. - Ordinary Shares",S,N,N,100,N,N,NASDAQ,,,,,,
FANG,"Diamondback Energy, Inc. - Common Stock",Q,N,N,100,N,N,NASDAQ,,,,,,
FARM,Farmer Brothers Company - Common Stock,Q,N,N,100,N,N,NASDAQ,,,,,,
FAST,Fastenal Company - Common Stock,Q,N,N,100,N,N,NASDAQ,,,,,,
FAT,FAT Brands Inc. - Common Stock,S,N,N,100,N,N,NASDAQ,,,,,,
FATBB,FAT Brands Inc. - Class B Common Stock,S,N,N,100,N,N,NASDAQ,,,,,,
FATE,"Fate Therapeutics, Inc. - Common Stock",G,N,N,100,N,N,NASDAQ,,,,,,
FATN,"FatPipe, Inc. - common stock",S,N,N,100,N,N,NASDAQ,,,,,,
FBGL,FBS Global Limited - Ordinary Shares,S,N,D,100,N,N,NASDAQ,,,,,,
FBIO,"Fortress Biotech, Inc. - Common Stock",S,N,N,100,N,N,NASDAQ,,,,,,
FBIZ,"First Business Financial Services, Inc. - Common Stock",Q,N,N,100,N,N,NASDAQ,,,,,,
FBLA,"FB Bancorp, Inc. - Common Stock",S,N,N,100,N,N,NASDAQ,,,,,,
FBLG,"FibroBiologics, Inc. - Common Stock",S,N,D,100,N,N,NASDAQ,,,,,,
FBNC,First Bancorp - Common Stock,Q,N,N,100,N,N,NASDAQ,,,,,,
FBRX,"Forte Biosciences, Inc.  - Common Stock",S,N,N,100,N,N,NASDAQ,,,,,,
FBYD,"Falcon's Beyond Global, Inc. - Class A Common Stock",G,N,N,100,N,N,NASDAQ,,,,,,
FCAP,"First Capital, Inc. - Common Stock",S,N,N,100,N,N,NASDAQ,,,,,,
FCBC,"First Community Bankshares, Inc. - Common Stock",Q,N,N,100,N,N,NASDAQ,,,,,,
FCCO,First Community Corporation - Common Stock,S,N,N,100,N,N,NASDAQ,,,,,,
FCEL,"FuelCell Energy, Inc. - Common Stock",G,N,N,100,N,N,NASDAQ,,,,,,
FCFS,"FirstCash Holdings, Inc. - Common Stock",Q,N,N,100,N,N,NASDAQ,,,,,,
FCHL,Fitness Champs Holdings Limited - Common Stock,S,N,N,100,N,N,NASDAQ,,,,,,
FCNCA,"First Citizens BancShares, Inc. - Class A Common Stock",Q,N,N,100,N,N,NASDAQ,,,,,,
FCUV,Focus Universal Inc. - Common Stock,S,N,D,100,N,N,NASDAQ,,,,,,
FDBC,"Fidelity D & D Bancorp, Inc. - Common Stock",G,N,N,100,N,N,NASDAQ,,,,,,
FDMT,"4D Molecular Therapeutics, Inc. - Common Stock",Q,N,N,100,N,N,NASDAQ,,,,,,
FDSB,"Fifth District Bancorp, Inc. - Common Stock",S,N,N,100,N,N,NASDAQ,,,,,,
FEAM,"5E Advanced Materials, Inc. - Common Stock",Q,N,N,100,N,N,NASDAQ,,,,,,
FEBO,Fenbo Holdings Limited - Class A Ordinary Shares,S,N,D,100,N,N,NASDAQ,,,,,,
FEIM,"Frequency Electronics, Inc. - Common Stock",G,N,N,100,N,N,NASDAQ,,,,,,
FELE,"Franklin Electric Co., Inc. - Common Stock",Q,N,N,100,N,N,NASDAQ,,,,,,
FEMY,Femasys Inc. - Common Stock,S,N,D,100,N,N,NASDAQ,,,,,,
FENC,Fennec Pharmaceuticals Inc. - Common Stock,S,N,N,100,N,N,NASDAQ,,,,,,
FER,Ferrovial SE - Ordinary Shares,Q,N,N,100,N,N,NASDAQ,,,,,,
FERA,Fifth Era Acquisition Corp I - Class A Ordinary Shares,G,N,N,100,N,N,NASDAQ,,,,,,
FFAI,Faraday Future Intelligent Electric Inc. - Class A Common Stock,S,N,N,100,N,N,NASDAQ,,,,,,
FFBC,First Financial Bancorp. - Common Stock,Q,N,N,100,N,N,NASDAQ,,,,,,
FFIC,Flushing Financial Corporation - Common Stock,Q,N,N,100,N,N,NASDAQ,,,,,,
FFIN,"First Financial Bankshares, Inc. - Common Stock",Q,N,N,100,N,N,NASDAQ,,,,,,
FFIV,"F5, Inc. - Common Stock",Q,N,N,100,N,N,NASDAQ,,,,,,
FGBI,"First Guaranty Bancshares, Inc. - Common Stock",G,N,N,100,N,N,NASDAQ,,,,,,
FGEN,"FibroGen, Inc - Common Stock",Q,N,N,100,N,N,NASDAQ,,,,,,
FGI,FGI Industries Ltd. - Ordinary Shares,S,N,N,100,N,N,NASDAQ,,,,,,
FGL,Founder Group Limited - Class A Ordinary Shares,S,N,N,100,N,N,NASDAQ,,,,,,
FGMC,FG Merger II Corp. - Common stock,G,N,N,100,N,N,NASDAQ,,,,,,
FGNX,FG Nexus Inc. - Common Stock,G,N,N,100,N,N,NASDAQ,,,,,,
FHB,"First Hawaiian, Inc. - Common Stock",Q,N,N,100,N,N,NASDAQ,,,,,,
FHTX,Foghorn Therapeutics Inc. - Common Stock,G,N,N,100,N,N,NASDAQ,,,,,,
FIBK,"First Interstate BancSystem, Inc. - Common Stock",Q,N,N,100,N,N,NASDAQ,,,,,,
FIEE,"FiEE, Inc - Common Stock",S,N,N,100,N,N,NASDAQ,,,,,,
FIGX,FIGX Capital Acquisition Corp. - Class A ordinary share,G,N,N,100,N,N,NASDAQ,,,,,,
FIP,FTAI Infrastructure Inc. - Common Stock,Q,N,N,100,N,N,NASDAQ,,,,,,
FISI,"Financial Institutions, Inc. - Common Stock",Q,N,N,100,N,N,NASDAQ,,,,,,
FITB,Fifth Third Bancorp - Common Stock,Q,N,N,100,N,N,NASDAQ,,,,,,
FIVE,"Five Below, Inc. - Common Stock",Q,N,N,100,N,N,NASDAQ,,,,,,
FIVN,"Five9, Inc. - Common Stock",G,N,N,100,N,N,NASDAQ,,,,,,
FIZZ,National Beverage Corp. - Common Stock,Q,N,N,100,N,N,NASDAQ,,,,,,
FKWL,Franklin Wireless Corp. - common stock,S,N,N,100,N,N,NASDAQ,,,,,,
FLD,"Fold Holdings, Inc. - Class A Common Stock",S,N,N,100,N,N,NASDAQ,,,,,,
FLEX,Flex Ltd. - Ordinary Shares,Q,N,N,100,N,N,NASDAQ,,,,,,
FLGC,Flora Growth Corp. - Common Stock,S,N,D,100,N,N,NASDAQ,,,,,,
FLGT,"Fulgent Genetics, Inc. - Common Stock",G,N,N,100,N,N,NASDAQ,,,,,,
FLL,"Full House Resorts, Inc. - Common Stock",S,N,N,100,N,N,NASDAQ,,,,,,
FLNC,"Fluence Energy, Inc. - Class A Common Stock",Q,N,N,100,N,N,NASDAQ,,,,,,
FLNT,"Fluent, Inc. - Common Stock",S,N,N,100,N,N,NASDAQ,,,,,,
FLUX,"Flux Power Holdings, Inc. - Common Stock",S,N,N,100,N,N,NASDAQ,,,,,,
FLWS,"1-800-FLOWERS.COM, Inc. - Class A Common Stock",Q,N,N,100,N,N,NASDAQ,,,,,,
FLXS,"Flexsteel Industries, Inc. - Common Stock",Q,N,N,100,N,N,NASDAQ,,,,,,
FLY,Firefly Aerospace Inc. - Common Stock,G,N,N,100,N,N,NASDAQ,,,,,,
FLYE,"Fly-E Group, Inc. - Common Stock",S,N,N,100,N,N,NASDAQ,,,,,,
FMAO,"Farmers & Merchants Bancorp, Inc. - Common Stock",S,N,N,100,N,N,NASDAQ,,,,,,
FMBH,"First Mid Bancshares, Inc. - Common Stock",G,N,N,100,N,N,NASDAQ,,,,,,
FMFC,Kandal M Venture Limited - Class A ordinary Shares,S,N,N,100,N,N,NASDAQ,,,,,,
FMNB,Farmers National Banc Corp. - Common Stock,S,N,N,100,N,N,NASDAQ,,,,,,
FMST,Foremost Clean Energy Ltd. - Common Shares,S,N,N,100,N,N,NASDAQ,,,,,,
FNKO,"Funko, Inc. - Class A Common Stock",Q,N,N,100,N,N,NASDAQ,,,,,,
FNLC,"First Bancorp, Inc (ME) - Common Stock",Q,N,N,100,N,N,NASDAQ,,,,,,
FNWB,First Northwest Bancorp - Common Stock,G,N,N,100,N,N,NASDAQ,,,,,,
FNWD,Finward Bancorp - common stock,S,N,N,100,N,N,NASDAQ,,,,,,
FOFO,"Hang Feng Technology Innovation Co., Ltd. - Ordinary Shares",S,N,N,100,N,N,NASDAQ,,,,,,
FOLD,"Amicus Therapeutics, Inc. - Common Stock",G,N,N,100,N,N,NASDAQ,,,,,,
FORA,Forian Inc. - Common Stock,S,N,N,100,N,N,NASDAQ,,,,,,
FORD,"Forward Industries, Inc. - Common Stock",S,N,N,100,N,N,NASDAQ,,,,,,
FORM,"FormFactor, Inc. - Common Stock",Q,N,N,100,N,N,NASDAQ,,,,,,
FOSL,"Fossil Group, Inc. - Common Stock",Q,N,N,100,N,N,NASDAQ,,,,,,
FOX,Fox Corporation - Class B Common Stock,Q,N,N,100,N,N,NASDAQ,,,,,,
FOXA,Fox Corporation - Class A Common Stock,Q,N,N,100,N,N,NASDAQ,,,,,,
FOXF,Fox Factory Holding Corp. - Common Stock,Q,N,N,100,N,N,NASDAQ,,,,,,
FOXX,Foxx Development Holdings Inc. - Common Stock,S,N,N,100,N,N,NASDAQ,,,,,,
FRAF,Franklin Financial Services Corporation - Common Stock,S,N,N,100,N,N,NASDAQ,,,,,,
FRBA,First Bank  - Common Stock,G,N,N,100,N,N,NASDAQ,,,,,,
FRD,Friedman Industries Inc. - Common Stock,Q,N,N,100,N,N,NASDAQ,,,,,,
FRGT,"Freight Technologies, Inc. - Ordinary Shares",S,N,N,100,N,N,NASDAQ,,,,,,
FRHC,Freedom Holding Corp. - Common Stock,S,N,N,100,N,N,NASDAQ,,,,,,
FRME,First Merchants Corporation - Common Stock,Q,N,N,100,N,N,NASDAQ,,,,,,
FRMI,Fermi Inc. - Common Stock,Q,N,N,100,N,N,NASDAQ,,,,,,
FROG,JFrog Ltd. - Ordinary shares,Q,N,N,100,N,N,NASDAQ,,,,,,
FRPH,"FRP Holdings, Inc. - Common Stock",Q,N,N,100,N,N,NASDAQ,,,,,,
FRPT,"Freshpet, Inc. - Common Stock",G,N,N,100,N,N,NASDAQ,,,,,,
FRSH,Freshworks Inc. - Class A Common Stock,Q,N,N,100,N,N,NASDAQ,,,,,,
FRST,Primis Financial Corp. - Common Stock,G,N,N,100,N,N,NASDAQ,,,,,,
FSBC,Five Star Bancorp - Common Stock,Q,N,N,100,N,N,NASDAQ,,,,,,
FSEA,"First Seacoast Bancorp, Inc. - Common Stock",S,N,N,100,N,N,NASDAQ,,,,,,
FSFG,"First Savings Financial Group, Inc. - Common Stock",S,N,N,100,N,N,NASDAQ,,,,,,
FSHP,Flag Ship Acquisition Corp. - Ordinary Shares,G,N,N,100,N,N,NASDAQ,,,,,,
FSUN,FirstSun Capital Bancorp - Common Stock,Q,N,N,100,N,N,NASDAQ,,,,,,
FSV,FirstService Corporation - Common Shares,Q,N,N,100,N,N,NASDAQ,,,,,,
FTAI,FTAI Aviation Ltd. - Common Stock,Q,N,N,100,N,N,NASDAQ,,,,,,
FTCI,"FTC Solar, Inc. - Common Stock",S,N,N,100,N,N,NASDAQ,,,,,,
FTEK,"Fuel Tech, Inc. - Common Stock",S,N,N,100,N,N,NASDAQ,,,,,,
FTEL,Fitell Corporation - Class A Ordinary Shares,S,N,N,100,N,N,NASDAQ,,,,,,
FTFT,Future FinTech Group Inc. - Common Stock,S,N,N,100,N,N,NASDAQ,,,,,,
FTHM,Fathom Holdings Inc. - Common Stock,S,N,N,100,N,N,NASDAQ,,,,,,
FTLF,"FitLife Brands, Inc. - Common Stock",S,N,N,100,N,N,NASDAQ,,,,,,
FTNT,"Fortinet, Inc. - Common Stock",Q,N,N,100,N,N,NASDAQ,,,,,,
FTRE,Fortrea Holdings Inc. - Common Stock,Q,N,N,100,N,N,NASDAQ,,,,,,
FTRK,FAST TRACK GROUP - Ordinary shares,S,N,D,100,N,N,NASDAQ,,,,,,
FULC,"Fulcrum Therapeutics, Inc. - Common Stock",G,N,N,100,N,N,NASDAQ,,,,,,
FULT,Fulton Financial Corporation - Common Stock,Q,N,N,100,N,N,NASDAQ,,,,,,
FUNC,First United Corporation - Common Stock,Q,N,N,100,N,N,NASDAQ,,,,,,
FUSB,"First US Bancshares, Inc. - Common Stock",S,N,N,100,N,N,NASDAQ,,,,,,
FUSE,Fusemachines Inc. - Common stock,G,N,N,100,N,N,NASDAQ,,,,,,
FVCB,"FVCBankcorp, Inc. - Common Stock",S,N,N,100,N,N,NASDAQ,,,,,,
FVN,Future Vision II Acquisition Corporation - Ordinary Shares,S,N,N,100,N,N,NASDAQ,,,,,,
FWONA,Liberty Media Corporation - Series A Liberty Formula One Common Stock,Q,N,N,100,N,N,NASDAQ,,,,,,
FWONK,Liberty Media Corporation - Series C Liberty Formula One Common Stock,Q,N,N,100,N,N,NASDAQ,,,,,,
FWRD,Forward Air Corporation - Common Stock,Q,N,N,100,N,N,NASDAQ,,,,,,
FWRG,"First Watch Restaurant Group, Inc. - Common Stock",Q,N,N,100,N,N,NASDAQ,,,,,,
FXNC,First National Corporation - Common Stock,S,N,N,100,N,N,NASDAQ,,,,,,
GABC,"German American Bancorp, Inc. - Common Stock",Q,N,N,100,N,N,NASDAQ,,,,,,
GAIA,"Gaia, Inc. - Class A Common Stock",G,N,N,100,N,N,NASDAQ,,,,,,
GALT,Galectin Therapeutics Inc. - Common Stock,S,N,N,100,N,N,NASDAQ,,,,,,
GAMB,Gambling.com Group Limited - Ordinary Shares,G,N,N,100,N,N,NASDAQ,,,,,,
GAME,"GameSquare Holdings, Inc. - Common stock",S,N,D,100,N,N,NASDAQ,,,,,,
GANX,"Gain Therapeutics, Inc. - Common Stock",G,N,N,100,N,N,NASDAQ,,,,,,
GASS,"StealthGas, Inc. - common stock",Q,N,N,100,N,N,NASDAQ,,,,,,
GAUZ,Gauzy Ltd. - Ordinary Shares,G,N,N,100,N,N,NASDAQ,,,,,,
GBFH,GBank Financial Holdings Inc. - Common Stock,S,N,N,100,N,N,NASDAQ,,,,,,
GBIO,Generation Bio Co. - Common stock,Q,N,N,100,N,N,NASDAQ,,,,,,
GCBC,"Greene County Bancorp, Inc. - Common Stock",S,N,N,100,N,N,NASDAQ,,,,,,
GCL,GCL Global Holdings Ltd - Ordinary Shares,Q,N,N,100,N,N,NASDAQ,,,,,,
GCMG,GCM Grosvenor Inc. - Class A Common Stock,G,N,N,100,N,N,NASDAQ,,,,,,
GCT,GigaCloud Technology Inc - Class A Ordinary Shares,G,N,N,100,N,N,NASDAQ,,,,,,
GCTK,"GlucoTrack, Inc. - Common Stock",S,N,N,100,N,N,NASDAQ,,,,,,
GDC,GD Culture Group Limited - Common Stock,S,N,N,100,N,N,NASDAQ,,,,,,
GDEN,"Golden Entertainment, Inc. - Common Stock",G,N,N,100,N,N,NASDAQ,,,,,,
GDEV,GDEV Inc. - Ordinary Shares,G,N,N,100,N,N,NASDAQ,,,,,,
GDHG,Golden Heaven Group Holdings Ltd.  - Class A Ordinary Shares,S,N,N,100,N,N,NASDAQ,,,,,,
GDRX,"GoodRx Holdings, Inc. - Class A Common Stock",Q,N,N,100,N,N,NASDAQ,,,,,,
GDTC,CytoMed Therapeutics Limited - Ordinary Shares,S,N,N,100,N,N,NASDAQ,,,,,,
GDYN,"Grid Dynamics Holdings, Inc. - Class A Common Stock",S,N,N,100,N,N,NASDAQ,,,,,,
GEG,"Great Elm Group, Inc.  - Common Stock",Q,N,N,100,N,N,NASDAQ,,,,,,
GEHC,GE HealthCare Technologies Inc. - Common Stock,Q,N,N,100,N,N,NASDAQ,,,,,,
GELS,Gelteq Limited - Ordinary Shares,S,N,N,100,N,N,NASDAQ,,,,,,
GEMI,"Gemini Space Station, Inc. - Class A Common Stock",Q,N,N,100,N,N,NASDAQ,,,,,,
GEN,Gen Digital Inc. - Common Stock,Q,N,N,100,N,N,NASDAQ,,,,,,
GENK,"GEN Restaurant Group, Inc. - Class A Common Stock",G,N,N,100,N,N,NASDAQ,,,,,,
GEOS,Geospace Technologies Corporation - Common Stock,Q,N,N,100,N,N,NASDAQ,,,,,,
GERN,Geron Corporation - Common Stock,Q,N,N,100,N,N,NASDAQ,,,,,,
GEVO,"Gevo, Inc. - Common Stock",S,N,N,100,N,N,NASDAQ,,,,,,
GFAI,"Guardforce AI Co., Limited - Ordinary Shares",S,N,N,100,N,N,NASDAQ,,,,,,
GGR,Gogoro Inc. - Ordinary Shares,S,N,N,100,N,N,NASDAQ,,,,,,
GH,"Guardant Health, Inc. - Common Stock",Q,N,N,100,N,N,NASDAQ,,,,,,
GHRS,GH Research PLC - Ordinary Shares,G,N,N,100,N,N,NASDAQ,,,,,,
GIBO,GIBO Holdings Limited - Class A Ordinary Shares,S,N,N,100,N,N,NASDAQ,,,,,,
GIFI,"Gulf Island Fabrication, Inc. - Common Stock",Q,N,N,100,N,N,NASDAQ,,,,,,
GIFT,"Giftify, Inc. - Common Stock",S,N,N,100,N,N,NASDAQ,,,,,,
GIG,GigCapital7 Corp. - Class A Ordinary Share,G,N,N,100,N,N,NASDAQ,,,,,,
GIGM,GigaMedia Limited - Ordinary Shares,S,N,N,100,N,N,NASDAQ,,,,,,
GIII,"G-III Apparel Group, LTD. - Common Stock",Q,N,N,100,N,N,NASDAQ,,,,,,
GILD,"Gilead Sciences, Inc. - Common Stock",Q,N,N,100,N,N,NASDAQ,,,,,,
GILT,Gilat Satellite Networks Ltd. - Ordinary Shares,Q,N,N,100,N,N,NASDAQ,,,,,,
GITS,"Global Interactive Technologies, Inc. Common Stock - Common Stock",S,N,N,100,N,N,NASDAQ,,,,,,
GLBE,Global-E Online Ltd. - ordinary shares,Q,N,N,100,N,N,NASDAQ,,,,,,
GLBS,Globus Maritime Limited - Common Stock,S,N,N,100,N,N,NASDAQ,,,,,,
GLBZ,Glen Burnie Bancorp - Common Stock,S,N,N,100,N,N,NASDAQ,,,,,,
GLDD,Great Lakes Dredge & Dock Corporation - Common Stock,Q,N,N,100,N,N,NASDAQ,,,,,,
GLE,Global Engine Group Holding Limited - Class A Ordinary Shares,S,N,N,100,N,N,NASDAQ,,,,,,
GLIBA,"GCI Liberty, Inc. - Series A GCI Group Common Stock",Q,N,N,100,N,N,NASDAQ,,,,,,
GLIBK,"GCI Liberty, Inc. - Series C GCI Group Common Stock",Q,N,N,100,N,N,NASDAQ,,,,,,
GLMD,Galmed Pharmaceuticals Ltd. - Ordinary Shares,S,N,N,100,N,N,NASDAQ,,,,,,
GLNG,Golar LNG Limited - Common Shares,Q,N,N,100,N,N,NASDAQ,,,,,,
GLPI,"Gaming and Leisure Properties, Inc. - Common Stock",Q,N,N,100,N,N,NASDAQ,,,,,,
GLRE,"Greenlight Reinsurance, Ltd. - Class A Ordinary Shares",Q,N,N,100,N,N,NASDAQ,,,,,,
GLSI,"Greenwich LifeSciences, Inc. - Common stock",S,N,N,100,N,N,NASDAQ,,,,,,
GLTO,"Galecto, Inc. - Common Stock",S,N,N,100,N,N,NASDAQ,,,,,,
GLUE,"Monte Rosa Therapeutics, Inc. - Common Stock",Q,N,N,100,N,N,NASDAQ,,,,,,
GLXG,Galaxy Payroll Group Limited - Class A Ordinary Shares,S,N,N,100,N,N,NASDAQ,,,,,,
GLXY,Galaxy Digital Inc. - Class A common stock,Q,N,N,100,N,N,NASDAQ,,,,,,
GMGI,"Golden Matrix Group, Inc. - Common Stock",S,N,N,100,N,N,NASDAQ,,,,,,
GMHS,Gamehaus Holdings Inc. - Class A Ordinary Shares,S,N,N,100,N,N,NASDAQ,,,,,,
GMM,Global Mofy AI Limited  - Class A Ordinary Shares,S,N,N,100,N,N,NASDAQ,,,,,,
GNLN,"Greenlane Holdings, Inc. - Class A Common Stock",S,N,N,100,N,N,NASDAQ,,,,,,
GNLX,Genelux Corporation - Common Stock,S,N,N,100,N,N,NASDAQ,,,,,,
GNPX,"Genprex, Inc. - Common Stock",S,N,D,100,N,N,NASDAQ,,,,,,
GNSS,Genasys Inc. - Common Stock,S,N,N,100,N,N,NASDAQ,,,,,,
GNTX,Gentex Corporation - Common Stock,Q,N,N,100,N,N,NASDAQ,,,,,,
GO,Grocery Outlet Holding Corp. - Common Stock,Q,N,N,100,N,N,NASDAQ,,,,,,
GOCO,"GoHealth, Inc. - Class A Common Stock",S,N,N,100,N,N,NASDAQ,,,,,,
GOGO,Gogo Inc. - Common Stock,Q,N,N,100,N,N,NASDAQ,,,,,,
GOOGL,Alphabet Inc. - Class A Common Stock,Q,N,N,100,N,N,NASDAQ,,,,,,
GORV,"Lazydays Holdings, Inc. - Common Stock",S,N,N,100,N,N,NASDAQ,,,,,,
GOSS,"Gossamer Bio, Inc. - Common Stock",Q,N,N,100,N,N,NASDAQ,,,,,,
GOVX,"GeoVax Labs, Inc. - Common Stock",S,N,D,100,N,N,NASDAQ,,,,,,
GP,GreenPower Motor Company Inc. - Common Shares,S,N,D,100,N,N,NASDAQ,,,,,,
GPAT,GP-Act III Acquisition Corp. - Class A Ordinary Share,G,N,N,100,N,N,NASDAQ,,,,,,
GPRE,"Green Plains, Inc. - Common Stock",Q,N,N,100,N,N,NASDAQ,,,,,,
GPRO,"GoPro, Inc. - Class A Common Stock",Q,N,N,100,N,N,NASDAQ,,,,,,
GRAB,Grab Holdings Limited - Class A Ordinary Shares,Q,N,N,100,N,N,NASDAQ,,,,,,
GRAL,"GRAIL, Inc. - Common Stock",Q,N,N,100,N,N,NASDAQ,,,,,,
GRAN,Grande Group Limited - Class A Ordinary Shares,S,N,N,100,N,N,NASDAQ,,,,,,
GRCE,"Grace Therapeutics, Inc. - Common Stock",S,N,N,100,N,N,NASDAQ,,,,,,
GREE,Greenidge Generation Holdings Inc. - Class A Common Stock,Q,N,N,100,N,N,NASDAQ,,,,,,
GRI,"GRI Bio, Inc. - Common Stock",S,N,N,100,N,N,NASDAQ,,,,,,
GRNQ,Greenpro Capital Corp. - Common Stock,S,N,N,100,N,N,NASDAQ,,,,,,
GRPN,"Groupon, Inc. - Common Stock",Q,N,N,100,N,N,NASDAQ,,,,,,
GRWG,GrowGeneration Corp. - Common Stock,S,N,N,100,N,N,NASDAQ,,,,,,
GSAT,"Globalstar, Inc. - Common Stock",Q,N,N,100,N,N,NASDAQ,,,,,,
GSBC,"Great Southern Bancorp, Inc. - Common Stock",Q,N,N,100,N,N,NASDAQ,,,,,,
GSHD,"Goosehead Insurance, Inc. - Class A Common Stock",Q,N,N,100,N,N,NASDAQ,,,,,,
GSIT,"GSI Technology, Inc. - Common Stock",Q,N,N,100,N,N,NASDAQ,,,,,,
GSM,Ferroglobe PLC - Ordinary Shares,S,N,N,100,N,N,NASDAQ,,,,,,
GSRF,GSR IV Acquisition Corp. - Class A ordinary share,G,N,N,100,N,N,NASDAQ,,,,,,
GSUN,Golden Sun Health Technology Group Limited - Class A Ordinary Shares,S,N,N,100,N,N,NASDAQ,,,,,,
GT,The Goodyear Tire & Rubber Company - Common Stock,Q,N,N,100,N,N,NASDAQ,,,,,,
GTBP,"GT Biopharma, Inc. - Common Stock",S,N,N,100,N,N,NASDAQ,,,,,,
GTEC,Greenland Technologies Holding Corporation - Ordinary Shares,S,N,N,100,N,N,NASDAQ,,,,,,
GTEN,"Gores Holdings X, Inc. - Class A ordinary shares",G,N,N,100,N,N,NASDAQ,,,,,,
GTERA,Globa Terra Acquisition Corporation - Class A Ordinary Shares,G,N,N,100,N,N,NASDAQ,,,,,,
GTI,Graphjet Technology - Class A Ordinary Shares,G,N,H,100,N,N,NASDAQ,,,,,,
GTIM,Good Times Restaurants Inc. - Common Stock,S,N,N,100,N,N,NASDAQ,,,,,,
GTLB,GitLab Inc. - Class A Common Stock,Q,N,N,100,N,N,NASDAQ,,,,,,
GTM,ZoomInfo Technologies Inc. - Common Stock,Q,N,N,100,N,N,NASDAQ,,,,,,
GTX,Garrett Motion Inc. - Common Stock,Q,N,N,100,N,N,NASDAQ,,,,,,
GURE,"Gulf Resources, Inc. - Common Stock",S,N,D,100,N,N,NASDAQ,,,,,,
GUTS,"Fractyl Health, Inc. - Common Stock",G,N,N,100,N,N,NASDAQ,,,,,,
GV,Visionary Holdings Inc. - Common Shares,S,N,E,100,N,N,NASDAQ,,,,,,
GWAV,"Greenwave Technology Solutions, Inc. - Common Stock",S,N,E,100,N,N,NASDAQ,,,,,,
GWRS,"Global Water Resources, Inc. - common stock",G,N,N,100,N,N,NASDAQ,,,,,,
GXAI,Gaxos.ai Inc. - Common Stock,S,N,N,100,N,N,NASDAQ,,,,,,
GYRE,"Gyre Therapeutics, Inc. - Common Stock",S,N,N,100,N,N,NASDAQ,,,,,,
GYRO,"Gyrodyne , LLC - Common Stock",S,N,N,100,N,N,NASDAQ,,,,,,
HAFC,Hanmi Financial Corporation - Common Stock,Q,N,N,100,N,N,NASDAQ,,,,,,
HAIN,"The Hain Celestial Group, Inc. - Common Stock",Q,N,N,100,N,N,NASDAQ,,,,,,
HALO,"Halozyme Therapeutics, Inc. - Common Stock",Q,N,N,100,N,N,NASDAQ,,,,,,
HAS,"Hasbro, Inc. - Common Stock",Q,N,N,100,N,N,NASDAQ,,,,,,
HBAN,Huntington Bancshares Incorporated - Common Stock,Q,N,N,100,N,N,NASDAQ,,,,,,
HBCP,"Home Bancorp, Inc. - Common Stock",Q,N,N,100,N,N,NASDAQ,,,,,,
HBIO,"Harvard Bioscience, Inc. - Common Stock",S,N,D,100,N,N,NASDAQ,,,,,,
HBNB,Hotel101 Global Holdings Corp. - Class A Ordinary Shares,S,N,N,100,N,N,NASDAQ,,,,,,
HBNC,"Horizon Bancorp, Inc. - Common Stock",Q,N,N,100,N,N,NASDAQ,,,,,,
HBT,"HBT Financial, Inc. - Common Stock",Q,N,N,100,N,N,NASDAQ,,,,,,
HCAI,"Huachen AI Parking Management Technology Holding Co., Ltd. - Class A Ordinary Shares",S,N,D,100,N,N,NASDAQ,,,,,,
HCAT,"Health Catalyst, Inc - Common stock",Q,N,N,100,N,N,NASDAQ,,,,,,
HCHL,Happy City Holdings Limited - Class A Ordinary shares,S,N,N,100,N,N,NASDAQ,,,,,,
HCKT,"The Hackett Group, Inc. - Common Stock",Q,N,N,100,N,N,NASDAQ,,,,,,
HCMA,HCM III Acquisition Corp. - Class A Ordinary Share,G,N,N,100,N,N,NASDAQ,,,,,,
HCSG,"Healthcare Services Group, Inc. - Common Stock",Q,N,N,100,N,N,NASDAQ,,,,,,
HCTI,"Healthcare Triangle, Inc. - Common Stock",S,N,N,100,N,N,NASDAQ,,,,,,
HCWB,HCW Biologics Inc. - Common Stock,S,N,D,100,N,N,NASDAQ,,,,,,
HDSN,"Hudson Technologies, Inc. - Common Stock",S,N,N,100,N,N,NASDAQ,,,,,,
HELE,Helen of Troy Limited - Common Stock,Q,N,N,100,N,N,NASDAQ,,,,,,
HFBL,"Home Federal Bancorp, Inc. of Louisiana - Common Stock",S,N,N,100,N,N,NASDAQ,,,,,,
HFFG,HF Foods Group Inc. - Common Stock,S,N,N,100,N,N,NASDAQ,,,,,,
HFWA,Heritage Financial Corporation - Common Stock,Q,N,N,100,N,N,NASDAQ,,,,,,
HGBL,Heritage Global Inc. - Common Stock,S,N,N,100,N,N,NASDAQ,,,,,,
HHS,"Harte Hanks, Inc. - Common Stock",G,N,N,100,N,N,NASDAQ,,,,,,
HIFS,Hingham Institution for Savings - Common Stock,G,N,N,100,N,N,NASDAQ,,,,,,
HIHO,Highway Holdings Limited - Common Stock,S,N,N,100,N,N,NASDAQ,,,,,,
HIND,"Vyome Holdings, Inc. - Common Stock",S,N,N,100,N,N,NASDAQ,,,,,,
HIT,"Health In Tech, Inc. - Class A Common Stock",S,N,N,100,N,N,NASDAQ,,,,,,
HITI,High Tide Inc. - Common Shares,S,N,N,100,N,N,NASDAQ,,,,,,
HIVE,HIVE Digital Technologies Ltd - Common Shares,S,N,N,100,N,N,NASDAQ,,,,,,
HKIT,Hitek Global Inc. - Class A Ordinary Share,S,N,N,100,N,N,NASDAQ,,,,,,
HKPD,Hong Kong Pharma Digital Technology Holdings Limited - Ordinary shares,S,N,N,100,N,N,NASDAQ,,,,,,
HLIT,Harmonic Inc. - Common Stock,Q,N,N,100,N,N,NASDAQ,,,,,,
HLMN,Hillman Solutions Corp. - Common Stock,G,N,N,100,N,N,NASDAQ,,,,,,
HLNE,Hamilton Lane Incorporated - Class A Common Stock,Q,N,N,100,N,N,NASDAQ,,,,,,
HLP,Hongli Group Inc. - Ordinary Shares,S,N,N,100,N,N,NASDAQ,,,,,,
HMR,Heidmar Maritime Holdings Corp. - Common Stock,S,N,N,100,N,N,NASDAQ,,,,,,
HNNA,"Hennessy Advisors, Inc. - Common Stock",G,N,N,100,N,N,NASDAQ,,,,,,
HNRG,Hallador Energy Company - Common Stock,S,N,N,100,N,N,NASDAQ,,,,,,
HNST,"The Honest Company, Inc. - Common Stock",Q,N,N,100,N,N,NASDAQ,,,,,,
HOFT,Hooker Furnishings Corporation - Common Stock,Q,N,N,100,N,N,NASDAQ,,,,,,
HOLO,MicroCloud Hologram Inc. - Ordinary Shares,S,N,N,100,N,N,NASDAQ,,,,,,
HOLX,"Hologic, Inc. - Common Stock",Q,N,N,100,N,N,NASDAQ,,,,,,
HON,Honeywell International Inc. - Common Stock,Q,N,N,100,N,N,NASDAQ,,,,,,
HOND,HCM II Acquisition Corp. - Class A Ordinary Shares,G,N,N,100,N,N,NASDAQ,,,,,,
HONE,"HarborOne Bancorp, Inc. - Common Stock",Q,N,N,100,N,N,NASDAQ,,,,,,
HONIV,Honeywell International Inc. - Common Stock Ex Distribution When Issued,Q,N,N,100,N,N,NASDAQ,,,,,,
HOOD,"Robinhood Markets, Inc. - Class A Common Stock",Q,N,N,100,N,N,NASDAQ,,,,,,
HOPE,"Hope Bancorp, Inc. - Common Stock",Q,N,N,100,N,N,NASDAQ,,,,,,
HOTH,"Hoth Therapeutics, Inc. - Common Stock",S,N,N,100,N,N,NASDAQ,,,,,,
HOWL,"Werewolf Therapeutics, Inc. - Common Stock",Q,N,N,100,N,N,NASDAQ,,,,,,
HPAI,Helport AI Limited - Ordinary Shares,S,N,N,100,N,N,NASDAQ,,,,,,
HPK,"HighPeak Energy, Inc. - Common Stock",G,N,N,100,N,N,NASDAQ,,,,,,
HQI,"HireQuest, Inc. - Common Stock",S,N,N,100,N,N,NASDAQ,,,,,,
HQY,"HealthEquity, Inc. - Common Stock",Q,N,N,100,N,N,NASDAQ,,,,,,
HRMY,"Harmony Biosciences Holdings, Inc. - Common Stock",G,N,N,100,N,N,NASDAQ,,,,,,
HRTX,"Heron Therapeutics, Inc.   - Common Stock",S,N,N,100,N,N,NASDAQ,,,,,,
HRZN,Horizon Technology Finance Corporation - Common Stock,Q,N,N,100,N,N,NASDAQ,,,,,,
HSCS,HeartSciences Inc. - Common Stock,S,N,N,100,N,N,NASDAQ,,,,,,
HSDT,Solana Company - Class A Common Stock,S,N,N,100,N,N,NASDAQ,,,,,,
HSIC,"Henry Schein, Inc. - Common Stock",Q,N,N,100,N,N,NASDAQ,,,,,,
HSII,"Heidrick & Struggles International, Inc. - Common Stock",Q,N,N,100,N,N,NASDAQ,,,,,,
HSPO,Horizon Space Acquisition I Corp. - Ordinary Shares,S,N,N,100,N,N,NASDAQ,,,,,,
HST,"Host Hotels & Resorts, Inc. - Common Stock",Q,N,N,100,N,N,NASDAQ,,,,,,
HSTM,"HealthStream, Inc. - Common Stock",Q,N,N,100,N,N,NASDAQ,,,,,,
HTBK,Heritage Commerce Corp - Common Stock,Q,N,N,100,N,N,NASDAQ,,,,,,
HTCO,High-Trend International Group - Class A Ordinary Shares,S,N,N,100,N,N,NASDAQ,,,,,,
HTFL,"Heartflow, Inc. - Common Stock",Q,N,N,100,N,N,NASDAQ,,,,,,
HTLD,"Heartland Express, Inc. - Common Stock",Q,N,N,100,N,N,NASDAQ,,,,,,
HTLM,HomesToLife Ltd - Ordinary Shares,S,N,N,100,N,N,NASDAQ,,,,,,
HTO,H2O America  - Common Stock,Q,N,N,100,N,N,NASDAQ,,,,,,
HTOO,Fusion Fuel Green PLC - Ordinary Shares,S,N,N,100,N,N,NASDAQ,,,,,,
HTZ,"Hertz Global Holdings, Inc - Common Stock",Q,N,N,100,N,N,NASDAQ,,,,,,
HUBC,Hub Cyber Security Ltd. - Ordinary Shares,S,N,N,100,N,N,NASDAQ,,,,,,
HUBG,"Hub Group, Inc. - Class A Common Stock",Q,N,N,100,N,N,NASDAQ,,,,,,
HUDI,"Huadi International Group Co., Ltd. - Ordinary Shares",S,N,N,100,N,N,NASDAQ,,,,,,
HUMA,"Humacyte, Inc. - Common Stock",Q,N,N,100,N,N,NASDAQ,,,,,,
HURA,"TuHURA Biosciences, Inc. - Common Stock",S,N,N,100,N,N,NASDAQ,,,,,,
HURC,"Hurco Companies, Inc. - Common Stock",Q,N,N,100,N,N,NASDAQ,,,,,,
HURN,Huron Consulting Group Inc. - Common Stock,Q,N,N,100,N,N,NASDAQ,,,,,,
HUT,Hut 8 Corp. - Common Stock,Q,N,N,100,N,N,NASDAQ,,,,,,
HVII,Hennessy Capital Investment Corp. VII - Ordinary Shares,G,N,N,100,N,N,NASDAQ,,,,,,
HVMC,Highview Merger Corp. - Class A Ordinary Share,G,N,N,100,N,N,NASDAQ,,,,,,
HWBK,"Hawthorn Bancshares, Inc. - Common Stock",Q,N,N,100,N,N,NASDAQ,,,,,,
HWC,Hancock Whitney Corporation - Common Stock,Q,N,N,100,N,N,NASDAQ,,,,,,
HWH,HWH International Inc. - Common Stock,S,N,N,100,N,N,NASDAQ,,,,,,
HWKN,"Hawkins, Inc. - Common Stock",Q,N,N,100,N,N,NASDAQ,,,,,,
HXHX,Haoxin Holdings Limited - Class A Ordinary Shares,S,N,N,100,N,N,NASDAQ,,,,,,
HYFM,"Hydrofarm Holdings Group, Inc. - Common Stock",S,N,N,100,N,N,NASDAQ,,,,,,
HYFT,MindWalk Holdings Corp. - Common Stock,S,N,N,100,N,N,NASDAQ,,,,,,
HYMC,Hycroft Mining Holding Corporation - Class A Common Stock,S,N,N,100,N,N,NASDAQ,,,,,,
HYPD,"Hyperion DeFi, Inc. - Common Stock",S,N,N,100,N,N,NASDAQ,,,,,,
IAC,IAC Inc. - Common Stock,Q,N,N,100,N,N,NASDAQ,,,,,,
IART,Integra LifeSciences Holdings Corporation - Common Stock,Q,N,N,100,N,N,NASDAQ,,,,,,
IAS,Integral Ad Science Holding Corp. - Common Stock,Q,N,N,100,N,N,NASDAQ,,,,,,
IBAC,IB Acquisition Corp. - Common Stock,G,N,N,100,N,N,NASDAQ,,,,,,
IBCP,Independent Bank Corporation - Common Stock,Q,N,N,100,N,N,NASDAQ,,,,,,
IBG,Innovation Beverage Group Limited - Ordinary Shares,S,N,D,100,N,N,NASDAQ,,,,,,
IBIO,"iBio, Inc. - Common Stock",S,N,D,100,N,N,NASDAQ,,,,,,
IBOC,International Bancshares Corporation - Common Stock,Q,N,N,100,N,N,NASDAQ,,,,,,
IBRX,"ImmunityBio, Inc. - Common Stock",Q,N,N,100,N,N,NASDAQ,,,,,,
ICCC,ImmuCell Corporation - Common Stock,S,N,N,100,N,N,NASDAQ,,,,,,
ICCM,IceCure Medical Ltd. - Ordinary Shares,S,N,N,100,N,N,NASDAQ,,,,,,
ICFI,"ICF International, Inc. - Common Stock",Q,N,N,100,N,N,NASDAQ,,,,,,
ICMB,"Investcorp Credit Management BDC, Inc. - Common Stock",Q,N,N,100,N,N,NASDAQ,,,,,,
ICON,Icon Energy Corp. - Common stock,S,N,N,100,N,N,NASDAQ,,,,,,
ICU,SeaStar Medical Holding Corporation - Common Stock,S,N,D,100,N,N,NASDAQ,,,,,,
ICUI,"ICU Medical, Inc. - Common Stock",Q,N,N,100,N,N,NASDAQ,,,,,,
IDAI,T Stamp Inc. - Class A Common Stock,S,N,N,100,N,N,NASDAQ,,,,,,
IDCC,"InterDigital, Inc. - Common Stock",Q,N,N,100,N,N,NASDAQ,,,,,,
IDN,"Intellicheck, Inc. - Common Stock",G,N,N,100,N,N,NASDAQ,,,,,,
IDXX,"IDEXX Laboratories, Inc. - Common Stock",Q,N,N,100,N,N,NASDAQ,,,,,,
IDYA,"IDEAYA Biosciences, Inc. - Common Stock",Q,N,N,100,N,N,NASDAQ,,,,,,
IESC,"IES Holdings, Inc. - Common Stock",G,N,N,100,N,N,NASDAQ,,,,,,
IFBD,"Infobird Co., Ltd - Ordinary Shares",S,N,N,100,N,N,NASDAQ,,,,,,
IFRX,InflaRx N.V. - Common Stock,Q,N,N,100,N,N,NASDAQ,,,,,,
IGIC,International General Insurance Holdings Ltd. - Ordinary Shares,S,N,N,100,N,N,NASDAQ,,,,,,
IHRT,"iHeartMedia, Inc. - Class A Common Stock",Q,N,N,100,N,N,NASDAQ,,,,,,
III,"Information Services Group, Inc. - Common Stock",G,N,N,100,N,N,NASDAQ,,,,,,
IIIV,"i3 Verticals, Inc. - Common Stock",Q,N,N,100,N,N,NASDAQ,,,,,,
IINN,Inspira Technologies Oxy B.H.N. Ltd. - Ordinary Shares,S,N,N,100,N,N,NASDAQ,,,,,,
IKT,"Inhibikase Therapeutics, Inc. - Common Stock",S,N,N,100,N,N,NASDAQ,,,,,,
ILAG,Intelligent Living Application Group Inc. - Ordinary Shares,S,N,D,100,N,N,NASDAQ,,,,,,
ILMN,"Illumina, Inc. - Common Stock",Q,N,N,100,N,N,NASDAQ,,,,,,
ILPT,Industrial Logistics Properties Trust - Common Shares of Beneficial Interest,Q,N,N,100,N,N,NASDAQ,,,,,,
IMA,"ImageneBio, Inc. - Common Stock",S,N,N,100,N,N,NASDAQ,,,,,,
IMCC,IM Cannabis Corp. - Common Shares,S,N,N,100,N,N,NASDAQ,,,,,,
IMDX,Insight Molecular Diagnostics Inc. - Common Stock,S,N,N,100,N,N,NASDAQ,,,,,,
IMG,CIMG Inc. - Common Stock,S,N,H,100,N,N,NASDAQ,,,,,,
IMKTA,"Ingles Markets, Incorporated - Class A Common Stock",Q,N,N,100,N,N,NASDAQ,,,,,,
IMMX,"Immix Biopharma, Inc. - Common Stock",S,N,N,100,N,N,NASDAQ,,,,,,
IMNM,"Immunome, Inc. - Common Stock",S,N,N,100,N,N,NASDAQ,,,,,,
IMNN,"Imunon, Inc. - Common Stock",S,N,N,100,N,N,NASDAQ,,,,,,
IMPP,Imperial Petroleum Inc. - Common Shares,S,N,N,100,N,N,NASDAQ,,,,,,
IMRX,Immuneering Corporation - Class A Common Stock,G,N,N,100,N,N,NASDAQ,,,,,,
IMTE,Integrated Media Technology Limited - Ordinary Shares,S,N,E,100,N,N,NASDAQ,,,,,,
IMTX,Immatics N.V. - Ordinary Shares,S,N,N,100,N,N,NASDAQ,,,,,,
IMUX,"Immunic, Inc.  - Common Stock",Q,N,D,100,N,N,NASDAQ,,,,,,
IMVT,"Immunovant, Inc.  - Common Stock",Q,N,N,100,N,N,NASDAQ,,,,,,
IMXI,"International Money Express, Inc. - Common Stock",S,N,N,100,N,N,NASDAQ,,,,,,
INAB,"IN8bio, Inc. - Common Stock",S,N,N,100,N,N,NASDAQ,,,,,,
INAC,Indigo Acquisition Corp. - Ordinary Shares,G,N,N,100,N,N,NASDAQ,,,,,,
INBK,First Internet Bancorp - Common Stock,Q,N,N,100,N,N,NASDAQ,,,,,,
INBS,Intelligent Bio Solutions Inc.  - Common Stock,S,N,N,100,N,N,NASDAQ,,,,,,
INBX,"Inhibrx Biosciences, Inc. - Common Stock",Q,N,N,100,N,N,NASDAQ,,,,,,
INCY,Incyte Corporation - Common Stock,Q,N,N,100,N,N,NASDAQ,,,,,,
INDB,Independent Bank Corp. - Common Stock,Q,N,N,100,N,N,NASDAQ,,,,,,
INDI,"indie Semiconductor, Inc. - Class A Common Stock",S,N,N,100,N,N,NASDAQ,,,,,,
INDP,"Indaptus Therapeutics, Inc. - Common Stock",S,N,N,100,N,N,NASDAQ,,,,,,
INDV,Indivior PLC - Ordinary Shares,Q,N,N,100,N,N,NASDAQ,,,,,,
INEO,INNEOVA Holdings Limited - Ordinary Shares,S,N,N,100,N,N,NASDAQ,,,,,,
INGN,"Inogen, Inc - Common Stock",Q,N,N,100,N,N,NASDAQ,,,,,,
INHD,Inno Holdings Inc. - Common Stock,S,N,N,100,N,N,NASDAQ,,,,,,
INKT,"MiNK Therapeutics, Inc. - Common Stock",S,N,N,100,N,N,NASDAQ,,,,,,
INLF,INLIF LIMITED - Class A Ordinary shares,S,N,N,100,N,N,NASDAQ,,,,,,
INM,InMed Pharmaceuticals Inc. - Common Shares,S,N,N,100,N,N,NASDAQ,,,,,,
INMB,INmune Bio Inc. - Common stock,S,N,N,100,N,N,NASDAQ,,,,,,
INMD,InMode Ltd.  - Ordinary Shares,Q,N,N,100,N,N,NASDAQ,,,,,,
INNV,InnovAge Holding Corp. - Common Stock,Q,N,N,100,N,N,NASDAQ,,,,,,
INO,"Inovio Pharmaceuticals, Inc. - Common Stock",S,N,N,100,N,N,NASDAQ,,,,,,
INOD,Innodata Inc. - Common Stock,G,N,N,100,N,N,NASDAQ,,,,,,
INSE,"Inspired Entertainment, Inc. - Common Stock",S,N,N,100,N,N,NASDAQ,,,,,,
INSG,Inseego Corp. - Common Stock,Q,N,N,100,N,N,NASDAQ,,,,,,
INSM,Insmed Incorporated - Common Stock,Q,N,N,100,N,N,NASDAQ,,,,,,
INTA,"Intapp, Inc. - Common Stock",Q,N,N,100,N,N,NASDAQ,,,,,,
INTC,Intel Corporation - Common Stock,Q,N,N,100,N,N,NASDAQ,,,,,,
INTG,The Intergroup Corporation - Common Stock,S,N,N,100,N,N,NASDAQ,,,,,,
INTJ,Intelligent Group Limited - Class A Ordinary Shares,S,N,D,100,N,N,NASDAQ,,,,,,
INTS,"Intensity Therapeutics, Inc. - Common Stock",S,N,D,100,N,N,NASDAQ,,,,,,
INTZ,Intrusion Inc. - Common Stock,S,N,N,100,N,N,NASDAQ,,,,,,
INV,"Innventure, Inc. - Common Stock",G,N,N,100,N,N,NASDAQ,,,,,,
INVA,"Innoviva, Inc. - Common Stock",Q,N,N,100,N,N,NASDAQ,,,,,,
INVE,"Identiv, Inc. - Common Stock",S,N,N,100,N,N,NASDAQ,,,,,,
INVZ,Innoviz Technologies Ltd. - Ordinary shares,S,N,N,100,N,N,NASDAQ,,,,,,
IOBT,"IO Biotech, Inc. - Common Stock",Q,N,N,100,N,N,NASDAQ,,,,,,
IONS,"Ionis Pharmaceuticals, Inc. - Common Stock",Q,N,N,100,N,N,NASDAQ,,,,,,
IOSP,Innospec Inc. - Common Stock,Q,N,N,100,N,N,NASDAQ,,,,,,
IOVA,"Iovance Biotherapeutics, Inc. - Common Stock",G,N,N,100,N,N,NASDAQ,,,,,,
IPCX,Inflection Point Acquisition Corp. III - Class A ordinary shares,G,N,N,100,N,N,NASDAQ,,,,,,
IPDN,"Professional Diversity Network, Inc. - Common Stock",S,N,N,100,N,N,NASDAQ,,,,,,
IPGP,IPG Photonics Corporation - Common Stock,Q,N,N,100,N,N,NASDAQ,,,,,,
IPM,Intelligent Protection Management Corp.  - Common Stock,S,N,N,100,N,N,NASDAQ,,,,,,
IPOD,Dune Acquisition Corporation II - Class A ordinary shares,G,N,N,100,N,N,NASDAQ,,,,,,
IPSC,"Century Therapeutics, Inc. - Common Stock",S,N,D,100,N,N,NASDAQ,,,,,,
IPST,"Heritage Distilling Holding Company, Inc. - Common Stock",S,N,D,100,N,N,NASDAQ,,,,,,
IPW,iPower Inc. - Common Stock,S,N,D,100,N,N,NASDAQ,,,,,,
IQST,iQSTEL Inc. - Common Stock,S,N,N,100,N,N,NASDAQ,,,,,,
IRBT,iRobot Corporation - Common Stock,Q,N,N,100,N,N,NASDAQ,,,,,,
IRD,"Opus Genetics, Inc. - Common Stock",S,N,N,100,N,N,NASDAQ,,,,,,
IRDM,Iridium Communications Inc - Common Stock,Q,N,N,100,N,N,NASDAQ,,,,,,
IREN,IREN Limited - Ordinary Shares,Q,N,N,100,N,N,NASDAQ,,,,,,
IRIX,IRIDEX Corporation - Common Stock,S,N,N,100,N,N,NASDAQ,,,,,,
IRMD,iRadimed Corporation - Common Stock,G,N,N,100,N,N,NASDAQ,,,,,,
IRON,"Disc Medicine, Inc. - Common Stock",G,N,N,100,N,N,NASDAQ,,,,,,
IROQ,"IF Bancorp, Inc. - Common Stock",S,N,N,100,N,N,NASDAQ,,,,,,
IRTC,"iRhythm Technologies, Inc. - Common Stock",Q,N,N,100,N,N,NASDAQ,,,,,,
IRWD,"Ironwood Pharmaceuticals, Inc. - Class A Common Stock",Q,N,N,100,N,N,NASDAQ,,,,,,
ISBA,Isabella Bank Corporation - Common stock,S,N,N,100,N,N,NASDAQ,,,,,,
ISPC,iSpecimen Inc. - Common Stock,S,N,D,100,N,N,NASDAQ,,,,,,
ISPO,Inspirato Incorporated - Class A Common Stock,G,N,N,100,N,N,NASDAQ,,,,,,
ISRG,"Intuitive Surgical, Inc. - Common Stock",Q,N,N,100,N,N,NASDAQ,,,,,,
ISRL,Israel Acquisitions Corp - Class A Ordinary Shares,G,N,D,100,N,N,NASDAQ,,,,,,
ISSC,"Innovative Solutions and Support, Inc. - Common Stock",Q,N,N,100,N,N,NASDAQ,,,,,,
ITIC,Investors Title Company - Common Stock,Q,N,N,100,N,N,NASDAQ,,,,,,
ITRI,"Itron, Inc. - Common Stock",Q,N,N,100,N,N,NASDAQ,,,,,,
ITRN,Ituran Location and Control Ltd. - Ordinary Shares,Q,N,N,100,N,N,NASDAQ,,,,,,
IVDA,"Iveda Solutions, Inc. - Common Stock",S,N,D,100,N,N,NASDAQ,,,,,,
IVF,"INVO Fertility, Inc. - Common Stock",S,N,N,100,N,N,NASDAQ,,,,,,
IVP,"Inspire Veterinary Partners, Inc. - Class A Common Stock",S,N,N,100,N,N,NASDAQ,,,,,,
IVVD,"Invivyd, Inc. - Common Stock",G,N,N,100,N,N,NASDAQ,,,,,,
IXHL,Incannex Healthcare Inc. - Common Stock,S,N,D,100,N,N,NASDAQ,,,,,,
IZEA,"IZEA Worldwide, Inc. - Common Stock",S,N,N,100,N,N,NASDAQ,,,,,,
IZM,ICZOOM Group Inc. - Class A Ordinary Shares,S,N,N,100,N,N,NASDAQ,,,,,,
JACK,Jack In The Box Inc. - Common Stock,Q,N,N,100,N,N,NASDAQ,,,,,,
JAGX,"Jaguar Health, Inc. - Common Stock",S,N,N,100,N,N,NASDAQ,,,,,,
JAKK,"JAKKS Pacific, Inc. - Common Stock",Q,N,N,100,N,N,NASDAQ,,,,,,
JAMF,Jamf Holding Corp. - Common Stock,Q,N,N,100,N,N,NASDAQ,,,,,,
JANX,"Janux Therapeutics, Inc. - Common Stock",G,N,N,100,N,N,NASDAQ,,,,,,
JAZZ,Jazz Pharmaceuticals plc - Ordinary Shares,Q,N,N,100,N,N,NASDAQ,,,,,,
JBDI,JBDI Holdings Limited - Ordinary Shares,S,N,N,100,N,N,NASDAQ,,,,,,
JBHT,"J.B. Hunt Transport Services, Inc. - Common Stock",Q,N,N,100,N,N,NASDAQ,,,,,,
JBIO,"Jade Biosciences, Inc. - Common Stock",S,N,N,100,N,N,NASDAQ,,,,,,
JBSS,"John B. Sanfilippo & Son, Inc. - Common Stock",Q,N,N,100,N,N,NASDAQ,,,,,,
JCAP,"Jefferson Capital, Inc. - Common Stock",Q,N,N,100,N,N,NASDAQ,,,,,,
JCSE,JE Cleantech Holdings Limited - Ordinary Shares,S,N,N,100,N,N,NASDAQ,,,,,,
JCTC,Jewett-Cameron Trading Company - Common Shares,S,N,N,100,N,N,NASDAQ,,,,,,
JDZG,JIADE LIMITED - Class A Ordinary Shares,S,N,N,100,N,N,NASDAQ,,,,,,
JEM,707 Cayman Holdings Limited - Ordinary Shares,S,N,D,100,N,N,NASDAQ,,,,,,
JFB,JFB Construction Holdings - Class A Common Stock,S,N,N,100,N,N,NASDAQ,,,,,,
JJSF,J & J Snack Foods Corp. - Common Stock,Q,N,N,100,N,N,NASDAQ,,,,,,
JKHY,"Jack Henry & Associates, Inc. - Common Stock",Q,N,N,100,N,N,NASDAQ,,,,,,
JL,J-Long Group Limited - Class A Ordinary Shares,S,N,N,100,N,N,NASDAQ,,,,,,
JLHL,Julong Holding Limited - Class A Ordinary Shares,S,N,N,100,N,N,NASDAQ,,,,,,
JMSB,"John Marshall Bancorp, Inc. - Common Stock",S,N,N,100,N,N,NASDAQ,,,,,,
JOUT,Johnson Outdoors Inc. - Class A Common Stock,Q,N,N,100,N,N,NASDAQ,,,,,,
JRSH,"Jerash Holdings (US), Inc. - Common Stock",S,N,N,100,N,N,NASDAQ,,,,,,
JTAI,Jet.AI Inc. - Common Stock,S,N,N,100,N,N,NASDAQ,,,,,,
JUNS,"Jupiter Neurosciences, Inc. - Common Stock",S,N,N,100,N,N,NASDAQ,,,,,,
JVA,"Coffee Holding Co., Inc. - Common Stock",S,N,N,100,N,N,NASDAQ,,,,,,
JWEL,Jowell Global Ltd. - Ordinary Shares,S,N,N,100,N,N,NASDAQ,,,,,,
JXG,JX Luxventure Group Inc. - Common Stock,S,N,N,100,N,N,NASDAQ,,,,,,
JYD,Jayud Global Logistics Limited - Class A Ordinary Shares,S,N,D,100,N,N,NASDAQ,,,,,,
JYNT,The Joint Corp. - Common Stock,S,N,N,100,N,N,NASDAQ,,,,,,
JZXN,"Jiuzi Holdings, Inc. - Ordinary Shares",S,N,N,100,N,N,NASDAQ,,,,,,
KALA,"KALA BIO, Inc. - Common Stock",S,N,N,100,N,N,NASDAQ,,,,,,
KALV,"KalVista Pharmaceuticals, Inc. - Common Stock",G,N,N,100,N,N,NASDAQ,,,,,,
KARO,Karooooo Ltd. - Ordinary shares,S,N,N,100,N,N,NASDAQ,,,,,,
KAVL,"Kaival Brands Innovations Group, Inc. - Common Stock",S,N,D,100,N,N,NASDAQ,,,,,,
KBSX,FST Corp. - Ordinary Shares,G,N,N,100,N,N,NASDAQ,,,,,,
KCHV,Kochav Defense Acquisition Corp. - Class A Ordinary Shares,G,N,N,100,N,N,NASDAQ,,,,,,
KDK,"Kodiak AI, Inc. - Common Stock",G,N,N,100,N,N,NASDAQ,,,,,,
KDP,Keurig Dr Pepper Inc. - Common Stock,Q,N,N,100,N,N,NASDAQ,,,,,,
KE,"Kimball Electronics, Inc. - Common Stock",Q,N,N,100,N,N,NASDAQ,,,,,,
KELYA,"Kelly Services, Inc. - Class A Common Stock",Q,N,N,100,N,N,NASDAQ,,,,,,
KELYB,"Kelly Services, Inc. - Class B Common Stock",Q,N,N,100,N,N,NASDAQ,,,,,,
KFFB,Kentucky First Federal Bancorp - Common Stock,G,N,N,100,N,N,NASDAQ,,,,,,
KFII,K&F Growth Acquisition Corp. II - Class A Ordinary shares,G,N,N,100,N,N,NASDAQ,,,,,,
KG,"Kestrel Group, Ltd. - Common Stock",S,N,N,100,N,N,NASDAQ,,,,,,
KGEI,Kolibri Global Energy Inc. - Common stock,S,N,N,100,N,N,NASDAQ,,,,,,
KHC,The Kraft Heinz Company - Common Stock,Q,N,N,100,N,N,NASDAQ,,,,,,
KIDS,OrthoPediatrics Corp. - Common Stock,G,N,N,100,N,N,NASDAQ,,,,,,
KIDZ,"Classover Holdings, Inc. - Class B Common Stock",S,N,N,100,N,N,NASDAQ,,,,,,
KINS,"Kingstone Companies, Inc - Common Stock",S,N,N,100,N,N,NASDAQ,,,,,,
KITT,"Nauticus Robotics, Inc. - Common stock",S,N,D,100,N,N,NASDAQ,,,,,,
KLAC,KLA Corporation  - Common Stock,Q,N,N,100,N,N,NASDAQ,,,,,,
KLIC,"Kulicke and Soffa Industries, Inc. - Common Stock",Q,N,N,100,N,N,NASDAQ,,,,,,
KLRS,"Kalaris Therapeutics, Inc.  - Common Stock",G,N,N,100,N,N,NASDAQ,,,,,,
KLTO,"Klotho Neurosciences, Inc. - Common Stock",S,N,D,100,N,N,NASDAQ,,,,,,
KLXE,"KLX Energy Services Holdings, Inc.  - Common Stock",Q,N,N,100,N,N,NASDAQ,,,,,,
KMB,Kimberly-Clark Corporation - Common Stock,Q,N,N,100,N,N,NASDAQ,,,,,,
KMDA,Kamada Ltd. - Ordinary Shares,Q,N,N,100,N,N,NASDAQ,,,,,,
KMRK,K-Tech Solutions Company Limited - Class A Ordinary Shares,S,N,N,100,N,N,NASDAQ,,,,,,
KMTS,"Kestra Medical Technologies, Ltd. - Common Stock",Q,N,N,100,N,N,NASDAQ,,,,,,
KNDI,"Kandi Technologies Group, Inc. - Ordinary Shares",Q,N,N,100,N,N,NASDAQ,,,,,,
KNSA,"Kiniksa Pharmaceuticals, Ltd. - Class A Ordinary Shares",Q,N,N,100,N,N,NASDAQ,,,,,,
KOD,Kodiak Sciences Inc - Common Stock,G,N,N,100,N,N,NASDAQ,,,,,,
KOPN,Kopin Corporation - Common Stock,S,N,N,100,N,N,NASDAQ,,,,,,
KOSS,Koss Corporation - Common Stock,S,N,N,100,N,N,NASDAQ,,,,,,
KOYN,CSLM Digital Asset Acquisition Corp III - Class A Ordinary Shares,G,N,N,100,N,N,NASDAQ,,,,,,
KPLT,"Katapult Holdings, Inc. - Common Stock",G,N,N,100,N,N,NASDAQ,,,,,,
KPRX,"Kiora Pharmaceuticals, Inc.  - Common Stock",S,N,N,100,N,N,NASDAQ,,,,,,
KPTI,Karyopharm Therapeutics Inc. - Common Stock,Q,N,N,100,N,N,NASDAQ,,,,,,
KRMD,"KORU Medical Systems, Inc. - Common Stock",S,N,N,100,N,N,NASDAQ,,,,,,
KRNT,Kornit Digital Ltd. - Ordinary Shares,Q,N,N,100,N,N,NASDAQ,,,,,,
KRNY,Kearny Financial - Common Stock,Q,N,N,100,N,N,NASDAQ,,,,,,
KROS,"Keros Therapeutics, Inc. - common stock",G,N,N,100,N,N,NASDAQ,,,,,,
KRRO,"Korro Bio, Inc. - Common Stock",S,N,N,100,N,N,NASDAQ,,,,,,
KRT,Karat Packaging Inc. - Common Stock,Q,N,N,100,N,N,NASDAQ,,,,,,
KRUS,"Kura Sushi USA, Inc. - Class A Common Stock",G,N,N,100,N,N,NASDAQ,,,,,,
KRYS,"Krystal Biotech, Inc. - Common Stock",Q,N,N,100,N,N,NASDAQ,,,,,,
KSCP,"Knightscope, Inc. - Class A Common Stock",S,N,N,100,N,N,NASDAQ,,,,,,
KTCC,Key Tronic Corporation - Common Stock,G,N,N,100,N,N,NASDAQ,,,,,,
KTOS,"Kratos Defense & Security Solutions, Inc. - Common Stock",Q,N,N,100,N,N,NASDAQ,,,,,,
KTTA,Pasithea Therapeutics Corp. - Common Stock,S,N,D,100,N,N,NASDAQ,,,,,,
KURA,"Kura Oncology, Inc. - Common Stock",Q,N,N,100,N,N,NASDAQ,,,,,,
KVAC,Keen Vision Acquisition Corporation - Ordinary Shares,G,N,N,100,N,N,NASDAQ,,,,,,
KVHI,"KVH Industries, Inc. - Common Stock",Q,N,N,100,N,N,NASDAQ,,,,,,
KWM,"K Wave Media, Ltd. - Ordinary Shares",G,N,N,100,N,N,NASDAQ,,,,,,
KXIN,Kaixin Holdings - Ordinary Shares,S,N,N,100,N,N,NASDAQ,,,,,,
KYIV,Kyivstar Group Ltd. - Common Shares,Q,N,N,100,N,N,NASDAQ,,,,,,
KYTX,"Kyverna Therapeutics, Inc. - Common Stock",Q,N,N,100,N,N,NASDAQ,,,,,,
KZR,"Kezar Life Sciences, Inc. - Common Stock",S,N,N,100,N,N,NASDAQ,,,,,,
LAB,Standard BioTools Inc. - Common Stock,Q,N,N,100,N,N,NASDAQ,,,,,,
LAES,SEALSQ Corp - Ordinary Shares,S,N,N,100,N,N,NASDAQ,,,,,,
LAKE,"Lakeland Industries, Inc. - Common Stock",G,N,N,100,N,N,NASDAQ,,,,,,
LAND,Gladstone Land Corporation - Common Stock,G,N,N,100,N,N,NASDAQ,,,,,,
LARK,Landmark Bancorp Inc. - Common Stock,G,N,N,100,N,N,NASDAQ,,,,,,
LASE,Laser Photonics Corporation - Common Stock,S,N,N,100,N,N,NASDAQ,,,,,,
LBGJ,Li Bang International Corporation Inc. - Ordinary Shares,S,N,N,100,N,N,NASDAQ,,,,,,
LBRDA,Liberty Broadband Corporation - Class A Common Stock,Q,N,N,100,N,N,NASDAQ,,,,,,
LBRDK,Liberty Broadband Corporation - Class C Common Stock,Q,N,N,100,N,N,NASDAQ,,,,,,
LBRX,LB Pharmaceuticals Inc - Common Stock,G,N,N,100,N,N,NASDAQ,,,,,,
LBTYA,Liberty Global Ltd. - Class A Common Shares,Q,N,N,100,N,N,NASDAQ,,,,,,
LBTYB,Liberty Global Ltd. - Class B Common Shares,Q,N,N,100,N,N,NASDAQ,,,,,,
LBTYK,Liberty Global Ltd. - Class C Common Shares,Q,N,N,100,N,N,NASDAQ,,,,,,
LCCC,Lakeshore Acquisition III Corp. - Ordinary Shares,G,N,N,100,N,N,NASDAQ,,,,,,
LCID,"Lucid Group, Inc. - Common Stock",Q,N,N,100,N,N,NASDAQ,,,,,,
LCNB,LCNB Corporation - Common Stock,S,N,N,100,N,N,NASDAQ,,,,,,
LCUT,"Lifetime Brands, Inc. - Common Stock",Q,N,N,100,N,N,NASDAQ,,,,,,
LDWY,"Lendway, Inc. - Common Stock",S,N,N,100,N,N,NASDAQ,,,,,,
LE,"Lands' End, Inc. - Common Stock",S,N,N,100,N,N,NASDAQ,,,,,,
LECO,"Lincoln Electric Holdings, Inc. - Common Shares",Q,N,N,100,N,N,NASDAQ,,,,,,
LEDS,SemiLEDS Corporation - Common Stock,S,N,N,100,N,N,NASDAQ,,,,,,
LEE,"Lee Enterprises, Incorporated - Common Stock",Q,N,N,100,N,N,NASDAQ,,,,,,
LEGH,Legacy Housing Corporation - Common Stock,Q,N,N,100,N,N,NASDAQ,,,,,,
LENZ,"LENZ Therapeutics, Inc. - Common Stock",Q,N,N,100,N,N,NASDAQ,,,,,,
LESL,"Leslie's, Inc. - Common Stock",Q,N,N,100,N,N,NASDAQ,,,,,,
LEXX,Lexaria Bioscience Corp. - Common Stock,S,N,N,100,N,N,NASDAQ,,,,,,
LFMD,"LifeMD, Inc. - Common Stock",G,N,N,100,N,N,NASDAQ,,,,,,
LFST,"LifeStance Health Group, Inc. - Common Stock",Q,N,N,100,N,N,NASDAQ,,,,,,
LFUS,"Littelfuse, Inc. - Common Stock",Q,N,N,100,N,N,NASDAQ,,,,,,
LFVN,Lifevantage Corporation - Common Stock,S,N,N,100,N,N,NASDAQ,,,,,,
LFWD,Lifeward Ltd. - Ordinary Shares,S,N,D,100,N,N,NASDAQ,,,,,,
LGCB,Linkage Global Inc - Class A Ordinary Shares,S,N,N,100,N,N,NASDAQ,,,,,,
LGCL,Lucas GC Limited - Class A Ordinary Shares,S,N,D,100,N,N,NASDAQ,,,,,,
LGIH,"LGI Homes, Inc. - Common Stock",Q,N,N,100,N,N,NASDAQ,,,,,,
LGN,Legence Corp. - Class A Common stock,Q,N,N,100,N,N,NASDAQ,,,,,,
LGND,Ligand Pharmaceuticals Incorporated - Common Stock,G,N,N,100,N,N,NASDAQ,,,,,,
LGO,Largo Inc. - Common Shares,Q,N,N,100,N,N,NASDAQ,,,,,,
LGVN,Longeveron Inc. - Class A Common stock,S,N,D,100,N,N,NASDAQ,,,,,,
LHAI,Linkhome Holdings Inc. - Common stock,S,N,N,100,N,N,NASDAQ,,,,,,
LICN,Lichen International Limited - Class A Ordinary Shares,S,N,N,100,N,N,NASDAQ,,,,,,
LIEN,"Chicago Atlantic BDC, Inc. - Common Stock",G,N,N,100,N,N,NASDAQ,,,,,,
LIF,"Life360, Inc. - Common Stock",Q,N,N,100,N,N,NASDAQ,,,,,,
LILA,Liberty Latin America Ltd. - Class A Common Stock,Q,N,N,100,N,N,NASDAQ,,,,,,
LILAK,Liberty Latin America Ltd. - Class C Common Stock,Q,N,N,100,N,N,NASDAQ,,,,,,
LIMN,"Liminatus Pharma, Inc. - Class A Common Stock",G,N,N,100,N,N,NASDAQ,,,,,,
LIN,Linde plc - Ordinary Shares,Q,N,N,100,N,N,NASDAQ,,,,,,
LINC,Lincoln Educational Services Corporation - Common Stock,Q,N,N,100,N,N,NASDAQ,,,,,,
LIND,Lindblad Expeditions Holdings Inc.  - Common Stock,S,N,N,100,N,N,NASDAQ,,,,,,
LINE,"Lineage, Inc. - Common Stock",Q,N,N,100,N,N,NASDAQ,,,,,,
LINK,"Interlink Electronics, Inc. - Common Stock",S,N,N,100,N,N,NASDAQ,,,,,,
LIQT,"LiqTech International, Inc. - Common Stock",S,N,N,100,N,N,NASDAQ,,,,,,
LITE,Lumentum Holdings Inc. - Common Stock,Q,N,N,100,N,N,NASDAQ,,,,,,
LITM,Snow Lake Resources Ltd. - Common Shares,S,N,N,100,N,N,NASDAQ,,,,,,
LITS,"Lite Strategy, Inc. - Common Stock",S,N,N,100,N,N,NASDAQ,,,,,,
LIVE,Live Ventures Incorporated - Common Stock,S,N,N,100,N,N,NASDAQ,,,,,,
LIVN,LivaNova PLC - Ordinary Shares,Q,N,N,100,N,N,NASDAQ,,,,,,
LIXT,"Lixte Biotechnology Holdings, Inc. - Common Stock",S,N,N,100,N,N,NASDAQ,,,,,,
LKFN,Lakeland Financial Corporation - Common Stock,Q,N,N,100,N,N,NASDAQ,,,,,,
LKQ,LKQ Corporation - Common Stock,Q,N,N,100,N,N,NASDAQ,,,,,,
LLYVA,Liberty Media Corporation - Series A Liberty Live Common Stock,Q,N,N,100,N,N,NASDAQ,,,,,,
LLYVK,Liberty Media Corporation - Series C Liberty Live Common Stock,Q,N,N,100,N,N,NASDAQ,,,,,,
LMAT,"LeMaitre Vascular, Inc. - Common Stock",G,N,N,100,N,N,NASDAQ,,,,,,
LMB,"Limbach Holdings, Inc. - Common Stock",S,N,N,100,N,N,NASDAQ,,,,,,
LMFA,"LM Funding America, Inc. - Common Stock",S,N,N,100,N,N,NASDAQ,,,,,,
LNAI,Lunai Bioworks Inc. - Common Stock,S,N,D,100,N,N,NASDAQ,,,,,,
LNKB,"LINKBANCORP, Inc. - Common Stock",S,N,N,100,N,N,NASDAQ,,,,,,
LNKS,Linkers Industries Limited - Class A Ordinary Shares,S,N,D,100,N,N,NASDAQ,,,,,,
LNT,Alliant Energy Corporation - Common Stock,Q,N,N,100,N,N,NASDAQ,,,,,,
LNTH,"Lantheus Holdings, Inc. - Common Stock",G,N,N,100,N,N,NASDAQ,,,,,,
LNW,"Light & Wonder, Inc.  - Common Stock",Q,N,N,100,N,N,NASDAQ,,,,,,
LNZA,"LanzaTech Global, Inc. - Common Stock",S,N,N,100,N,N,NASDAQ,,,,,,
LOAN,"Manhattan Bridge Capital, Inc - Common Stock",S,N,N,100,N,N,NASDAQ,,,,,,
LOBO,LOBO TECHNOLOGIES LTD. - Class A Ordinary Shares,S,N,D,100,N,N,NASDAQ,,,,,,
LOCO,"El Pollo Loco Holdings, Inc. - Common Stock",Q,N,N,100,N,N,NASDAQ,,,,,,
LOKV,Live Oak Acquisition Corp. V - Class A Ordinary Shares,G,N,N,100,N,N,NASDAQ,,,,,,
LOOP,"Loop Industries, Inc. - Common Stock",G,N,N,100,N,N,NASDAQ,,,,,,
LOPE,"Grand Canyon Education, Inc. - Common Stock",Q,N,N,100,N,N,NASDAQ,,,,,,
LOVE,The Lovesac Company - Common Stock,G,N,N,100,N,N,NASDAQ,,,,,,
LPAA,Launch One Acquisition Corp. - Class A Ordinary Shares,G,N,N,100,N,N,NASDAQ,,,,,,
LPBB,Launch Two Acquisition Corp. - Class A Ordinary Shares,G,N,N,100,N,N,NASDAQ,,,,,,
LPCN,Lipocine Inc. - Common Stock,S,N,N,100,N,N,NASDAQ,,,,,,
LPLA,LPL Financial Holdings Inc. - Common Stock,Q,N,N,100,N,N,NASDAQ,,,,,,
LPRO,Open Lending Corporation - Common Stock,G,N,N,100,N,N,NASDAQ,,,,,,
LPSN,"LivePerson, Inc. - Common Stock",Q,N,D,100,N,N,NASDAQ,,,,,,
LPTH,"LightPath Technologies, Inc. - Class A Common Stock",S,N,N,100,N,N,NASDAQ,,,,,,
LPTX,"Leap Therapeutics, Inc. - Common Stock",S,N,D,100,N,N,NASDAQ,,,,,,
LQDA,Liquidia Corporation - Common Stock,S,N,N,100,N,N,NASDAQ,,,,,,
LQDT,"Liquidity Services, Inc. - Common Stock",Q,N,N,100,N,N,NASDAQ,,,,,,
LRCX,Lam Research Corporation - Common Stock,Q,N,N,100,N,N,NASDAQ,,,,,,
LRHC,La Rosa Holdings Corp. - Common Stock,S,N,N,100,N,N,NASDAQ,,,,,,
LSAK,"Lesaka Technologies, Inc. - Common Stock",Q,N,N,100,N,N,NASDAQ,,,,,,
LSBK,"Lake Shore Bancorp, Inc. - Common Stock",G,N,N,100,N,N,NASDAQ,,,,,,
LSCC,Lattice Semiconductor Corporation - Common Stock,Q,N,N,100,N,N,NASDAQ,,,,,,
LSE,"Leishen Energy Holding Co., Ltd. - Ordinary Shares",S,N,N,100,N,N,NASDAQ,,,,,,
LSH,Lakeside Holding Limited - Common Stock,S,N,N,100,N,N,NASDAQ,,,,,,
LSTA,"Lisata Therapeutics, Inc. - Common Stock",S,N,N,100,N,N,NASDAQ,,,,,,
LTRN,Lantern Pharma Inc. - Common Stock,S,N,N,100,N,N,NASDAQ,,,,,,
LTRX,"Lantronix, Inc. - Common Stock",S,N,N,100,N,N,NASDAQ,,,,,,
LUCD,Lucid Diagnostics Inc. - Common Stock,S,N,N,100,N,N,NASDAQ,,,,,,
LUCY,"Innovative Eyewear, Inc. - Common Stock",S,N,N,100,N,N,NASDAQ,,,,,,
LUNG,Pulmonx Corporation - Common Stock,Q,N,N,100,N,N,NASDAQ,,,,,,
LVO,"LiveOne, Inc. - Common Stock",S,N,D,100,N,N,NASDAQ,,,,,,
LVRO,Lavoro Limited - Class A Ordinary Shares,G,N,E,100,N,N,NASDAQ,,,,,,
LVTX,LAVA Therapeutics N.V. - Ordinary Shares,Q,N,N,100,N,N,NASDAQ,,,,,,
LWAC,LightWave Acquisition Corp. - Class A Ordinary Shares,G,N,N,100,N,N,NASDAQ,,,,,,
LWAY,"Lifeway Foods, Inc. - Common Stock",G,N,N,100,N,N,NASDAQ,,,,,,
LWLG,"Lightwave Logic, Inc. - Common Stock",S,N,N,100,N,N,NASDAQ,,,,,,
LXEO,"Lexeo Therapeutics, Inc. - Common Stock",G,N,N,100,N,N,NASDAQ,,,,,,
LXRX,"Lexicon Pharmaceuticals, Inc. - Common Stock",S,N,N,100,N,N,NASDAQ,,,,,,
LYEL,"Lyell Immunopharma, Inc. - Common Stock",Q,N,N,100,N,N,NASDAQ,,,,,,
LYFT,"Lyft, Inc. - Class A Common Stock",Q,N,N,100,N,N,NASDAQ,,,,,,
LYRA,"Lyra Therapeutics, Inc. - Common Stock",S,N,D,100,N,N,NASDAQ,,,,,,
LYTS,LSI Industries Inc. - Common Stock,Q,N,N,100,N,N,NASDAQ,,,,,,
LZ,"LegalZoom.com, Inc. - Common Stock",Q,N,N,100,N,N,NASDAQ,,,,,,
LZMH,LZ Technology Holdings Limited - Class B Ordinary Shares,S,N,N,100,N,N,NASDAQ,,,,,,
MAAS,Maase Inc. - Class A Ordinary Shares,G,N,N,100,N,N,NASDAQ,,,,,,
MACI,Melar Acquisition Corp. I - Class A Ordinary Shares,G,N,N,100,N,N,NASDAQ,,,,,,
MAGH,Magnitude International Ltd - Ordinary Shares,S,N,N,100,N,N,NASDAQ,,,,,,
MAMA,"Mama's Creations, Inc. - Common Stock",S,N,N,100,N,N,NASDAQ,,,,,,
MAMK,MaxsMaking Inc. - Class A Ordinary Shares,S,N,N,100,N,N,NASDAQ,,,,,,
MAMO,Massimo Group - Common Stock,S,N,N,100,N,N,NASDAQ,,,,,,
MANH,"Manhattan Associates, Inc. - Common Stock",Q,N,N,100,N,N,NASDAQ,,,,,,
MAPS,"WM Technology, Inc. - Class A Common Stock",Q,N,N,100,N,N,NASDAQ,,,,,,
MAR,Marriott International - Class A Common Stock,Q,N,N,100,N,N,NASDAQ,,,,,,
MARA,"MARA Holdings, Inc. - Common Stock",S,N,N,100,N,N,NASDAQ,,,,,,
MASI,Masimo Corporation - Common Stock,Q,N,N,100,N,N,NASDAQ,,,,,,
MASK,3 E Network Technology Group Ltd - Class A Ordinary Shares,S,N,D,100,N,N,NASDAQ,,,,,,
MASS,908 Devices Inc. - Common Stock,G,N,N,100,N,N,NASDAQ,,,,,,
MAT,"Mattel, Inc. - Common Stock",Q,N,N,100,N,N,NASDAQ,,,,,,
MATH,Metalpha Technology Holding Limited - Ordinary Shares,S,N,N,100,N,N,NASDAQ,,,,,,
MAXN,"Maxeon Solar Technologies, Ltd. - Ordinary Shares",Q,N,N,100,N,N,NASDAQ,,,,,,
MAYA,Maywood Acquisition Corp. - Class A Ordinary Shares,G,N,N,100,N,N,NASDAQ,,,,,,
MAYS,"J. W. Mays, Inc. - Common Stock",S,N,N,100,N,N,NASDAQ,,,,,,
MAZE,"Maze Therapeutics, Inc. - Common Stock",G,N,N,100,N,N,NASDAQ,,,,,,
MB,MasterBeef Group - Ordinary Shares,S,N,N,100,N,N,NASDAQ,,,,,,
MBAV,M3-Brigade Acquisition V Corp. - Class A Ordinary shares,G,N,N,100,N,N,NASDAQ,,,,,,
MBBC,"Marathon Bancorp, Inc. - Common Stock",S,N,N,100,N,N,NASDAQ,,,,,,
MBCN,Middlefield Banc Corp. - Common Stock,S,N,N,100,N,N,NASDAQ,,,,,,
MBIN,Merchants Bancorp - Common Stock,S,N,N,100,N,N,NASDAQ,,,,,,
MBIO,"Mustang Bio, Inc. - Common Stock",S,N,N,100,N,N,NASDAQ,,,,,,
MBLY,Mobileye Global Inc. - Class A Common Stock,Q,N,N,100,N,N,NASDAQ,,,,,,
MBOT,Microbot Medical Inc.  - Common Stock,S,N,N,100,N,N,NASDAQ,,,,,,
MBRX,"Moleculin Biotech, Inc. - Common Stock",S,N,D,100,N,N,NASDAQ,,,,,,
MBVI,M3-Brigade Acquisition VI Corp. - Class A Ordinary Shares,G,N,N,100,N,N,NASDAQ,,,,,,
MBWM,Mercantile Bank Corporation - Common Stock,Q,N,N,100,N,N,NASDAQ,,,,,,
MBX,"MBX Biosciences, Inc. - Common Stock",Q,N,N,100,N,N,NASDAQ,,,,,,
MCBS,"MetroCity Bankshares, Inc. - Common Stock",Q,N,N,100,N,N,NASDAQ,,,,,,
MCFT,"MasterCraft Boat Holdings, Inc. - Common Stock",G,N,N,100,N,N,NASDAQ,,,,,,
MCGA,Yorkville Acquisition Corp. - Class A Ordinary Share,G,N,N,100,N,N,NASDAQ,,,,,,
MCHB,Mechanics Bancorp - Class A Common Stock,Q,N,N,100,N,N,NASDAQ,,,,,,
MCHP,Microchip Technology Incorporated - Common Stock,Q,N,N,100,N,N,NASDAQ,,,,,,
MCHX,"Marchex, Inc. - Class B Common Stock",Q,N,N,100,N,N,NASDAQ,,,,,,
MCRB,"Seres Therapeutics, Inc. - Common Stock",Q,N,N,100,N,N,NASDAQ,,,,,,
MCRI,"Monarch Casino & Resort, Inc. - Common Stock",Q,N,N,100,N,N,NASDAQ,,,,,,
MCTA,Charming Medical Limited - Class A Ordinary Shares,S,N,N,100,N,N,NASDAQ,,,,,,
MCW,"Mister Car Wash, Inc. - Common Stock",Q,N,N,100,N,N,NASDAQ,,,,,,
MDAI,"Spectral AI, Inc. - Class A Common Stock",S,N,N,100,N,N,NASDAQ,,,,,,
MDB,"MongoDB, Inc. - Class A Common Stock",G,N,N,100,N,N,NASDAQ,,,,,,
MDCX,Medicus Pharma Ltd. - Common Stock,S,N,N,100,N,N,NASDAQ,,,,,,
MDIA,Mediaco Holding Inc. - Class A Common Stock,S,N,N,100,N,N,NASDAQ,,,,,,
MDLZ,"Mondelez International, Inc. - Class A Common Stock",Q,N,N,100,N,N,NASDAQ,,,,,,
MDWD,MediWound Ltd. - Ordinary Shares,G,N,N,100,N,N,NASDAQ,,,,,,
MDXG,"MiMedx Group, Inc - Common Stock",S,N,N,100,N,N,NASDAQ,,,,,,
MDXH,MDxHealth SA - Ordinary Shares,S,N,N,100,N,N,NASDAQ,,,,,,
MEDP,"Medpace Holdings, Inc. - Common Stock",Q,N,N,100,N,N,NASDAQ,,,,,,
MEGL,Magic Empire Global Limited - Class A Ordinary Shares,S,N,N,100,N,N,NASDAQ,,,,,,
MELI,"MercadoLibre, Inc. - Common Stock",Q,N,N,100,N,N,NASDAQ,,,,,,
MENS,Jyong Biotech Ltd. - Ordinary shares,G,N,N,100,N,N,NASDAQ,,,,,,
MEOH,Methanex Corporation - Common Stock,Q,N,N,100,N,N,NASDAQ,,,,,,
MERC,Mercer International Inc. - Common Stock,Q,N,N,100,N,N,NASDAQ,,,,,,
MESA,"Mesa Air Group, Inc. - Common Stock",S,N,D,100,N,N,NASDAQ,,,,,,
META,"Meta Platforms, Inc. - Class A Common Stock",Q,N,N,100,N,N,NASDAQ,,,,,,
METC,"Ramaco Resources, Inc. - Class A Common Stock",Q,N,N,100,N,N,NASDAQ,,,,,,
METCB,"Ramaco Resources, Inc. - Class B Common Stock",Q,N,N,100,N,N,NASDAQ,,,,,,
MFH,Mercurity Fintech Holding Inc. - American Ordinary Shares,G,N,N,100,N,N,NASDAQ,,,,,,
MFI,mF International Limited - Class A Ordinary Shares,S,N,N,100,N,N,NASDAQ,,,,,,
MFIN,Medallion Financial Corp. - Common Stock,Q,N,N,100,N,N,NASDAQ,,,,,,
MGEE,MGE Energy Inc. - Common Stock,Q,N,N,100,N,N,NASDAQ,,,,,,
MGIC,Magic Software Enterprises Ltd. - Ordinary Shares,Q,N,N,100,N,N,NASDAQ,,,,,,
MGIH,Millennium Group International Holdings Limited - Ordinary Shares,S,N,N,100,N,N,NASDAQ,,,,,,
MGN,Megan Holdings Limited - Ordinary shares.,S,N,N,100,N,N,NASDAQ,,,,,,
MGNI,"Magnite, Inc. - Common Stock",Q,N,N,100,N,N,NASDAQ,,,,,,
MGNX,"MacroGenics, Inc. - Common Stock",Q,N,N,100,N,N,NASDAQ,,,,,,
MGPI,"MGP Ingredients, Inc. - Common Stock",Q,N,N,100,N,N,NASDAQ,,,,,,
MGRC,McGrath RentCorp - Common Stock,Q,N,N,100,N,N,NASDAQ,,,,,,
MGRT,Mega Fortune Company Limited - Ordinary Shares,S,N,N,100,N,N,NASDAQ,,,,,,
MGRX,"Mangoceuticals, Inc. - Common Stock",S,N,N,100,N,N,NASDAQ,,,,,,
MGTX,MeiraGTx Holdings plc - Ordinary Shares,Q,N,N,100,N,N,NASDAQ,,,,,,
MGX,"Metagenomi, Inc. - Common Stock",Q,N,N,100,N,N,NASDAQ,,,,,,
MHUA,"Meihua International Medical Technologies Co., Ltd. - Ordinary Shares",S,N,D,100,N,N,NASDAQ,,,,,,
MIDD,The Middleby Corporation - Common Stock,Q,N,N,100,N,N,NASDAQ,,,,,,
MIGI,Mawson Infrastructure Group Inc. - Common Stock,S,N,D,100,N,N,NASDAQ,,,,,,
MIMI,Mint Incorporation Limited - Class A Ordinary Shares,S,N,N,100,N,N,NASDAQ,,,,,,
MIND,"MIND Technology, Inc. - Common Stock",S,N,N,100,N,N,NASDAQ,,,,,,
MIRA,"MIRA Pharmaceuticals, Inc. - Common Stock",S,N,N,100,N,N,NASDAQ,,,,,,
MIRM,"Mirum Pharmaceuticals, Inc. - common stock",G,N,N,100,N,N,NASDAQ,,,,,,
MIST,Milestone Pharmaceuticals Inc. - Common Shares,Q,N,N,100,N,N,NASDAQ,,,,,,
MITK,"Mitek Systems, Inc. - Common Stock",S,N,N,100,N,N,NASDAQ,,,,,,
MKLY,McKinley Acquisition Corporation - Class A Ordinary Shares,G,N,N,100,N,N,NASDAQ,,,,,,
MKSI,MKS Inc. - Common Stock,Q,N,N,100,N,N,NASDAQ,,,,,,
MKTX,"MarketAxess Holdings, Inc. - Common Stock",Q,N,N,100,N,N,NASDAQ,,,,,,
MLAB,"Mesa Laboratories, Inc. - Common Stock",Q,N,N,100,N,N,NASDAQ,,,,,,
MLAC,Mountain Lake Acquisition Corp. - Class A Ordinary Shares,G,N,N,100,N,N,NASDAQ,,,,,,
MLCI,Mount Logan Capital Inc. - Common Stock,S,N,N,100,N,N,NASDAQ,,,,,,
MLEC,Moolec Science SA - Ordinary shares,S,N,N,100,N,N,NASDAQ,,,,,,
MLGO,"MicroAlgo, Inc. - Ordinary Shares",S,N,N,100,N,N,NASDAQ,,,,,,
MLKN,"MillerKnoll, Inc. - Common Stock",Q,N,N,100,N,N,NASDAQ,,,,,,
MLTX,MoonLake Immunotherapeutics - Class A Ordinary Shares,S,N,N,100,N,N,NASDAQ,,,,,,
MLYS,"Mineralys Therapeutics, Inc. - Common Stock",Q,N,N,100,N,N,NASDAQ,,,,,,
MMSI,"Merit Medical Systems, Inc. - Common Stock",Q,N,N,100,N,N,NASDAQ,,,,,,
MMYT,MakeMyTrip Limited - Ordinary Shares,Q,N,N,100,N,N,NASDAQ,,,,,,
MNDO,MIND C.T.I. Ltd. - Ordinary Shares,G,N,N,100,N,N,NASDAQ,,,,,,
MNDY,monday.com Ltd. - Ordinary Shares,Q,N,N,100,N,N,NASDAQ,,,,,,
MNKD,MannKind Corporation - Common Stock,G,N,N,100,N,N,NASDAQ,,,,,,
MNMD,Mind Medicine (MindMed) Inc. - Common Shares,Q,N,N,100,N,N,NASDAQ,,,,,,
MNOV,"MediciNova, Inc. - Common Stock",G,N,N,100,N,N,NASDAQ,,,,,,
MNRO,"Monro, Inc.  - Common Stock",Q,N,N,100,N,N,NASDAQ,,,,,,
MNSB,"MainStreet Bancshares, Inc. - Common Stock",S,N,N,100,N,N,NASDAQ,,,,,,
MNST,Monster Beverage Corporation - Common Stock,Q,N,N,100,N,N,NASDAQ,,,,,,
MNTK,"Montauk Renewables, Inc. - Common Stock",S,N,N,100,N,N,NASDAQ,,,,,,
MNTS,Momentus Inc. - Class A Common Stock,S,N,N,100,N,N,NASDAQ,,,,,,
MNY,MoneyHero Limited - Class A Ordinary Shares,G,N,N,100,N,N,NASDAQ,,,,,,
MOBX,"Mobix Labs, Inc. - Class A Common Stock",S,N,D,100,N,N,NASDAQ,,,,,,
MODD,"Modular Medical, Inc. - common stock",S,N,D,100,N,N,NASDAQ,,,,,,
MOFG,"MidWestOne Financial Group, Inc. - Common Stock",Q,N,N,100,N,N,NASDAQ,,,,,,
MOGO,Mogo Inc. - Common Shares,S,N,N,100,N,N,NASDAQ,,,,,,
MORN,"Morningstar, Inc. - Common Stock",Q,N,N,100,N,N,NASDAQ,,,,,,
MOVE,Movano Inc. - Common Stock,S,N,D,100,N,N,NASDAQ,,,,,,
MPAA,"Motorcar Parts of America, Inc. - Common Stock",Q,N,N,100,N,N,NASDAQ,,,,,,
MPB,Mid Penn Bancorp - Common Stock,G,N,N,100,N,N,NASDAQ,,,,,,
MQ,"Marqeta, Inc. - Class A Common Stock",Q,N,N,100,N,N,NASDAQ,,,,,,
MRAM,"Everspin Technologies, Inc. - Common Stock",G,N,N,100,N,N,NASDAQ,,,,,,
MRBK,Meridian Corporation - Common Stock,Q,N,N,100,N,N,NASDAQ,,,,,,
MRCY,Mercury Systems Inc - Common Stock,Q,N,N,100,N,N,NASDAQ,,,,,,
MRNA,"Moderna, Inc. - Common Stock",Q,N,N,100,N,N,NASDAQ,,,,,,
MRNO,Murano Global Investments PLC - Ordinary Shares,S,N,N,100,N,N,NASDAQ,,,,,,
MRSN,"Mersana Therapeutics, Inc. - Common Stock",Q,N,D,100,N,N,NASDAQ,,,,,,
MRTN,"Marten Transport, Ltd. - Common Stock",Q,N,N,100,N,N,NASDAQ,,,,,,
MRUS,Merus N.V. - Common Shares,G,N,N,100,N,N,NASDAQ,,,,,,
MRVI,"Maravai LifeSciences Holdings, Inc. - Class A common stock",Q,N,N,100,N,N,NASDAQ,,,,,,
MRVL,"Marvell Technology, Inc. - Common Stock",Q,N,N,100,N,N,NASDAQ,,,,,,
MRX,Marex Group plc - Ordinary Shares,Q,N,N,100,N,N,NASDAQ,,,,,,
MSAI,"MultiSensor AI Holdings, Inc. - Common Stock",S,N,D,100,N,N,NASDAQ,,,,,,
MSBI,"Midland States Bancorp, Inc. - Common Stock",Q,N,N,100,N,N,NASDAQ,,,,,,
MSEX,Middlesex Water Company - Common Stock,Q,N,N,100,N,N,NASDAQ,,,,,,
MSFT,Microsoft Corporation - Common Stock,Q,N,N,100,N,N,NASDAQ,,,,,,
MSGM,Motorsport Games Inc. - Class A Common Stock,S,N,N,100,N,N,NASDAQ,,,,,,
MSGY,Masonglory Limited - Ordinary Shares,S,N,N,100,N,N,NASDAQ,,,,,,
MSS,Maison Solutions Inc. - Class A Common Stock,S,N,D,100,N,N,NASDAQ,,,,,,
MSW,Ming Shing Group Holdings Limited - Ordinary Shares,S,N,N,100,N,N,NASDAQ,,,,,,
MTC,"MMTec, Inc. - Common Shares",S,N,N,100,N,N,NASDAQ,,,,,,
MTCH,"Match Group, Inc. - Common Stock",Q,N,N,100,N,N,NASDAQ,,,,,,
MTEK,Maris-Tech Ltd. - ordinary shares,S,N,N,100,N,N,NASDAQ,,,,,,
MTEN,Mingteng International Corporation Inc. - Class A Ordinary Shares,S,N,N,100,N,N,NASDAQ,,,,,,
MTEX,"Mannatech, Incorporated - Common Stock",S,N,N,100,N,N,NASDAQ,,,,,,
MTRX,Matrix Service Company - Common Stock,Q,N,N,100,N,N,NASDAQ,,,,,,
MTSI,"MACOM Technology Solutions Holdings, Inc. - Common Stock",Q,N,N,100,N,N,NASDAQ,,,,,,
MTVA,MetaVia Inc.  - Common Stock,S,N,D,100,N,N,NASDAQ,,,,,,
MU,"Micron Technology, Inc. - Common Stock",Q,N,N,100,N,N,NASDAQ,,,,,,
MURA,Mural Oncology plc - Ordinary Shares,G,N,N,100,N,N,NASDAQ,,,,,,
MVBF,MVB Financial Corp. - Common Stock,S,N,N,100,N,N,NASDAQ,,,,,,
MVIS,"MicroVision, Inc. - Common Stock",G,N,N,100,N,N,NASDAQ,,,,,,
MVST,"Microvast Holdings, Inc. - Common Stock",S,N,N,100,N,N,NASDAQ,,,,,,
MWYN,"Marwynn Holdings, Inc. - Common stock",S,N,N,100,N,N,NASDAQ,,,,,,
MXCT,"MaxCyte, Inc. - Common Stock",Q,N,N,100,N,N,NASDAQ,,,,,,
MXL,"MaxLinear, Inc - Common Stock",Q,N,N,100,N,N,NASDAQ,,,,,,
MYGN,"Myriad Genetics, Inc. - Common Stock",Q,N,N,100,N,N,NASDAQ,,,,,,
MYNZ,Mainz Biomed N.V. - Ordinary Shares,S,N,N,100,N,N,NASDAQ,,,,,,
MYPS,"PLAYSTUDIOS, Inc.  - Class A Common Stock",G,N,N,100,N,N,NASDAQ,,,,,,
MYRG,"MYR Group, Inc. - Common Stock",Q,N,N,100,N,N,NASDAQ,,,,,,
MYSE,"Myseum, Inc. - Common Stock",S,N,N,100,N,N,NASDAQ,,,,,,
MYSZ,"My Size, Inc. - Common Stock",S,N,N,100,N,N,NASDAQ,,,,,,
MZTI,The Marzetti Company - Common Stock,Q,N,N,100,N,N,NASDAQ,,,,,,
NA,Nano Labs Ltd - Class A Ordinary Shares,G,N,N,100,N,N,NASDAQ,,,,,,
NAGE,"Niagen Bioscience, Inc. - Common Stock",S,N,N,100,N,N,NASDAQ,,,,,,
NAII,"Natural Alternatives International, Inc. - Common Stock",G,N,N,100,N,N,NASDAQ,,,,,,
NAKA,"Kindly MD, Inc. - Common Stock",G,N,N,100,N,N,NASDAQ,,,,,,
NAMM,Namib Minerals - Ordinary Shares,G,N,N,100,N,N,NASDAQ,,,,,,
NAMS,NewAmsterdam Pharma Company N.V. - Ordinary Shares,G,N,N,100,N,N,NASDAQ,,,,,,
NAOV,"NanoVibronix, Inc. - Common Stock",S,N,N,100,N,N,NASDAQ,,,,,,
NATH,"Nathan's Famous, Inc. - Common Stock",Q,N,N,100,N,N,NASDAQ,,,,,,
NAUT,"Nautilus Biotechnology, Inc. - Common Stock",Q,N,D,100,N,N,NASDAQ,,,,,,
NAVI,Navient Corporation - Common Stock,Q,N,N,100,N,N,NASDAQ,,,,,,
NB,NioCorp Developments Ltd. - Common Stock,G,N,N,100,N,N,NASDAQ,,,,,,
NBBK,"NB Bancorp, Inc. - Common Stock",S,N,N,100,N,N,NASDAQ,,,,,,
NBIS,Nebius Group N.V. - Class A Ordinary Shares,Q,N,N,100,N,N,NASDAQ,,,,,,
NBIX,"Neurocrine Biosciences, Inc. - Common Stock",Q,N,N,100,N,N,NASDAQ,,,,,,
NBN,Northeast Bank - Common Stock,G,N,N,100,N,N,NASDAQ,,,,,,
NBTB,NBT Bancorp Inc. - Common Stock,Q,N,N,100,N,N,NASDAQ,,,,,,
NCI,Neo-Concept International Group Holdings Limited - Class A Ordinary Shares,S,N,N,100,N,N,NASDAQ,,,,,,
NCMI,"National CineMedia, Inc. - Common Stock",Q,N,N,100,N,N,NASDAQ,,,,,,
NCNO,"nCino, Inc. - Common Stock",Q,N,N,100,N,N,NASDAQ,,,,,,
NCPL,Netcapital Inc. - Common Stock,S,N,N,100,N,N,NASDAQ,,,,,,
NCRA,"Nocera, Inc. - common stock",S,N,N,100,N,N,NASDAQ,,,,,,
NCSM,"NCS Multistage Holdings, Inc. - Common Stock",S,N,N,100,N,N,NASDAQ,,,,,,
NCT,Intercont (Cayman) Limited - Ordinary shares,S,N,N,100,N,N,NASDAQ,,,,,,
NDAQ,"Nasdaq, Inc. - Common Stock",Q,N,N,100,N,N,NASDAQ,,,,,,
NDLS,Noodles & Company - Common Stock,Q,N,D,100,N,N,NASDAQ,,,,,,
NDRA,ENDRA Life Sciences Inc. - Common Stock,S,N,D,100,N,N,NASDAQ,,,,,,
NDSN,Nordson Corporation - Common Stock,Q,N,N,100,N,N,NASDAQ,,,,,,
NECB,"NorthEast Community Bancorp, Inc. - Common Stock",S,N,N,100,N,N,NASDAQ,,,,,,
NEGG,"Newegg Commerce, Inc. - Common Shares",S,N,N,100,N,N,NASDAQ,,,,,,
NEO,"NeoGenomics, Inc. - Common Stock",S,N,N,100,N,N,NASDAQ,,,,,,
NEOG,Neogen Corporation - Common Stock,Q,N,N,100,N,N,NASDAQ,,,,,,
NEON,Neonode Inc. - Common Stock,S,N,N,100,N,N,NASDAQ,,,,,,
NEOV,NeoVolta Inc. - Common Stock,S,N,N,100,N,N,NASDAQ,,,,,,
NEPH,"Nephros, Inc. - Common Stock",S,N,N,100,N,N,NASDAQ,,,,,,
NERV,"Minerva Neurosciences, Inc - Common Stock",S,N,N,100,N,N,NASDAQ,,,,,,
NETD,Nabors Energy Transition Corp. II - Class A Ordinary Shares,G,N,N,100,N,N,NASDAQ,,,,,,
NEUP,Neuphoria Therapeutics Inc. - Common Stock,G,N,D,100,N,N,NASDAQ,,,,,,
NEWT,"NewtekOne, Inc. - Common Stock",G,N,N,100,N,N,NASDAQ,,,,,,
NEXM,NexMetals Mining Corp. - Common Stock,S,N,N,100,N,N,NASDAQ,,,,,,
NEXN,Nexxen International Ltd. - Ordinary Shares,G,N,N,100,N,N,NASDAQ,,,,,,
NEXT,NextDecade Corporation - Common Stock,S,N,N,100,N,N,NASDAQ,,,,,,
NFBK,"Northfield Bancorp, Inc. - Common Stock",Q,N,N,100,N,N,NASDAQ,,,,,,
NFE,New Fortress Energy Inc. - Class A Common Stock,Q,N,N,100,N,N,NASDAQ,,,,,,
NFLX,"Netflix, Inc. - Common Stock",Q,N,N,100,N,N,NASDAQ,,,,,,
NGNE,Neurogene Inc. - Common Stock,G,N,N,100,N,N,NASDAQ,,,,,,
NHIC,NewHold Investment Corp III - Class A Ordinary shares,G,N,N,100,N,N,NASDAQ,,,,,,
NISN,"NiSun Intl Enterprise Development Group Co, Ltd - Class A Common Shares",S,N,N,100,N,N,NASDAQ,,,,,,
NITO,"N2OFF, Inc. - Common Stock",S,N,N,100,N,N,NASDAQ,,,,,,
NIVF,NewGenIvf Group Limited - Class A Ordinary Shares,S,N,N,100,N,N,NASDAQ,,,,,,
NIXX,"Nixxy, Inc. - Common Stock",S,N,N,100,N,N,NASDAQ,,,,,,
NKSH,"National Bankshares, Inc. - Common Stock",S,N,N,100,N,N,NASDAQ,,,,,,
NKTX,"Nkarta, Inc. - Common Stock",Q,N,N,100,N,N,NASDAQ,,,,,,
NLSP,NLS Pharmaceutics Ltd. - Common Shares,S,N,N,100,N,N,NASDAQ,,,,,,
NMFC,New Mountain Finance Corporation - Common Stock,Q,N,N,100,N,N,NASDAQ,,,,,,
NMIH,NMI Holdings Inc - Common Stock,G,N,N,100,N,N,NASDAQ,,,,,,
NMP,NMP Acquisition Corp. - Class A Ordinary Shares,G,N,N,100,N,N,NASDAQ,,,,,,
NMRA,"Neumora Therapeutics, Inc. - Common Stock",Q,N,N,100,N,N,NASDAQ,,,,,,
NMRK,"Newmark Group, Inc. - Class A Common Stock",Q,N,N,100,N,N,NASDAQ,,,,,,
NMTC,NeuroOne Medical Technologies Corporation - Common Stock,S,N,D,100,N,N,NASDAQ,,,,,,
NN,NextNav Inc. - Common stock,S,N,N,100,N,N,NASDAQ,,,,,,
NNE,Nano Nuclear Energy Inc. - common stock,S,N,N,100,N,N,NASDAQ,,,,,,
NNNN,Anbio Biotechnology - Class A Ordinary Shares,G,N,N,100,N,N,NASDAQ,,,,,,
NNOX,NANO-X IMAGING LTD - Ordinary Shares,G,N,N,100,N,N,NASDAQ,,,,,,
NODK,"NI Holdings, Inc. - Common Stock",S,N,N,100,N,N,NASDAQ,,,,,,
NOEM,CO2 Energy Transition Corp. - Common Stock,G,N,N,100,N,N,NASDAQ,,,,,,
NOTV,"Inotiv, Inc. - Common Stock",S,N,N,100,N,N,NASDAQ,,,,,,
NOVT,Novanta Inc. - Common Shares,Q,N,N,100,N,N,NASDAQ,,,,,,
NPAC,New Providence Acquisition Corp. III - Ordinary Shares,G,N,N,100,N,N,NASDAQ,,,,,,
NPCE,"Neuropace, Inc. - Common Stock",G,N,N,100,N,N,NASDAQ,,,,,,
NPT,Texxon Holding Limited - Ordinary shares,S,N,N,100,N,N,NASDAQ,,,,,,
NRC,National Research Corporation - Common Stock,Q,N,N,100,N,N,NASDAQ,,,,,,
NRDS,"NerdWallet, Inc. - Class A Common Stock",G,N,N,100,N,N,NASDAQ,,,,,,
NRIM,Northrim BanCorp Inc - Common Stock,Q,N,N,100,N,N,NASDAQ,,,,,,
NRIX,"Nurix Therapeutics, Inc. - Common stock",G,N,N,100,N,N,NASDAQ,,,,,,
NRSN,NeuroSense Therapeutics Ltd. - Ordinary Shares,S,N,N,100,N,N,NASDAQ,,,,,,
NRXP,"NRX Pharmaceuticals, Inc. - Common Stock",S,N,N,100,N,N,NASDAQ,,,,,,
NSIT,"Insight Enterprises, Inc. - Common Stock",Q,N,N,100,N,N,NASDAQ,,,,,,
NSSC,"NAPCO Security Technologies, Inc. - Common Stock",Q,N,N,100,N,N,NASDAQ,,,,,,
NSTS,"NSTS Bancorp, Inc. - Common Stock",S,N,N,100,N,N,NASDAQ,,,,,,
NSYS,Nortech Systems Incorporated - Common Stock,S,N,N,100,N,N,NASDAQ,,,,,,
NTAP,"NetApp, Inc. - Common Stock",Q,N,N,100,N,N,NASDAQ,,,,,,
NTCL,NETCLASS TECHNOLOGY INC - Class A Ordinary Shares,S,N,N,100,N,N,NASDAQ,,,,,,
NTCT,"NetScout Systems, Inc. - Common Stock",Q,N,N,100,N,N,NASDAQ,,,,,,
NTHI,"NeOnc Technologies Holdings, Inc. - Common Stock",G,N,N,100,N,N,NASDAQ,,,,,,
NTIC,Northern Technologies International Corporation - Common Stock,G,N,N,100,N,N,NASDAQ,,,,,,
NTLA,"Intellia Therapeutics, Inc. - Common Stock",G,N,N,100,N,N,NASDAQ,,,,,,
NTNX,"Nutanix, Inc. - Class A Common Stock",Q,N,N,100,N,N,NASDAQ,,,,,,
NTRA,"Natera, Inc. - Common Stock",Q,N,N,100,N,N,NASDAQ,,,,,,
NTRB,Nutriband Inc. - Common Stock,S,N,N,100,N,N,NASDAQ,,,,,,
NTRP,"NextTrip, Inc. - Common Stock",S,N,N,100,N,N,NASDAQ,,,,,,
NTRS,Northern Trust Corporation - Common Stock,Q,N,N,100,N,N,NASDAQ,,,,,,
NTSK,"Netskope, Inc. - Class A Common Stock",Q,N,N,100,N,N,NASDAQ,,,,,,
NTWK,NETSOL Technologies Inc. - Common Stock,S,N,N,100,N,N,NASDAQ,,,,,,
NTWO,Newbury Street II Acquisition Corp - Class A Ordinary Shares,G,N,N,100,N,N,NASDAQ,,,,,,
NUAI,"New Era Energy & Digital, Inc. - Common Stock",G,N,N,100,N,N,NASDAQ,,,,,,
NUKK,Nukkleus Inc. - Ordinary Shares,G,N,N,100,N,N,NASDAQ,,,,,,
NUTX,Nutex Health Inc. - Common Stock,S,N,E,100,N,N,NASDAQ,,,,,,
NUVL,"Nuvalent, Inc. - Class A Common Stock",Q,N,N,100,N,N,NASDAQ,,,,,,
NUWE,"Nuwellis, Inc. - Common Stock",S,N,N,100,N,N,NASDAQ,,,,,,
NVAX,"Novavax, Inc. - Common Stock",Q,N,N,100,N,N,NASDAQ,,,,,,
NVCT,"Nuvectis Pharma, Inc. - Common Stock",S,N,N,100,N,N,NASDAQ,,,,,,
NVDA,NVIDIA Corporation - Common Stock,Q,N,N,100,N,N,NASDAQ,,,,,,
NVEC,NVE Corporation - Common Stock,S,N,N,100,N,N,NASDAQ,,,,,,
NVFY,"Nova Lifestyle, Inc - Common Stock",S,N,N,100,N,N,NASDAQ,,,,,,
NVMI,Nova Ltd. - Ordinary Shares,Q,N,N,100,N,N,NASDAQ,,,,,,
NVNI,Nvni Group Limited - Ordinary Shares,S,N,N,100,N,N,NASDAQ,,,,,,
NVNO,enVVeno Medical Corporation - Common Stock,S,N,D,100,N,N,NASDAQ,,,,,,
NVTS,Navitas Semiconductor Corporation - Common Stock,G,N,N,100,N,N,NASDAQ,,,,,,
NVVE,Nuvve Holding Corp. - Common Stock,S,N,D,100,N,N,NASDAQ,,,,,,
NWBI,"Northwest Bancshares, Inc. - Common Stock",Q,N,N,100,N,N,NASDAQ,,,,,,
NWE,"NorthWestern Energy Group, Inc.  - Common Stock",Q,N,N,100,N,N,NASDAQ,,,,,,
NWFL,Norwood Financial Corp. - Common Stock,G,N,N,100,N,N,NASDAQ,,,,,,
NWL,Newell Brands Inc. - Common Stock,Q,N,N,100,N,N,NASDAQ,,,,,,
NWPX,"NWPX Infrastructure, Inc. - Common Stock",Q,N,N,100,N,N,NASDAQ,,,,,,
NWS,News Corporation - Class B Common Stock,Q,N,N,100,N,N,NASDAQ,,,,,,
NWSA,News Corporation - Class A Common Stock,Q,N,N,100,N,N,NASDAQ,,,,,,
NWTG,"Newton Golf Company, Inc. - Common Stock",S,N,D,100,N,N,NASDAQ,,,,,,
NXGL,"NexGel, Inc - Common Stock",S,N,N,100,N,N,NASDAQ,,,,,,
NXL,"Nexalin Technology, Inc. - Common Stock",S,N,N,100,N,N,NASDAQ,,,,,,
NXPI,NXP Semiconductors N.V. - Common Stock,Q,N,N,100,N,N,NASDAQ,,,,,,
NXPL,NextPlat Corp - Common Stock,S,N,D,100,N,N,NASDAQ,,,,,,
NXST,"Nexstar Media Group, Inc. - Common Stock",Q,N,N,100,N,N,NASDAQ,,,,,,
NXT,Nextracker Inc. - Class A Common Stock,Q,N,N,100,N,N,NASDAQ,,,,,,
NXTC,"NextCure, Inc. - Common Stock",Q,N,N,100,N,N,NASDAQ,,,,,,
NXTT,Next Technology Holding Inc. - Ordinary Shares,S,N,N,100,N,N,NASDAQ,,,,,,
NXXT,"NextNRG, Inc. - Common Stock",S,N,N,100,N,N,NASDAQ,,,,,,
NYAX,Nayax Ltd. - Ordinary Shares,Q,N,N,100,N,N,NASDAQ,,,,,,
NYXH,Nyxoah SA - Ordinary Shares,G,N,N,100,N,N,NASDAQ,,,,,,
OABI,"OmniAb, Inc. - Common Stock",G,N,N,100,N,N,NASDAQ,,,,,,
OACC,Oaktree Acquisition Corp. III Life Sciences - Class A Ordinary Share,G,N,N,100,N,N,NASDAQ,,,,,,
OBA,Oxley Bridge Acquisition Limited - Class A Ordinary Shares,G,N,N,100,N,N,NASDAQ,,,,,,
OBIO,"Orchestra BioMed Holdings, Inc. - Ordinary Shares",G,N,N,100,N,N,NASDAQ,,,,,,
OBLG,Oblong Inc. - Common Stock,S,N,N,100,N,N,NASDAQ,,,,,,
OBT,"Orange County Bancorp, Inc. - Common Stock",S,N,N,100,N,N,NASDAQ,,,,,,
OCC,Optical Cable Corporation - Common Stock,G,N,N,100,N,N,NASDAQ,,,,,,
OCFC,OceanFirst Financial Corp. - Common Stock,Q,N,N,100,N,N,NASDAQ,,,,,,
OCG,Oriental Culture Holding LTD - Ordinary Shares,S,N,N,100,N,N,NASDAQ,,,,,,
OCGN,"Ocugen, Inc. - Common Stock",S,N,N,100,N,N,NASDAQ,,,,,,
OCS,Oculis Holding AG - Ordinary shares,G,N,N,100,N,N,NASDAQ,,,,,,
OCUL,"Ocular Therapeutix, Inc. - Common Stock",G,N,N,100,N,N,NASDAQ,,,,,,
ODD,ODDITY Tech Ltd. - Class A Ordinary Shares,G,N,N,100,N,N,NASDAQ,,,,,,
ODFL,"Old Dominion Freight Line, Inc. - Common Stock",Q,N,N,100,N,N,NASDAQ,,,,,,
ODP,The ODP Corporation - Common Stock,Q,N,N,100,N,N,NASDAQ,,,,,,
ODYS,Odysight.ai Inc. - Common Stock,S,N,N,100,N,N,NASDAQ,,,,,,
OESX,"Orion Energy Systems, Inc. - Common Stock",S,N,N,100,N,N,NASDAQ,,,,,,
OFAL,OFA Group - Ordinary shares,S,N,N,100,N,N,NASDAQ,,,,,,
OFIX,Orthofix Medical Inc.  - Common Stock,Q,N,N,100,N,N,NASDAQ,,,,,,
OFLX,"Omega Flex, Inc. - Common Stock",G,N,N,100,N,N,NASDAQ,,,,,,
OGI,Organigram Global Inc. - Common Shares,Q,N,N,100,N,N,NASDAQ,,,,,,
OKTA,"Okta, Inc. - Class A Common Stock",Q,N,N,100,N,N,NASDAQ,,,,,,
OKYO,OKYO Pharma Limited - Ordinary Shares,S,N,N,100,N,N,NASDAQ,,,,,,
OLB,"The OLB Group, Inc. - Common Stock",S,N,N,100,N,N,NASDAQ,,,,,,
OLED,Universal Display Corporation - Common Stock,Q,N,N,100,N,N,NASDAQ,,,,,,
OLLI,"Ollie's Bargain Outlet Holdings, Inc. - Common Stock",G,N,N,100,N,N,NASDAQ,,,,,,
OLMA,"Olema Pharmaceuticals, Inc. - Common Stock",Q,N,N,100,N,N,NASDAQ,,,,,,
OLPX,"Olaplex Holdings, Inc. - Common Stock",Q,N,N,100,N,N,NASDAQ,,,,,,
OM,"Outset Medical, Inc. - Common Stock",Q,N,N,100,N,N,NASDAQ,,,,,,
OMCC,Old Market Capital Corporation - Common Stock,Q,N,N,100,N,N,NASDAQ,,,,,,
OMCL,"Omnicell, Inc. - Common Stock",Q,N,N,100,N,N,NASDAQ,,,,,,
OMDA,"Omada Health, Inc. - Common Stock",Q,N,N,100,N,N,NASDAQ,,,,,,
OMEX,"Odyssey Marine Exploration, Inc. - Common Stock",S,N,N,100,N,N,NASDAQ,,,,,,
OMH,Ohmyhome Limited - Class A Ordinary Shares,S,N,N,100,N,N,NASDAQ,,,,,,
OMSE,OMS Energy Technologies Inc. - Ordinary Shares,S,N,N,100,N,N,NASDAQ,,,,,,
ON,ON Semiconductor Corporation - Common Stock,Q,N,N,100,N,N,NASDAQ,,,,,,
ONB,Old National Bancorp - Common Stock,Q,N,N,100,N,N,NASDAQ,,,,,,
ONCH,1RT Acquisition Corp. - Class A Ordinary Share,G,N,N,100,N,N,NASDAQ,,,,,,
ONCO,"Onconetix, Inc.  - Common Stock",S,N,N,100,N,N,NASDAQ,,,,,,
ONCY,Oncolytics Biotech Inc. - Common Shares,S,N,N,100,N,N,NASDAQ,,,,,,
ONDS,Ondas Holdings Inc. - Common Stock,S,N,N,100,N,N,NASDAQ,,,,,,
ONEG,OneConstruction Group Limited - Ordinary Shares,S,N,N,100,N,N,NASDAQ,,,,,,
ONFO,Onfolio Holdings Inc. - Common Stock,S,N,N,100,N,N,NASDAQ,,,,,,
ONMD,OneMedNet Corp - Class A Common Stock,S,N,N,100,N,N,NASDAQ,,,,,,
OP,OceanPal Inc. - Common Stock,S,N,N,100,N,N,NASDAQ,,,,,,
OPAL,OPAL Fuels Inc. - Class A Common Stock,S,N,N,100,N,N,NASDAQ,,,,,,
OPBK,OP Bancorp - Common Stock,G,N,N,100,N,N,NASDAQ,,,,,,
OPCH,"Option Care Health, Inc. - Common Stock",Q,N,N,100,N,N,NASDAQ,,,,,,
OPEN,Opendoor Technologies Inc  - Common Stock,Q,N,N,100,N,N,NASDAQ,,,,,,
OPK,"Opko Health, Inc. - Common Stock",Q,N,N,100,N,N,NASDAQ,,,,,,
OPRT,Oportun Financial Corporation - common stock,Q,N,N,100,N,N,NASDAQ,,,,,,
OPRX,OptimizeRx Corporation - Common Stock,S,N,N,100,N,N,NASDAQ,,,,,,
OPTX,"Syntec Optics Holdings, Inc. - Class A Common Stock",S,N,N,100,N,N,NASDAQ,,,,,,
OPXS,"Optex Systems Holdings, Inc. - Common Stock",S,N,N,100,N,N,NASDAQ,,,,,,
ORBS,Eightco Holdings Inc. - Common Stock,S,N,N,100,N,N,NASDAQ,,,,,,
ORGN,"Origin Materials, Inc. - Class A Common Stock",S,N,D,100,N,N,NASDAQ,,,,,,
ORIC,"Oric Pharmaceuticals, Inc. - Common Stock",Q,N,N,100,N,N,NASDAQ,,,,,,
ORIQ,Origin Investment Corp I - Ordinary Shares,G,N,N,100,N,N,NASDAQ,,,,,,
ORIS,Oriental Rise Holdings Limited - Ordinary Shares,S,N,D,100,N,N,NASDAQ,,,,,,
ORKA,"Oruka Therapeutics, Inc. - Common Stock",G,N,N,100,N,N,NASDAQ,,,,,,
ORKT,Orangekloud Technology Inc. - Class A Ordinary Shares,S,N,N,100,N,N,NASDAQ,,,,,,
ORLY,"O'Reilly Automotive, Inc. - Common Stock",Q,N,N,100,N,N,NASDAQ,,,,,,
ORMP,Oramed Pharmaceuticals Inc. - Common Stock,S,N,N,100,N,N,NASDAQ,,,,,,
ORRF,"Orrstown Financial Services, Inc. - Common Stock",S,N,N,100,N,N,NASDAQ,,,,,,
OS,"OneStream, Inc. - Class A Common Stock",Q,N,N,100,N,N,NASDAQ,,,,,,
OSBC,"Old Second Bancorp, Inc. - Common Stock",Q,N,N,100,N,N,NASDAQ,,,,,,
OSIS,"OSI Systems, Inc. - Common Stock",Q,N,N,100,N,N,NASDAQ,,,,,,
OSPN,OneSpan Inc. - Common Stock,S,N,N,100,N,N,NASDAQ,,,,,,
OSRH,"OSR Holdings, Inc. - Common Stock",S,N,D,100,N,N,NASDAQ,,,,,,
OSS,"One Stop Systems, Inc. - Common Stock",S,N,N,100,N,N,NASDAQ,,,,,,
OST,"Ostin Technology Group Co., Ltd. - Class A Ordinary Shares",S,N,N,100,N,N,NASDAQ,,,,,,
OSW,OneSpaWorld Holdings Limited - Common Shares,S,N,N,100,N,N,NASDAQ,,,,,,
OTEX,Open Text Corporation - Common Shares,Q,N,N,100,N,N,NASDAQ,,,,,,
OTLK,"Outlook Therapeutics, Inc. - Common Stock",S,N,N,100,N,N,NASDAQ,,,,,,
OUST,"Ouster, Inc. - Common Stock",Q,N,N,100,N,N,NASDAQ,,,,,,
OVBC,Ohio Valley Banc Corp. - Common Stock,G,N,N,100,N,N,NASDAQ,,,,,,
OVID,Ovid Therapeutics Inc. - Common Stock,S,N,N,100,N,N,NASDAQ,,,,,,
OVLY,Oak Valley Bancorp (CA) - Common Stock,S,N,N,100,N,N,NASDAQ,,,,,,
OWLS,OBOOK Holdings Inc. - Class A Common Shares,G,N,N,100,N,N,NASDAQ,,,,,,
OYSE,Oyster Enterprises II Acquisition Corp - Class A Ordinary Shares,G,N,N,100,N,N,NASDAQ,,,,,,
OZK,Bank OZK - Common Stock,Q,N,N,100,N,N,NASDAQ,,,,,,
PACB,"Pacific Biosciences of California, Inc. - Common Stock",Q,N,N,100,N,N,NASDAQ,,,,,,
PACH,Pioneer Acquisition I Corp - Class A Ordinary Shares,G,N,N,100,N,N,NASDAQ,,,,,,
PAHC,Phibro Animal Health Corporation - Class A Common Stock,G,N,N,100,N,N,NASDAQ,,,,,,
PAL,"Proficient Auto Logistics, Inc. - Common Stock",Q,N,N,100,N,N,NASDAQ,,,,,,
PALI,"Palisade Bio, Inc. - Common Stock",S,N,N,100,N,N,NASDAQ,,,,,,
PAMT,PAMT CORP - Common Stock,G,N,N,100,N,N,NASDAQ,,,,,,
PANL,Pangaea Logistics Solutions Ltd. - Common Stock,S,N,N,100,N,N,NASDAQ,,,,,,
PASG,"Passage Bio, Inc. - Common Stock",S,N,N,100,N,N,NASDAQ,,,,,,
PATK,"Patrick Industries, Inc. - Common Stock",Q,N,N,100,N,N,NASDAQ,,,,,,
PAVM,PAVmed Inc. - Common Stock,S,N,D,100,N,N,NASDAQ,,,,,,
PAVS,Paranovus Entertainment Technology Ltd. - Class A Ordinary Shares,S,N,D,100,N,N,NASDAQ,,,,,,
PAX,Patria Investments Limited - Class A Common Shares,Q,N,N,100,N,N,NASDAQ,,,,,,
PAYO,Payoneer Global Inc. - Common Stock,G,N,N,100,N,N,NASDAQ,,,,,,
PAYS,"Paysign, Inc. - Common Stock",S,N,N,100,N,N,NASDAQ,,,,,,
PAYX,"Paychex, Inc. - Common Stock",Q,N,N,100,N,N,NASDAQ,,,,,,
PBBK,"PB Bankshares, Inc. - Common Stock",S,N,N,100,N,N,NASDAQ,,,,,,
PBFS,"Pioneer Bancorp, Inc. - Common Stock",S,N,N,100,N,N,NASDAQ,,,,,,
PBHC,"Pathfinder Bancorp, Inc. - Common Stock",S,N,N,100,N,N,NASDAQ,,,,,,
PBM,Psyence Biomedical Ltd. - Ordinary Shares,S,N,N,100,N,N,NASDAQ,,,,,,
PBYI,Puma Biotechnology Inc - Common Stock,Q,N,N,100,N,N,NASDAQ,,,,,,
PC,Premium Catering (Holdings) Limited - Ordinary Shares,S,N,N,100,N,N,NASDAQ,,,,,,
PCAP,ProCap Acquisition Corp - Class A Ordinary Shares,G,N,N,100,N,N,NASDAQ,,,,,,
PCB,PCB Bancorp - Common Stock,Q,N,N,100,N,N,NASDAQ,,,,,,
PCH,PotlatchDeltic Corporation - Common Stock,Q,N,N,100,N,N,NASDAQ,,,,,,
PCRX,"Pacira BioSciences, Inc. - Common Stock",Q,N,N,100,N,N,NASDAQ,,,,,,
PCSA,"Processa Pharmaceuticals, Inc. - Common Stock",S,N,D,100,N,N,NASDAQ,,,,,,
PCSC,Perceptive Capital Solutions Corp - Class A Ordinary Shares,G,N,N,100,N,N,NASDAQ,,,,,,
PCT,"PureCycle Technologies, Inc. - Common stock",S,N,N,100,N,N,NASDAQ,,,,,,
PCTY,Paylocity Holding Corporation - Common Stock,Q,N,N,100,N,N,NASDAQ,,,,,,
PCVX,"Vaxcyte, Inc. - Common Stock",Q,N,N,100,N,N,NASDAQ,,,,,,
PCYO,Pure Cycle Corporation - Common Stock,S,N,N,100,N,N,NASDAQ,,,,,,
PDEX,"Pro-Dex, Inc. - Common Stock",S,N,N,100,N,N,NASDAQ,,,,,,
PDFS,"PDF Solutions, Inc. - Common Stock",Q,N,N,100,N,N,NASDAQ,,,,,,
PDLB,"Ponce Financial Group, Inc. - Common Stock",G,N,N,100,N,N,NASDAQ,,,,,,
PDSB,PDS Biotechnology Corporation - Common Stock,S,N,N,100,N,N,NASDAQ,,,,,,
PDYN,Palladyne AI Corp. - Common stock,G,N,N,100,N,N,NASDAQ,,,,,,
PEBK,"Peoples Bancorp of North Carolina, Inc. - Common Stock",G,N,N,100,N,N,NASDAQ,,,,,,
PEBO,Peoples Bancorp Inc. - Common Stock,Q,N,N,100,N,N,NASDAQ,,,,,,
PECO,"Phillips Edison & Company, Inc. - Common Stock",Q,N,N,100,N,N,NASDAQ,,,,,,
PEGA,Pegasystems Inc. - Common Stock,Q,N,N,100,N,N,NASDAQ,,,,,,
PELI,Pelican Acquisition Corporation - Ordinary Shares,G,N,N,100,N,N,NASDAQ,,,,,,
PENG,"Penguin Solutions, Inc. - Common Stock",Q,N,N,100,N,N,NASDAQ,,,,,,
PENN,"PENN Entertainment, Inc. - Common Stock",Q,N,N,100,N,N,NASDAQ,,,,,,
PEP,"PepsiCo, Inc. - Common Stock",Q,N,N,100,N,N,NASDAQ,,,,,,
PEPG,PepGen Inc. - Common Stock,Q,N,N,100,N,N,NASDAQ,,,,,,
PERI,Perion Network Ltd - Ordinary Shares,Q,N,N,100,N,N,NASDAQ,,,,,,
PESI,"Perma-Fix Environmental Services, Inc. - Common Stock",S,N,N,100,N,N,NASDAQ,,,,,,
PETS,"PetMed Express, Inc. - Common Stock",Q,N,E,100,N,N,NASDAQ,,,,,,
PETZ,"TDH Holdings, Inc. - Common Shares",S,N,N,100,N,N,NASDAQ,,,,,,
PFAI,Pinnacle Food Group Limited - Class A Common Shares,S,N,N,100,N,N,NASDAQ,,,,,,
PFBC,Preferred Bank - Common Stock,Q,N,N,100,N,N,NASDAQ,,,,,,
PFG,Principal Financial Group Inc - Common Stock,Q,N,N,100,N,N,NASDAQ,,,,,,
PFIS,Peoples Financial Services Corp.  - Common Stock,Q,N,N,100,N,N,NASDAQ,,,,,,
PFSA,"Profusa, Inc. - Common Stock",G,N,D,100,N,N,NASDAQ,,,,,,
PFX,PhenixFIN Corporation  - Common Stock,G,N,N,100,N,N,NASDAQ,,,,,,
PGAC,Pantages Capital Acquisition Corporation - Class A Ordinary Shares,G,N,N,100,N,N,NASDAQ,,,,,,
PGC,Peapack-Gladstone Financial Corporation - Common Stock,Q,N,N,100,N,N,NASDAQ,,,,,,
PGEN,"Precigen, Inc. - Common Stock",Q,N,N,100,N,N,NASDAQ,,,,,,
PGNY,"Progyny, Inc. - Common Stock",Q,N,N,100,N,N,NASDAQ,,,,,,
PGY,Pagaya Technologies Ltd. - Class A Ordinary Shares,S,N,N,100,N,N,NASDAQ,,,,,,
PHAT,"Phathom Pharmaceuticals, Inc. - Common Stock",Q,N,N,100,N,N,NASDAQ,,,,,,
PHH,"Park Ha Biological Technology Co., Ltd. - ordinary shares",S,N,D,100,N,N,NASDAQ,,,,,,
PHIO,Phio Pharmaceuticals Corp. - Common Stock,S,N,N,100,N,N,NASDAQ,,,,,,
PHOE,Phoenix Asia Holdings Limited - Ordinary Shares,S,N,N,100,N,N,NASDAQ,,,,,,
PHUN,"Phunware, Inc. - Common Stock",S,N,N,100,N,N,NASDAQ,,,,,,
PHVS,Pharvaris N.V. - Ordinary Shares,Q,N,N,100,N,N,NASDAQ,,,,,,
PI,"Impinj, Inc. - Common Stock",Q,N,N,100,N,N,NASDAQ,,,,,,
PIII,P3 Health Partners Inc. - Class A Common Stock,S,N,N,100,N,N,NASDAQ,,,,,,
PINC,"Premier, Inc. - Class A Common Stock",Q,N,N,100,N,N,NASDAQ,,,,,,
PKBK,"Parke Bancorp, Inc. - Common Stock",S,N,N,100,N,N,NASDAQ,,,,,,
PKOH,Park-Ohio Holdings Corp. - Common Stock,Q,N,N,100,N,N,NASDAQ,,,,,,
PLAB,"Photronics, Inc. - Common Stock",Q,N,N,100,N,N,NASDAQ,,,,,,
PLAY,"Dave & Buster's Entertainment, Inc. - Common Stock",Q,N,N,100,N,N,NASDAQ,,,,,,
PLBC,Plumas Bancorp - Common Stock,S,N,N,100,N,N,NASDAQ,,,,,,
PLBL,Polibeli Group Ltd - Class A Ordinary Shares,G,N,N,100,N,N,NASDAQ,,,,,,
PLBY,"Playboy, Inc. - Common Stock",G,N,N,100,N,N,NASDAQ,,,,,,
PLCE,"Children's Place, Inc. (The) - Common Stock",Q,N,N,100,N,N,NASDAQ,,,,,,
PLMK,Plum Acquisition Corp. IV - Class A Ordinary Shares,G,N,N,100,N,N,NASDAQ,,,,,,
PLPC,Preformed Line Products Company - Common Stock,Q,N,N,100,N,N,NASDAQ,,,,,,
PLRX,"Pliant Therapeutics, Inc. - Common Stock",Q,N,N,100,N,N,NASDAQ,,,,,,
PLRZ,Polyrizon Ltd. - Ordinary Shares,S,N,N,100,N,N,NASDAQ,,,,,,
PLSE,"Pulse Biosciences, Inc - Common Stock",S,N,N,100,N,N,NASDAQ,,,,,,
PLTK,Playtika Holding Corp. - Common Stock,Q,N,N,100,N,N,NASDAQ,,,,,,
PLTS,Platinum Analytics Cayman Limited - Class A Ordinary Shares,S,N,N,100,N,N,NASDAQ,,,,,,
PLUG,"Plug Power, Inc. - Common Stock",S,N,N,100,N,N,NASDAQ,,,,,,
PLUS,ePlus inc. - Common Stock,Q,N,N,100,N,N,NASDAQ,,,,,,
PLUT,Plutus Financial Group Limited - Ordinary Shares,S,N,N,100,N,N,NASDAQ,,,,,,
PLXS,Plexus Corp. - Common Stock,Q,N,N,100,N,N,NASDAQ,,,,,,
PMAX,Powell Max Limited - Class A Ordinary Shares,S,N,D,100,N,N,NASDAQ,,,,,,
PMCB,"PharmaCyte  Biotech, Inc. - Common Stock",S,N,N,100,N,N,NASDAQ,,,,,,
PMEC,Primech Holdings Ltd. - Ordinary Shares,S,N,N,100,N,N,NASDAQ,,,,,,
PMN,ProMIS Neurosciences Inc. - Common Shares,S,N,D,100,N,N,NASDAQ,,,,,,
PMTS,CPI Card Group Inc. - Common Stock,G,N,N,100,N,N,NASDAQ,,,,,,
PMVP,"PMV Pharmaceuticals, Inc. - Common Stock",Q,N,N,100,N,N,NASDAQ,,,,,,
PN,Skycorp Solar Group Limited - Ordinary Shares,S,N,N,100,N,N,NASDAQ,,,,,,
PNBK,Patriot National Bancorp Inc. - Common Stock,G,N,N,100,N,N,NASDAQ,,,,,,
PNFP,"Pinnacle Financial Partners, Inc. - Common Stock",Q,N,N,100,N,N,NASDAQ,,,,,,
PNRG,PrimeEnergy Resources Corporation - Common Stock,S,N,N,100,N,N,NASDAQ,,,,,,
PNTG,"The Pennant Group, Inc. - Common Stock",Q,N,N,100,N,N,NASDAQ,,,,,,
POAI,Predictive Oncology Inc. - Common Stock,S,N,D,100,N,N,NASDAQ,,,,,,
POCI,"Precision Optics Corporation, Inc. - Common stock",S,N,N,100,N,N,NASDAQ,,,,,,
PODC,"PodcastOne, Inc. - Common Stock",S,N,N,100,N,N,NASDAQ,,,,,,
PODD,Insulet Corporation - Common Stock,Q,N,N,100,N,N,NASDAQ,,,,,,
POET,POET Technologies Inc. - Common Shares,S,N,N,100,N,N,NASDAQ,,,,,,
POLA,"Polar Power, Inc. - Common Stock",S,N,N,100,N,N,NASDAQ,,,,,,
POLE,Andretti Acquisition Corp. II - Class A Ordinary Shares,G,N,N,100,N,N,NASDAQ,,,,,,
POOL,Pool Corporation - Common Stock,Q,N,N,100,N,N,NASDAQ,,,,,,
POWI,"Power Integrations, Inc. - Common Stock",Q,N,N,100,N,N,NASDAQ,,,,,,
POWL,"Powell Industries, Inc. - Common Stock",Q,N,N,100,N,N,NASDAQ,,,,,,
PPC,Pilgrim's Pride Corporation - Common Stock,Q,N,N,100,N,N,NASDAQ,,,,,,
PPCB,"Propanc Biopharma, Inc. - Common Stock",S,N,N,100,N,N,NASDAQ,,,,,,
PPIH,"Perma-Pipe International Holdings, Inc. - Common Stock",G,N,N,100,N,N,NASDAQ,,,,,,
PPSI,"Pioneer Power Solutions, Inc. - Common Stock",S,N,N,100,N,N,NASDAQ,,,,,,
PPTA,Perpetua Resources Corp. - Common Shares,S,N,N,100,N,N,NASDAQ,,,,,,
PRAA,"PRA Group, Inc. - Common Stock",Q,N,N,100,N,N,NASDAQ,,,,,,
PRAX,"Praxis Precision Medicines, Inc. - Common Stock",Q,N,N,100,N,N,NASDAQ,,,,,,
PRCH,"Porch Group, Inc. - Common Stock",S,N,N,100,N,N,NASDAQ,,,,,,
PRCT,PROCEPT BioRobotics Corporation - Common Stock,G,N,N,100,N,N,NASDAQ,,,,,,
PRDO,Perdoceo Education Corporation - Common Stock,Q,N,N,100,N,N,NASDAQ,,,,,,
PRE,Prenetics Global Limited - Class A Ordinary Share,G,N,N,100,N,N,NASDAQ,,,,,,
PRFX,PainReform Ltd. - Ordinary Shares,S,N,N,100,N,N,NASDAQ,,,,,,
PRGS,Progress Software Corporation - Common Stock,Q,N,N,100,N,N,NASDAQ,,,,,,
PRHI,"Presurance Holdings, Inc. - Common Stock",S,N,N,100,N,N,NASDAQ,,,,,,
PRLD,Prelude Therapeutics Incorporated - Common Stock,Q,N,N,100,N,N,NASDAQ,,,,,,
PRME,"Prime Medicine, Inc. - Common Stock",G,N,N,100,N,N,NASDAQ,,,,,,
PROF,Profound Medical Corp. - common stock,S,N,N,100,N,N,NASDAQ,,,,,,
PROK,ProKidney Corp. - Class A Ordinary Shares,S,N,N,100,N,N,NASDAQ,,,,,,
PROP,Prairie Operating Co. - Common Stock,S,N,N,100,N,N,NASDAQ,,,,,,
PROV,"Provident Financial Holdings, Inc. - Common Stock",Q,N,N,100,N,N,NASDAQ,,,,,,
PRPH,"ProPhase Labs, Inc. - Common Stock",S,N,D,100,N,N,NASDAQ,,,,,,
PRPL,"Purple Innovation, Inc. - Common Stock",Q,N,N,100,N,N,NASDAQ,,,,,,
PRPO,"Precipio, Inc. - Common Stock",S,N,N,100,N,N,NASDAQ,,,,,,
PRSO,Peraso Inc. - Common Stock,S,N,N,100,N,N,NASDAQ,,,,,,
PRTA,Prothena Corporation plc - Ordinary Shares,Q,N,N,100,N,N,NASDAQ,,,,,,
PRTH,"Priority Technology Holdings, Inc. - Common Stock",S,N,N,100,N,N,NASDAQ,,,,,,
PRTS,"CarParts.com, Inc. - Common Stock",Q,N,D,100,N,N,NASDAQ,,,,,,
PRVA,"Privia Health Group, Inc. - Common Stock",Q,N,N,100,N,N,NASDAQ,,,,,,
PRZO,ParaZero Technologies Ltd. - Ordinary Shares,S,N,N,100,N,N,NASDAQ,,,,,,
PSHG,Performance Shipping Inc. - Common Shares,S,N,N,100,N,N,NASDAQ,,,,,,
PSIG,PS International Group Ltd. - Ordinary Shares,S,N,D,100,N,N,NASDAQ,,,,,,
PSIX,"Power Solutions International, Inc. - Common Stock",S,N,N,100,N,N,NASDAQ,,,,,,
PSKY,Paramount Skydance Corporation - Class B Common Stock,Q,N,N,100,N,N,NASDAQ,,,,,,
PSMT,"PriceSmart, Inc. - Common Stock",Q,N,N,100,N,N,NASDAQ,,,,,,
PSNL,"Personalis, Inc. - Common Stock",G,N,N,100,N,N,NASDAQ,,,,,,
PSTV,"PLUS THERAPEUTICS, Inc. - Common Stock",S,N,D,100,N,N,NASDAQ,,,,,,
PTC,PTC Inc. - Common Stock,Q,N,N,100,N,N,NASDAQ,,,,,,
PTCT,"PTC Therapeutics, Inc. - Common Stock",Q,N,N,100,N,N,NASDAQ,,,,,,
PTEN,"Patterson-UTI Energy, Inc. - Common Stock",Q,N,N,100,N,N,NASDAQ,,,,,,
PTGX,"Protagonist Therapeutics, Inc. - Common Stock",G,N,N,100,N,N,NASDAQ,,,,,,
PTHL,Pheton Holdings Ltd - Class A Ordinary Shares,S,N,N,100,N,N,NASDAQ,,,,,,
PTIX,"Protagenic Therapeutics, Inc. - Common Stock",S,N,N,100,N,N,NASDAQ,,,,,,
PTLE,PTL LTD - Class A Ordinary Shares,S,N,D,100,N,N,NASDAQ,,,,,,
PTLO,Portillo's Inc. - Class A Common Stock,Q,N,N,100,N,N,NASDAQ,,,,,,
PTNM,Pitanium Limited - Class A Ordinary Shares,S,N,N,100,N,N,NASDAQ,,,,,,
PTON,"Peloton Interactive, Inc. - Common Stock",Q,N,N,100,N,N,NASDAQ,,,,,,
PTRN,Pattern Group Inc. - Series A Common Stock,Q,N,N,100,N,N,NASDAQ,,,,,,
PUBM,"PubMatic, Inc. - Class A Common Stock",G,N,N,100,N,N,NASDAQ,,,,,,
PULM,"Pulmatrix, Inc. - Common Stock",S,N,N,100,N,N,NASDAQ,,,,,,
PVBC,"Provident Bancorp, Inc. - Common Stock",S,N,N,100,N,N,NASDAQ,,,,,,
PVLA,"Palvella Therapeutics, Inc. - Common Stock",S,N,N,100,N,N,NASDAQ,,,,,,
PWP,Perella Weinberg Partners - Class A Common Stock,Q,N,N,100,N,N,NASDAQ,,,,,,
PXS,Pyxis Tankers Inc. - Common Stock,S,N,N,100,N,N,NASDAQ,,,,,,
PYPD,PolyPid Ltd. - Ordinary Shares,S,N,N,100,N,N,NASDAQ,,,,,,
PYPL,"PayPal Holdings, Inc. - Common Stock",Q,N,N,100,N,N,NASDAQ,,,,,,
PYXS,"Pyxis Oncology, Inc. - Common Stock",Q,N,N,100,N,N,NASDAQ,,,,,,
PZZA,"Papa John's International, Inc. - Common Stock",Q,N,N,100,N,N,NASDAQ,,,,,,
QCLS,"Q/C Technologies, Inc. - Common Stock",S,N,N,100,N,N,NASDAQ,,,,,,
QCOM,QUALCOMM Incorporated - Common Stock,Q,N,N,100,N,N,NASDAQ,,,,,,
QCRH,"QCR Holdings, Inc. - Common Stock",G,N,N,100,N,N,NASDAQ,,,,,,
QDEL,QuidelOrtho Corporation - Common Stock,Q,N,N,100,N,N,NASDAQ,,,,,,
QETA,Quetta Acquisition Corporation - Common Stock,G,N,D,100,N,N,NASDAQ,,,,,,
QIPT,Quipt Home Medical Corp. - Common Shares,S,N,N,100,N,N,NASDAQ,,,,,,
QLGN,"Qualigen Therapeutics, Inc. - Common Stock",S,N,H,100,N,N,NASDAQ,,,,,,
QLYS,"Qualys, Inc. - Common Stock",Q,N,N,100,N,N,NASDAQ,,,,,,
QMCO,Quantum Corporation - Common Stock,G,N,N,100,N,N,NASDAQ,,,,,,
QMMM,QMMM Holdings Limited - Class A Ordinary Shares,S,N,N,100,N,N,NASDAQ,,,,,,
QNCX,"Quince Therapeutics, Inc. - Common Stock",Q,N,N,100,N,N,NASDAQ,,,,,,
QNST,"QuinStreet, Inc. - Common Stock",Q,N,N,100,N,N,NASDAQ,,,,,,
QRHC,Quest Resource Holding Corporation - Common Stock,S,N,N,100,N,N,NASDAQ,,,,,,
QRVO,"Qorvo, Inc. - Common Stock",Q,N,N,100,N,N,NASDAQ,,,,,,
QSEA,Quartzsea Acquisition Corporation - Ordinary Shares,G,N,N,100,N,N,NASDAQ,,,,,,
QSI,Quantum-Si Incorporated - Class A Common Stock,G,N,N,100,N,N,NASDAQ,,,,,,
QTRX,Quanterix Corporation - Common Stock,G,N,N,100,N,N,NASDAQ,,,,,,
QTTB,Q32 Bio Inc. - Common Stock,S,N,D,100,N,N,NASDAQ,,,,,,
QUBT,Quantum Computing Inc. - Common Stock,S,N,N,100,N,N,NASDAQ,,,,,,
QUIK,QuickLogic Corporation - Common Stock,S,N,N,100,N,N,NASDAQ,,,,,,
QUMS,Quantumsphere Acquisition Corp. - Ordinary Shares,G,N,N,100,N,N,NASDAQ,,,,,,
QURE,uniQure N.V. - Ordinary Shares,Q,N,N,100,N,N,NASDAQ,,,,,,
QVCGA,"QVC Group, Inc. - Series A Common Stock",S,N,N,100,N,N,NASDAQ,,,,,,
RAAQ,Real Asset Acquisition Corp. - Class A Ordinary Share,G,N,N,100,N,N,NASDAQ,,,,,,
RAIL,"Freightcar America, Inc. - Common Stock",Q,N,N,100,N,N,NASDAQ,,,,,,
RAIN,"Rain Enhancement Technologies Holdco, Inc. - Class A Common Stock",S,N,D,100,N,N,NASDAQ,,,,,,
RANG,Range Capital Acquisition Corp. - Ordinary Shares,G,N,N,100,N,N,NASDAQ,,,,,,
RANI,"Rani Therapeutics Holdings, Inc. - Class A Common Stock",G,N,D,100,N,N,NASDAQ,,,,,,
RAPP,"Rapport Therapeutics, Inc. - Common Stock",G,N,N,100,N,N,NASDAQ,,,,,,
RAPT,"RAPT Therapeutics, Inc. - Common Stock",G,N,N,100,N,N,NASDAQ,,,,,,
RARE,Ultragenyx Pharmaceutical Inc. - Common Stock,Q,N,N,100,N,N,NASDAQ,,,,,,
RAVE,"Rave Restaurant Group, Inc. - Common Stock",S,N,N,100,N,N,NASDAQ,,,,,,
RAY,Raytech Holding Limited - ordinary shares,S,N,D,100,N,N,NASDAQ,,,,,,
RAYA,Erayak Power Solution Group Inc. - Class A Ordinary Shares,S,N,D,100,N,N,NASDAQ,,,,,,
RBB,RBB Bancorp - Common Stock,Q,N,N,100,N,N,NASDAQ,,,,,,
RBBN,Ribbon Communications Inc.  - Common Stock,Q,N,N,100,N,N,NASDAQ,,,,,,
RBCAA,"Republic Bancorp, Inc. - Class A Common Stock",Q,N,N,100,N,N,NASDAQ,,,,,,
RBKB,"Rhinebeck Bancorp, Inc. - Common Stock",S,N,N,100,N,N,NASDAQ,,,,,,
RBNE,Robin Energy Ltd. - Common Stock,S,N,N,100,N,N,NASDAQ,,,,,,
RCAT,"Red Cat Holdings, Inc. - Common Stock",S,N,N,100,N,N,NASDAQ,,,,,,
RCEL,"Avita Medical, Inc. - Common Stock",S,N,N,100,N,N,NASDAQ,,,,,,
RCKT,"Rocket Pharmaceuticals, Inc. - Common Stock",G,N,N,100,N,N,NASDAQ,,,,,,
RCKY,"Rocky Brands, Inc. - Common Stock",Q,N,N,100,N,N,NASDAQ,,,,,,
RCMT,"RCM Technologies, Inc. - Common Stock",G,N,N,100,N,N,NASDAQ,,,,,,
RCON,"Recon Technology, Ltd. - Class A Ordinary Shares",S,N,N,100,N,N,NASDAQ,,,,,,
RCT,RedCloud Holdings plc - Ordinary Shares,S,N,N,100,N,N,NASDAQ,,,,,,
RDAC,Rising Dragon Acquisition Corp. - Ordinary Shares,S,N,N,100,N,N,NASDAQ,,,,,,
RDAG,Republic Digital Acquisition Company - Class A Ordinary Shares,G,N,N,100,N,N,NASDAQ,,,,,,
RDCM,Radcom Ltd. - Ordinary Shares,S,N,N,100,N,N,NASDAQ,,,,,,
RDGT,"Ridgetech, Inc. - Ordinary Shares",S,N,N,100,N,N,NASDAQ,,,,,,
RDI,Reading International Inc - Class A Non-voting Common Stock,S,N,N,100,N,N,NASDAQ,,,,,,
RDIB,Reading International Inc - Class B Voting Common Stock,S,N,N,100,N,N,NASDAQ,,,,,,
RDNT,"RadNet, Inc. - Common Stock",G,N,N,100,N,N,NASDAQ,,,,,,
RDVT,"Red Violet, Inc. - Common Stock ",S,N,N,100,N,N,NASDAQ,,,,,,
RDZN,"Roadzen, Inc. - Ordinary Shares",G,N,N,100,N,N,NASDAQ,,,,,,
REAL,"The RealReal, Inc. - Common Stock",Q,N,N,100,N,N,NASDAQ,,,,,,
REAX,"The Real Brokerage, Inc. - Common Shares",S,N,N,100,N,N,NASDAQ,,,,,,
REBN,"Reborn Coffee, Inc. - Common Stock",S,N,D,100,N,N,NASDAQ,,,,,,
RECT,Rectitude Holdings Ltd - Ordinary Shares,S,N,N,100,N,N,NASDAQ,,,,,,
REE,REE Automotive Ltd. - Class A Ordinary Shares,S,N,D,100,N,N,NASDAQ,,,,,,
REFI,"Chicago Atlantic Real Estate Finance, Inc. - Common Stock",G,N,N,100,N,N,NASDAQ,,,,,,
REG,Regency Centers Corporation - Common Stock,Q,N,N,100,N,N,NASDAQ,,,,,,
REGN,"Regeneron Pharmaceuticals, Inc. - Common Stock",Q,N,N,100,N,N,NASDAQ,,,,,,
RELI,"Reliance Global Group, Inc. - Common Stock",S,N,N,100,N,N,NASDAQ,,,,,,
RELL,"Richardson Electronics, Ltd. - Common Stock",Q,N,N,100,N,N,NASDAQ,,,,,,
RELY,"Remitly Global, Inc. - Common stock",Q,N,N,100,N,N,NASDAQ,,,,,,
RENT,"Rent the Runway, Inc. - Class A Common Stock",G,N,N,100,N,N,NASDAQ,,,,,,
REPL,"Replimune Group, Inc. - Common Stock",Q,N,N,100,N,N,NASDAQ,,,,,,
REVB,"Revelation Biosciences, Inc. - Common Stock",S,N,N,100,N,N,NASDAQ,,,,,,
REYN,Reynolds Consumer Products Inc. - Common Stock,Q,N,N,100,N,N,NASDAQ,,,,,,
RFAI,RF Acquisition Corp II - Ordinary Shares,G,N,N,100,N,N,NASDAQ,,,,,,
RFIL,"RF Industries, Ltd. - Common Stock",G,N,N,100,N,N,NASDAQ,,,,,,
RGC,Regencell Bioscience Holdings Limited - Ordinary Shares,S,N,N,100,N,N,NASDAQ,,,,,,
RGCO,RGC Resources Inc. - Common Stock,G,N,N,100,N,N,NASDAQ,,,,,,
RGEN,Repligen Corporation - Common Stock,Q,N,N,100,N,N,NASDAQ,,,,,,
RGLD,"Royal Gold, Inc. - Common Stock",Q,N,N,100,N,N,NASDAQ,,,,,,
RGNX,REGENXBIO Inc. - Common Stock,Q,N,N,100,N,N,NASDAQ,,,,,,
RGP,"Resources Connection, Inc. - Common Stock",Q,N,N,100,N,N,NASDAQ,,,,,,
RGS,Regis Corporation - Common Stock,G,N,N,100,N,N,NASDAQ,,,,,,
RGTI,"Rigetti Computing, Inc.  - Common stock",S,N,N,100,N,N,NASDAQ,,,,,,
RIBB,Ribbon Acquisition Corp - Class A Ordinary Shares,S,N,N,100,N,N,NASDAQ,,,,,,
RICK,"RCI Hospitality Holdings, Inc. - Common Stock",G,N,N,100,N,N,NASDAQ,,,,,,
RIGL,"Rigel Pharmaceuticals, Inc. - Common Stock",Q,N,N,100,N,N,NASDAQ,,,,,,
RILY,"B. Riley Financial, Inc. - Common Stock",G,N,E,100,N,N,NASDAQ,,,,,,
RIME,"Algorhythm Holdings, Inc. - Common Stock",S,N,N,100,N,N,NASDAQ,,,,,,
RIOT,"Riot Platforms, Inc. - Common Stock",S,N,N,100,N,N,NASDAQ,,,,,,
RIVN,"Rivian Automotive, Inc. - Class A Common Stock",Q,N,N,100,N,N,NASDAQ,,,,,,
RKDA,"Arcadia Biosciences, Inc. - Common Stock",S,N,N,100,N,N,NASDAQ,,,,,,
RKLB,Rocket Lab Corporation - Common Stock,S,N,N,100,N,N,NASDAQ,,,,,,
RLAY,"Relay Therapeutics, Inc. - Common Stock",G,N,N,100,N,N,NASDAQ,,,,,,
RLMD,"Relmada Therapeutics, Inc. - Common Stock",S,N,N,100,N,N,NASDAQ,,,,,,
RLYB,Rallybio Corporation - Common Stock,S,N,D,100,N,N,NASDAQ,,,,,,
RMBI,"Richmond Mutual Bancorporation, Inc. - Common Stock",S,N,N,100,N,N,NASDAQ,,,,,,
RMBS,"Rambus, Inc. - Common Stock",Q,N,N,100,N,N,NASDAQ,,,,,,
RMCF,"Rocky Mountain Chocolate Factory, Inc. - Common Stock",S,N,D,100,N,N,NASDAQ,,,,,,
RMCO,Royalty Management Holding Corporation - Class A Common Stock,S,N,N,100,N,N,NASDAQ,,,,,,
RMNI,"Rimini Street, Inc. - Common Stock",G,N,N,100,N,N,NASDAQ,,,,,,
RMR,The RMR Group Inc. - Class A Common Stock,S,N,N,100,N,N,NASDAQ,,,,,,
RMSG,Real Messenger Corporation - Ordinary Shares,S,N,N,100,N,N,NASDAQ,,,,,,
RMTI,"Rockwell Medical, Inc. - Common Stock",S,N,N,100,N,N,NASDAQ,,,,,,
RNA,"Avidity Biosciences, Inc. - Common Stock",G,N,N,100,N,N,NASDAQ,,,,,,
RNAC,"Cartesian Therapeutics, Inc. - Common Stock",G,N,N,100,N,N,NASDAQ,,,,,,
RNAZ,"TransCode Therapeutics, Inc. - Common Stock",S,N,N,100,N,N,NASDAQ,,,,,,
RNTX,"Rein Therapeutics, Inc. - Common Stock",S,N,N,100,N,N,NASDAQ,,,,,,
RNXT,"RenovoRx, Inc. - Common Stock",S,N,N,100,N,N,NASDAQ,,,,,,
ROAD,"Construction Partners, Inc. - Common Stock",Q,N,N,100,N,N,NASDAQ,,,,,,
ROCK,"Gibraltar Industries, Inc. - Common Stock",Q,N,N,100,N,N,NASDAQ,,,,,,
ROIV,Roivant Sciences Ltd. - Common Shares,Q,N,N,100,N,N,NASDAQ,,,,,,
ROMA,Roma Green Finance Limited - Ordinary Shares,S,N,N,100,N,N,NASDAQ,,,,,,
ROOT,"Root, Inc. - Common Stock",Q,N,N,100,N,N,NASDAQ,,,,,,
ROP,"Roper Technologies, Inc. - Common Stock",Q,N,N,100,N,N,NASDAQ,,,,,,
ROST,"Ross Stores, Inc. - Common Stock",Q,N,N,100,N,N,NASDAQ,,,,,,
RPAY,Repay Holdings Corporation - Class A Common Stock,S,N,N,100,N,N,NASDAQ,,,,,,
RPD,"Rapid7, Inc. - Common Stock",G,N,N,100,N,N,NASDAQ,,,,,,
RPGL,Republic Power Group Limited - Class A Ordinary Shares,S,N,N,100,N,N,NASDAQ,,,,,,
RPID,"Rapid Micro Biosystems, Inc. - Class A Common Stock",S,N,N,100,N,N,NASDAQ,,,,,,
RPRX,Royalty Pharma plc - Class A Ordinary Shares,Q,N,N,100,N,N,NASDAQ,,,,,,
RPTX,Repare Therapeutics Inc. - Common Shares,Q,N,N,100,N,N,NASDAQ,,,,,,
RR,Richtech Robotics Inc. - Class B Common Stock,S,N,N,100,N,N,NASDAQ,,,,,,
RRBI,"Red River Bancshares, Inc. - Common Stock",Q,N,N,100,N,N,NASDAQ,,,,,,
RRGB,"Red Robin Gourmet Burgers, Inc. - Common Stock",Q,N,N,100,N,N,NASDAQ,,,,,,
RRR,"Red Rock Resorts, Inc. - Class A Common Stock",Q,N,N,100,N,N,NASDAQ,,,,,,
RSSS,"Research Solutions, Inc - Common Stock",S,N,N,100,N,N,NASDAQ,,,,,,
RTAC,Renatus Tactical Acquisition Corp I - Class A Ordinary Shares,G,N,N,100,N,N,NASDAQ,,,,,,
RUBI,Rubico Inc. - Common Stock,S,N,N,100,N,N,NASDAQ,,,,,,
RUM,Rumble Inc. - Class A Common Stock,G,N,N,100,N,N,NASDAQ,,,,,,
RUN,Sunrun Inc. - Common Stock,Q,N,N,100,N,N,NASDAQ,,,,,,
RUSHA,"Rush Enterprises, Inc. - Class A Common Stock",Q,N,N,100,N,N,NASDAQ,,,,,,
RUSHB,"Rush Enterprises, Inc. - Class B Common Stock",Q,N,N,100,N,N,NASDAQ,,,,,,
RVMD,"Revolution Medicines, Inc. - Common Stock",Q,N,N,100,N,N,NASDAQ,,,,,,
RVPH,"Reviva Pharmaceuticals Holdings, Inc. - Common Stock",S,N,D,100,N,N,NASDAQ,,,,,,
RVSB,Riverview Bancorp Inc - Common Stock,Q,N,N,100,N,N,NASDAQ,,,,,,
RVSN,Rail Vision Ltd. - Ordinary Shares,S,N,D,100,N,N,NASDAQ,,,,,,
RVYL,Ryvyl Inc. - Common Stock,S,N,D,100,N,N,NASDAQ,,,,,,
RWAY,Runway Growth Finance Corp. - Common Stock,Q,N,N,100,N,N,NASDAQ,,,,,,
RXRX,"Recursion Pharmaceuticals, Inc. - Class A Common Stock",Q,N,N,100,N,N,NASDAQ,,,,,,
RXST,"RxSight, Inc. - Common Stock",G,N,N,100,N,N,NASDAQ,,,,,,
RXT,"Rackspace Technology, Inc. - Common Stock",Q,N,N,100,N,N,NASDAQ,,,,,,
RYET,Ruanyun Edai Technology Inc. - Ordinary shares,S,N,N,100,N,N,NASDAQ,,,,,,
RYM,"RYTHM, Inc. - Common Stock",S,N,N,100,N,N,NASDAQ,,,,,,
RYOJ,"rYojbaba Co., Ltd. - Common Shares",S,N,N,100,N,N,NASDAQ,,,,,,
RYTM,"Rhythm Pharmaceuticals, Inc. - Common Stock",G,N,N,100,N,N,NASDAQ,,,,,,
RZLT,"Rezolute, Inc. - Common Stock (NV)",S,N,N,100,N,N,NASDAQ,,,,,,
RZLV,Rezolve AI PLC - Ordinary Shares,G,N,N,100,N,N,NASDAQ,,,,,,
SABS,"SAB Biotherapeutics, Inc. - Common Stock",S,N,N,100,N,N,NASDAQ,,,,,,
SAFT,"Safety Insurance Group, Inc. - Common Stock",Q,N,N,100,N,N,NASDAQ,,,,,,
SAFX,"XCF Global, Inc. - Class A Common Stock",S,N,N,100,N,N,NASDAQ,,,,,,
SAGT,SAGTEC GLOBAL LIMITED - Ordinary shares,S,N,N,100,N,N,NASDAQ,,,,,,
SAIA,"Saia, Inc. - Common Stock",Q,N,N,100,N,N,NASDAQ,,,,,,
SAIC,Science Applications International Corporation - Common Stock,Q,N,N,100,N,N,NASDAQ,,,,,,
SAIH,SAIHEAT Limited - Class A Ordinary Shares,S,N,N,100,N,N,NASDAQ,,,,,,
SAIL,"SailPoint, Inc. - Common Stock",Q,N,N,100,N,N,NASDAQ,,,,,,
SAMG,Silvercrest Asset Management Group Inc. - Common Stock,G,N,N,100,N,N,NASDAQ,,,,,,
SANA,"Sana Biotechnology, Inc. - Common Stock",Q,N,N,100,N,N,NASDAQ,,,,,,
SANG,Sangoma Technologies Corporation - Common Shares,Q,N,N,100,N,N,NASDAQ,,,,,,
SANM,Sanmina Corporation - Common Stock,Q,N,N,100,N,N,NASDAQ,,,,,,
SATL,Satellogic Inc. - Class A Common Stock,S,N,N,100,N,N,NASDAQ,,,,,,
SATS,EchoStar Corporation - Common stock,Q,N,N,100,N,N,NASDAQ,,,,,,
SAVA,"Cassava Sciences, Inc. - Common Stock",S,N,N,100,N,N,NASDAQ,,,,,,
SBAC,SBA Communications Corporation - Class A Common Stock,Q,N,N,100,N,N,NASDAQ,,,,,,
SBC,SBC Medical Group Holdings Incorporated - Common Stock,G,N,N,100,N,N,NASDAQ,,,,,,
SBCF,Seacoast Banking Corporation of Florida - Common Stock,Q,N,N,100,N,N,NASDAQ,,,,,,
SBET,"SharpLink Gaming, Inc. - Common Stock",S,N,N,100,N,N,NASDAQ,,,,,,
SBFG,"SB Financial Group, Inc. - Common Stock",S,N,N,100,N,N,NASDAQ,,,,,,
SBFM,Sunshine Biopharma Inc. - Common stock,S,N,N,100,N,N,NASDAQ,,,,,,
SBGI,"Sinclair, Inc. - Class A Common Stock",Q,N,N,100,N,N,NASDAQ,,,,,,
SBLK,Star Bulk Carriers Corp. - Common Shares,Q,N,N,100,N,N,NASDAQ,,,,,,
SBLX,"StableX Technologies, Inc. - Common Stock",S,N,N,100,N,N,NASDAQ,,,,,,
SBRA,"Sabra Health Care REIT, Inc. - Common Stock",Q,N,N,100,N,N,NASDAQ,,,,,,
SBUX,Starbucks Corporation - Common Stock,Q,N,N,100,N,N,NASDAQ,,,,,,
SCHL,Scholastic Corporation - Common Stock,Q,N,N,100,N,N,NASDAQ,,,,,,
SCKT,"Socket Mobile, Inc. - Common Stock",S,N,N,100,N,N,NASDAQ,,,,,,
SCLX,Scilex Holding Company - Common Stock,S,N,N,100,N,N,NASDAQ,,,,,,
SCNX,"Scienture Holdings, Inc. - Common Stock",S,N,D,100,N,N,NASDAQ,,,,,,
SCSC,"ScanSource, Inc. - Common Stock",Q,N,N,100,N,N,NASDAQ,,,,,,
SCVL,"Shoe Carnival, Inc. - Common Stock",Q,N,N,100,N,N,NASDAQ,,,,,,
SCWO,374Water Inc. - common stock,S,N,D,100,N,N,NASDAQ,,,,,,
SCYX,"SCYNEXIS, Inc. - Common Stock",G,N,D,100,N,N,NASDAQ,,,,,,
SDA,SunCar Technology Group Inc. - Ordinary Shares,S,N,N,100,N,N,NASDAQ,,,,,,
SDHI,Siddhi Acquisition Corp - Class A Common stock,G,N,N,100,N,N,NASDAQ,,,,,,
SDM,Smart Digital Group Limited - Ordinary Shares,S,N,N,100,N,N,NASDAQ,,,,,,
SDOT,Sadot Group Inc. - Common Stock,S,N,N,100,N,N,NASDAQ,,,,,,
SDST,Stardust Power Inc. - Common Stock,G,N,D,100,N,N,NASDAQ,,,,,,
SEAT,Vivid Seats Inc. - Class A common stock,Q,N,N,100,N,N,NASDAQ,,,,,,
SEDG,"SolarEdge Technologies, Inc. - Common Stock",Q,N,N,100,N,N,NASDAQ,,,,,,
SEED,Origin Agritech Limited - Ordinary Shares,S,N,N,100,N,N,NASDAQ,,,,,,
SEGG,"Lottery.com, Inc. - Common Stock",G,N,N,100,N,N,NASDAQ,,,,,,
SEIC,SEI Investments Company - Common Stock,Q,N,N,100,N,N,NASDAQ,,,,,,
SELF,"Global Self Storage, Inc. - Common Stock",S,N,N,100,N,N,NASDAQ,,,,,,
SELX,Semilux International Ltd. - Ordinary Shares,S,N,E,100,N,N,NASDAQ,,,,,,
SENEA,Seneca Foods Corp. - Class A Common Stock,Q,N,N,100,N,N,NASDAQ,,,,,,
SENEB,Seneca Foods Corp. - Class B Common Stock,Q,N,N,100,N,N,NASDAQ,,,,,,
SEPN,"Septerna, Inc. - Common Stock",G,N,N,100,N,N,NASDAQ,,,,,,
SERA,"Sera Prognostics, Inc. - Class A Common Stock",G,N,N,100,N,N,NASDAQ,,,,,,
SERV,Serve Robotics Inc. - Common Stock,S,N,N,100,N,N,NASDAQ,,,,,,
SEV,Aptera Motors Corp. - Class B Common Stock,S,N,N,100,N,N,NASDAQ,,,,,,
SEVN,Seven Hills Realty Trust  - Common Stock,S,N,N,100,N,N,NASDAQ,,,,,,
SEZL,Sezzle Inc. - Common Stock,S,N,N,100,N,N,NASDAQ,,,,,,
SFBC,"Sound Financial Bancorp, Inc. - Common Stock",S,N,N,100,N,N,NASDAQ,,,,,,
SFD,"Smithfield Foods, Inc. - Common Stock",Q,N,N,100,N,N,NASDAQ,,,,,,
SFHG,Samfine Creation Holdings Group Limited - Class A Ordinary Share,S,N,D,100,N,N,NASDAQ,,,,,,
SFIX,"Stitch Fix, Inc. - Class A Common Stock",Q,N,N,100,N,N,NASDAQ,,,,,,
SFM,"Sprouts Farmers Market, Inc. - Common Stock",Q,N,N,100,N,N,NASDAQ,,,,,,
SFNC,Simmons First National Corporation - Common Stock,Q,N,N,100,N,N,NASDAQ,,,,,,
SFST,"Southern First Bancshares, Inc. - Common Stock",G,N,N,100,N,N,NASDAQ,,,,,,
SFWL,Shengfeng Development Limited - Class A Ordinary Shares,S,N,N,100,N,N,NASDAQ,,,,,,
SGA,"Saga Communications, Inc. - Class A Common Stock",G,N,N,100,N,N,NASDAQ,,,,,,
SGBX,Safe & Green Holdings Corp. - Common Stock,S,N,N,100,N,N,NASDAQ,,,,,,
SGC,"Superior Group of Companies, Inc. - Common Stock",G,N,N,100,N,N,NASDAQ,,,,,,
SGD,Safe and Green Development Corporation - Common Stock,S,N,N,100,N,N,NASDAQ,,,,,,
SGHT,"Sight Sciences, Inc. - Common Stock",Q,N,N,100,N,N,NASDAQ,,,,,,
SGLY,Singularity Future Technology Ltd. - Common Stock,S,N,N,100,N,N,NASDAQ,,,,,,
SGML,Sigma Lithium Corporation - common shares,S,N,N,100,N,N,NASDAQ,,,,,,
SGMO,"Sangamo Therapeutics, Inc. - Common Stock",S,N,D,100,N,N,NASDAQ,,,,,,
SGMT,Sagimet Biosciences Inc. - Series A Common Stock,G,N,N,100,N,N,NASDAQ,,,,,,
SGRP,"SPAR Group, Inc. - Common Stock",S,N,N,100,N,N,NASDAQ,,,,,,
SGRY,"Surgery Partners, Inc. - Common Stock",Q,N,N,100,N,N,NASDAQ,,,,,,
SHBI,"Shore Bancshares, Inc. - Common Stock",Q,N,N,100,N,N,NASDAQ,,,,,,
SHC,Sotera Health Company - Common Stock,Q,N,N,100,N,N,NASDAQ,,,,,,
SHEN,Shenandoah Telecommunications Co - Common Stock,Q,N,N,100,N,N,NASDAQ,,,,,,
SHFS,"SHF Holdings, Inc. - Class A Common Stock",S,N,N,100,N,N,NASDAQ,,,,,,
SHIM,Shimmick Corporation - Common Stock,S,N,N,100,N,N,NASDAQ,,,,,,
SHIP,Seanergy Maritime Holdings Corp. - Common Stock,S,N,N,100,N,N,NASDAQ,,,,,,
SHLS,"Shoals Technologies Group, Inc. - Class A Common Stock",G,N,N,100,N,N,NASDAQ,,,,,,
SHMD,SCHMID Group N.V. - Class A Ordinary Shares,G,N,E,100,N,N,NASDAQ,,,,,,
SHOO,"Steven Madden, Ltd. - Common Stock",Q,N,N,100,N,N,NASDAQ,,,,,,
SHPH,"Shuttle Pharmaceuticals Holdings, Inc. - common stock",S,N,N,100,N,N,NASDAQ,,,,,,
SIBN,"SI-BONE, Inc. - Common Stock",G,N,N,100,N,N,NASDAQ,,,,,,
SIEB,Siebert Financial Corp. - Common Stock,S,N,N,100,N,N,NASDAQ,,,,,,
SIGA,SIGA Technologies Inc. - Common Stock,G,N,N,100,N,N,NASDAQ,,,,,,
SIGI,"Selective Insurance Group, Inc. - Common Stock",Q,N,N,100,N,N,NASDAQ,,,,,,
SILC,Silicom Ltd - Ordinary Shares,Q,N,N,100,N,N,NASDAQ,,,,,,
SILO,"Silo Pharma, Inc. - Common Stock",S,N,D,100,N,N,NASDAQ,,,,,,
SIMA,SIM Acquisition Corp. I - Class A Ordinary Shares,G,N,N,100,N,N,NASDAQ,,,,,,
SINT,"SiNtx Technologies, Inc. - Common Stock",S,N,N,100,N,N,NASDAQ,,,,,,
SION,"Sionna Therapeutics, Inc. - Common Stock",G,N,N,100,N,N,NASDAQ,,,,,,
SIRI,SiriusXM Holdings Inc. - Common Stock,Q,N,N,100,N,N,NASDAQ,,,,,,
SITM,SiTime Corporation - Common Stock,G,N,N,100,N,N,NASDAQ,,,,,,
SJ,Scienjoy Holding Corporation - Class A Ordinary Shares,S,N,D,100,N,N,NASDAQ,,,,,,
SKBL,Skyline Builders Group Holding Limited - Class A Ordinary Shares,S,N,N,100,N,N,NASDAQ,,,,,,
SKIN,The Beauty Health Company - Class A Common Stock,S,N,N,100,N,N,NASDAQ,,,,,,
SKK,SKK Holdings Limited - Ordinary Shares,S,N,D,100,N,N,NASDAQ,,,,,,
SKWD,"Skyward Specialty Insurance Group, Inc. - Common Stock",Q,N,N,100,N,N,NASDAQ,,,,,,
SKYE,"Skye Bioscience, Inc. - Common Stock",G,N,N,100,N,N,NASDAQ,,,,,,
SKYQ,Sky Quarry Inc. - Common Stock,S,N,D,100,N,N,NASDAQ,,,,,,
SKYT,"SkyWater Technology, Inc. - Common Stock",S,N,N,100,N,N,NASDAQ,,,,,,
SKYX,SKYX Platforms Corp. - Common Stock,S,N,N,100,N,N,NASDAQ,,,,,,
SLAB,"Silicon Laboratories, Inc. - Common Stock",Q,N,N,100,N,N,NASDAQ,,,,,,
SLDB,Solid Biosciences Inc. - Common Stock,Q,N,N,100,N,N,NASDAQ,,,,,,
SLDE,"Slide Insurance Holdings, Inc. - Common Stock",Q,N,N,100,N,N,NASDAQ,,,,,,
SLDP,"Solid Power, Inc. - Class A Common Stock",Q,N,N,100,N,N,NASDAQ,,,,,,
SLE,"Super League Enterprise, Inc. - Common Stock",S,N,D,100,N,N,NASDAQ,,,,,,
SLGB,Smart Logistics Global Limited - Ordinary Shares,S,N,N,100,N,N,NASDAQ,,,,,,
SLGL,Sol-Gel Technologies Ltd. - Ordinary Shares,S,N,N,100,N,N,NASDAQ,,,,,,
SLM,SLM Corporation - Common Stock,Q,N,N,100,N,N,NASDAQ,,,,,,
SLMT,Brera Holdings PLC - Class B Ordinary Shares,S,N,N,100,N,N,NASDAQ,,,,,,
SLNG,"Stabilis Solutions, Inc. - Common Stock",S,N,N,100,N,N,NASDAQ,,,,,,
SLNH,"Soluna Holdings, Inc. - Common Stock",S,N,N,100,N,N,NASDAQ,,,,,,
SLNO,"Soleno Therapeutics, Inc. - Common Stock",S,N,N,100,N,N,NASDAQ,,,,,,
SLP,"Simulations Plus, Inc. - Common Stock",Q,N,N,100,N,N,NASDAQ,,,,,,
SLRX,"Salarius Pharmaceuticals, Inc. - Common Stock",S,N,N,100,N,N,NASDAQ,,,,,,
SLS,"SELLAS Life Sciences Group, Inc.  - Common Stock",S,N,N,100,N,N,NASDAQ,,,,,,
SLSN,"Solesence, Inc. - Common stock",S,N,N,100,N,N,NASDAQ,,,,,,
SLXN,Silexion Therapeutics Corp - Ordinary Shares,S,N,D,100,N,N,NASDAQ,,,,,,
SMBC,"Southern Missouri Bancorp, Inc. - Common Stock",G,N,N,100,N,N,NASDAQ,,,,,,
SMCI,"Super Micro Computer, Inc. - Common Stock",Q,N,N,100,N,N,NASDAQ,,,,,,
SMID,Smith-Midland Corporation - Common Stock,S,N,N,100,N,N,NASDAQ,,,,,,
SMMT,Summit Therapeutics Inc.  - Common Stock,G,N,N,100,N,N,NASDAQ,,,,,,
SMPL,The Simply Good Foods Company - Common Stock,S,N,N,100,N,N,NASDAQ,,,,,,
SMSI,"Smith Micro Software, Inc. - Common Stock",S,N,D,100,N,N,NASDAQ,,,,,,
SMTC,Semtech Corporation - Common Stock,Q,N,N,100,N,N,NASDAQ,,,,,,
SMTI,Sanara MedTech Inc. - Common Stock,S,N,N,100,N,N,NASDAQ,,,,,,
SMTK,"SmartKem, Inc. - Common Stock",S,N,D,100,N,N,NASDAQ,,,,,,
SMX,SMX (Security Matters) Public Limited Company - Ordinary Shares,S,N,N,100,N,N,NASDAQ,,,,,,
SMXT,Solarmax Technology Inc. - Common Stock,S,N,N,100,N,N,NASDAQ,,,,,,
SNAL,"Snail, Inc. - Class A Common Stock",S,N,N,100,N,N,NASDAQ,,,,,,
SNCY,"Sun Country Airlines Holdings, Inc. - Common Stock",Q,N,N,100,N,N,NASDAQ,,,,,,
SND,"Smart Sand, Inc. - Common Stock",Q,N,N,100,N,N,NASDAQ,,,,,,
SNDK,Sandisk Corporation - Common Stock,Q,N,N,100,N,N,NASDAQ,,,,,,
SNDL,SNDL Inc. - Common Shares,S,N,N,100,N,N,NASDAQ,,,,,,
SNDX,"Syndax Pharmaceuticals, Inc. - Common Stock",Q,N,N,100,N,N,NASDAQ,,,,,,
SNES,"SenesTech, Inc. - Common Stock",S,N,N,100,N,N,NASDAQ,,,,,,
SNEX,StoneX Group Inc. - Common Stock,Q,N,N,100,N,N,NASDAQ,,,,,,
SNFCA,Security National Financial Corporation - Class A Common Stock,G,N,N,100,N,N,NASDAQ,,,,,,
SNGX,"Soligenix, Inc. - Common Stock",S,N,D,100,N,N,NASDAQ,,,,,,
SNOA,"Sonoma Pharmaceuticals, Inc. - Common Stock",S,N,N,100,N,N,NASDAQ,,,,,,
SNPS,"Synopsys, Inc. - Common Stock",Q,N,N,100,N,N,NASDAQ,,,,,,
SNSE,"Sensei Biotherapeutics, Inc. - Common Stock",S,N,N,100,N,N,NASDAQ,,,,,,
SNT,Senstar Technologies Corporation - Common Shares,G,N,N,100,N,N,NASDAQ,,,,,,
SNTG,Sentage Holdings Inc. - Class A Ordinary Shares,S,N,N,100,N,N,NASDAQ,,,,,,
SNTI,"Senti Biosciences, Inc.  - Common Stock",S,N,N,100,N,N,NASDAQ,,,,,,
SNWV,"SANUWAVE Health, Inc. - Common Stock",G,N,N,100,N,N,NASDAQ,,,,,,
SOCA,Solarius Capital Acquisition Corp. - Class A Ordinary Share,G,N,N,100,N,N,NASDAQ,,,,,,
SOFI,"SoFi Technologies, Inc.  - Common Stock",Q,N,N,100,N,N,NASDAQ,,,,,,
SOHO,Sotherly Hotels Inc. - Common Stock,S,N,D,100,N,N,NASDAQ,,,,,,
SOLSV,Solstice Advanced Materials Inc. - Common Stock When Issued,Q,N,N,100,N,N,NASDAQ,,,,,,
SOND,Sonder Holdings Inc. - Class A Common Stock,Q,N,N,100,N,N,NASDAQ,,,,,,
SONM,"Sonim Technologies, Inc. - Common Stock",S,N,D,100,N,N,NASDAQ,,,,,,
SONN,"Sonnet BioTherapeutics Holdings, Inc. - Common Stock",S,N,N,100,N,N,NASDAQ,,,,,,
SONO,"Sonos, Inc. - Common Stock",Q,N,N,100,N,N,NASDAQ,,,,,,
SOPA,Society Pass Incorporated - Common Stock,S,N,N,100,N,N,NASDAQ,,,,,,
SOPH,SOPHiA GENETICS SA - Ordinary Shares,Q,N,N,100,N,N,NASDAQ,,,,,,
SORA,AsiaStrategy - Ordinary Shares,S,N,N,100,N,N,NASDAQ,,,,,,
SOTK,Sono-Tek Corporation - Common Stock,S,N,N,100,N,N,NASDAQ,,,,,,
SOUN,"SoundHound AI, Inc. - Class A Common Stock",G,N,N,100,N,N,NASDAQ,,,,,,
SOWG,Sow Good Inc. - Common Stock,S,N,D,100,N,N,NASDAQ,,,,,,
SPAI,Safe Pro Group Inc. - Common Stock,S,N,N,100,N,N,NASDAQ,,,,,,
SPCB,"SuperCom, Ltd. - Ordinary Shares",S,N,N,100,N,N,NASDAQ,,,,,,
SPEG,Silver Pegasus Acquisition Corp - Class A Ordinary Shares,G,N,N,100,N,N,NASDAQ,,,,,,
SPFI,"South Plains Financial, Inc. - Common Stock",Q,N,N,100,N,N,NASDAQ,,,,,,
SPHL,Springview Holdings Ltd - Ordinary shares,S,N,D,100,N,N,NASDAQ,,,,,,
SPKL,Spark I Acquisition Corp. - Class A Ordinary Share,G,N,N,100,N,N,NASDAQ,,,,,,
SPNS,Sapiens International Corporation N.V. - Common Shares,Q,N,N,100,N,N,NASDAQ,,,,,,
SPOK,"Spok Holdings, Inc. - Common Stock",Q,N,N,100,N,N,NASDAQ,,,,,,
SPPL,SIMPPLE LTD. - Ordinary Shares,S,N,N,100,N,N,NASDAQ,,,,,,
SPRB,"Spruce Biosciences, Inc. - Common Stock",S,N,N,100,N,N,NASDAQ,,,,,,
SPRC,SciSparc Ltd. - Ordinary Shares,S,N,N,100,N,N,NASDAQ,,,,,,
SPRO,"Spero Therapeutics, Inc. - Common Stock",Q,N,N,100,N,N,NASDAQ,,,,,,
SPRY,"ARS Pharmaceuticals, Inc. - Common Stock",G,N,N,100,N,N,NASDAQ,,,,,,
SPSC,"SPS Commerce, Inc. - Common Stock",Q,N,N,100,N,N,NASDAQ,,,,,,
SPT,"Sprout Social, Inc - Class A Common Stock",S,N,N,100,N,N,NASDAQ,,,,,,
SPWH,"Sportsman's Warehouse Holdings, Inc. - Common Stock",Q,N,N,100,N,N,NASDAQ,,,,,,
SQFT,"Presidio Property Trust, Inc. - Class A Common Stock",S,N,N,100,N,N,NASDAQ,,,,,,
SRAD,Sportradar Group AG - Class A Ordinary Shares,Q,N,N,100,N,N,NASDAQ,,,,,,
SRBK,"SR Bancorp, Inc. - Common stock",S,N,N,100,N,N,NASDAQ,,,,,,
SRCE,1st Source Corporation - Common Stock,Q,N,N,100,N,N,NASDAQ,,,,,,
SRDX,"Surmodics, Inc. - Common Stock",Q,N,N,100,N,N,NASDAQ,,,,,,
SRPT,"Sarepta Therapeutics, Inc. - Common Stock",Q,N,N,100,N,N,NASDAQ,,,,,,
SRRK,Scholar Rock Holding Corporation - Common Stock,Q,N,N,100,N,N,NASDAQ,,,,,,
SRTA,"Strata Critical Medical, Inc. - Class A Common Stock",S,N,N,100,N,N,NASDAQ,,,,,,
SRTS,"Sensus Healthcare, Inc. - Common Stock",S,N,N,100,N,N,NASDAQ,,,,,,
SRZN,"Surrozen, Inc. - Common Stock",S,N,N,100,N,N,NASDAQ,,,,,,
SSBI,Summit State Bank - Common Stock,G,N,N,100,N,N,NASDAQ,,,,,,
SSEA,Starry Sea Acquisition Corp - Ordinary Shares,S,N,N,100,N,N,NASDAQ,,,,,,
SSII,SS Innovations International Inc. - Common Stock,S,N,N,100,N,N,NASDAQ,,,,,,
SSKN,"Strata Skin Sciences, Inc. - Common Stock",S,N,D,100,N,N,NASDAQ,,,,,,
SSM,Sono Group N.V. - Ordinary Shares,S,N,N,100,N,N,NASDAQ,,,,,,
SSNC,"SS&C Technologies Holdings, Inc. - Common Stock",Q,N,N,100,N,N,NASDAQ,,,,,,
SSP,E.W. Scripps Company (The) - Class A Common Stock,Q,N,N,100,N,N,NASDAQ,,,,,,
SSRM,SSR Mining Inc. - Common Stock,Q,N,N,100,N,N,NASDAQ,,,,,,
SSTI,"SoundThinking, Inc. - Common Stock",S,N,N,100,N,N,NASDAQ,,,,,,
SSYS,"Stratasys, Ltd. - Common Stock",Q,N,N,100,N,N,NASDAQ,,,,,,
STAA,STAAR Surgical Company - Common Stock,G,N,N,100,N,N,NASDAQ,,,,,,
STAI,ScanTech AI Systems Inc. - Common stock,G,N,H,100,N,N,NASDAQ,,,,,,
STAK,STAK Inc. - Class A Ordinary Shares,S,N,D,100,N,N,NASDAQ,,,,,,
STBA,"S&T Bancorp, Inc. - Common Stock",Q,N,N,100,N,N,NASDAQ,,,,,,
STEP,StepStone Group Inc. - Class A Common Stock,Q,N,N,100,N,N,NASDAQ,,,,,,
STEX,Streamex Corp. - Common Stock,S,N,N,100,N,N,NASDAQ,,,,,,
STFS,Star Fashion Culture Holdings Limited - Class A Ordinary Shares,S,N,D,100,N,N,NASDAQ,,,,,,
STI,"Solidion Technology, Inc. - Common Stock",G,N,D,100,N,N,NASDAQ,,,,,,
STIM,"Neuronetics, Inc. - Common Stock",G,N,N,100,N,N,NASDAQ,,,,,,
STKE,Sol Strategies Inc. - Common Shares,Q,N,N,100,N,N,NASDAQ,,,,,,
STKL,"SunOpta, Inc. - Common Stock",Q,N,N,100,N,N,NASDAQ,,,,,,
STKS,"The ONE Group Hospitality, Inc. - Common Stock",S,N,N,100,N,N,NASDAQ,,,,,,
STLD,"Steel Dynamics, Inc. - Common Stock",Q,N,N,100,N,N,NASDAQ,,,,,,
STOK,"Stoke Therapeutics, Inc. - Common Stock",Q,N,N,100,N,N,NASDAQ,,,,,,
STRA,"Strategic Education, Inc. - Common Stock",Q,N,N,100,N,N,NASDAQ,,,,,,
STRL,"Sterling Infrastructure, Inc. - Common Stock",Q,N,N,100,N,N,NASDAQ,,,,,,
STRO,"Sutro Biopharma, Inc. - Common Stock",G,N,D,100,N,N,NASDAQ,,,,,,
STRS,Stratus Properties Inc. - Common Stock,Q,N,N,100,N,N,NASDAQ,,,,,,
STRT,STRATTEC SECURITY CORPORATION - Common Stock,G,N,N,100,N,N,NASDAQ,,,,,,
STRZ,Starz Entertainment Corp. - Common Shares,Q,N,N,100,N,N,NASDAQ,,,,,,
STSS,Sharps Technology Inc. - Common Stock,S,N,N,100,N,N,NASDAQ,,,,,,
STTK,"Shattuck Labs, Inc. - Common Stock",Q,N,N,100,N,N,NASDAQ,,,,,,
STX,Seagate Technology Holdings PLC - Ordinary Shares (Ireland),Q,N,N,100,N,N,NASDAQ,,,,,,
SUGP,SU Group Holdings Limited - Ordinary Shares,S,N,N,100,N,N,NASDAQ,,,,,,
SUIG,Sui Group Holdings Limited - Common Stock,S,N,D,100,N,N,NASDAQ,,,,,,
SUNE,"SUNation Energy, Inc. - Common Stock",S,N,N,100,N,N,NASDAQ,,,,,,
SUNS,"Sunrise Realty Trust, Inc. - Common Stock",S,N,N,100,N,N,NASDAQ,,,,,,
SUPN,"Supernus Pharmaceuticals, Inc. - Common Stock",G,N,N,100,N,N,NASDAQ,,,,,,
SUPX,SuperX AI Technology Limited - Ordinary Shares,S,N,N,100,N,N,NASDAQ,,,,,,
SURG,"SurgePays, Inc. - Common Stock",S,N,N,100,N,N,NASDAQ,,,,,,
SUUN,PowerBank Corporation - Common Stock,G,N,N,100,N,N,NASDAQ,,,,,,
SVA,"Sinovac Biotech, Ltd. - Ordinary Shares (Antigua/Barbudo)",Q,N,E,100,N,N,NASDAQ,,,,,,
SVAC,Spring Valley Acquisition Corp. III - Class A Ordinary Shares,G,N,N,100,N,N,NASDAQ,,,,,,
SVCC,Stellar V Capital Corp. - Class A Ordinary Shares,G,N,N,100,N,N,NASDAQ,,,,,,
SVCO,"Silvaco Group, Inc. - Common Stock",Q,N,N,100,N,N,NASDAQ,,,,,,
SVRA,"Savara, Inc. - Common Stock",Q,N,N,100,N,N,NASDAQ,,,,,,
SWAG,"Stran & Company, Inc. - Common Stock",S,N,N,100,N,N,NASDAQ,,,,,,
SWBI,"Smith & Wesson Brands, Inc. - Common Stock",Q,N,N,100,N,N,NASDAQ,,,,,,
SWIM,"Latham Group, Inc. - Common Stock",Q,N,N,100,N,N,NASDAQ,,,,,,
SWKH,SWK Holdings Corporation - Common Stock,G,N,N,100,N,N,NASDAQ,,,,,,
SWKS,"Skyworks Solutions, Inc. - Common Stock",Q,N,N,100,N,N,NASDAQ,,,,,,
SWVL,Swvl Holdings Corp - Ordinary Shares,S,N,N,100,N,N,NASDAQ,,,,,,
SXTC,"China SXT Pharmaceuticals, Inc. - Common Stock",S,N,N,100,N,N,NASDAQ,,,,,,
SXTP,"60 Degrees Pharmaceuticals, Inc. - Common Stock",S,N,N,100,N,N,NASDAQ,,,,,,
SYBT,"Stock Yards Bancorp, Inc. - Common Stock",Q,N,N,100,N,N,NASDAQ,,,,,,
SYBX,"Synlogic, Inc. - Common Stock",S,N,N,100,N,N,NASDAQ,,,,,,
SYM,Symbotic Inc. - Class A Common Stock,G,N,N,100,N,N,NASDAQ,,,,,,
SYNA,Synaptics Incorporated - Common Stock,Q,N,N,100,N,N,NASDAQ,,,,,,
SYRE,"Spyre Therapeutics, Inc. - Common Stock",Q,N,N,100,N,N,NASDAQ,,,,,,
SZZL,Sizzle Acquisition Corp. II - Class A ordinary shares,G,N,N,100,N,N,NASDAQ,,,,,,
TACH,Titan Acquisition Corp. - Class A Ordinary Shares,G,N,N,100,N,N,NASDAQ,,,,,,
TACO,Berto Acquisition Corp. - Ordinary Shares,G,N,N,100,N,N,NASDAQ,,,,,,
TACT,TransAct Technologies Incorporated - Common Stock,G,N,N,100,N,N,NASDAQ,,,,,,
TAIT,Taitron Components Incorporated - Class A Common Stock,S,N,N,100,N,N,NASDAQ,,,,,,
TALK,"Talkspace, Inc. - Common Stock",S,N,N,100,N,N,NASDAQ,,,,,,
TANH,Tantech Holdings Ltd. - Common Shares,S,N,N,100,N,N,NASDAQ,,,,,,
TAOP,Taoping Inc. - Ordinary Shares,S,N,N,100,N,N,NASDAQ,,,,,,
TAOX,Tao Synergies Inc. - Common Stock,S,N,N,100,N,N,NASDAQ,,,,,,
TARA,"Protara Therapeutics, Inc.  - Common Stock",G,N,N,100,N,N,NASDAQ,,,,,,
TARS,"Tarsus Pharmaceuticals, Inc. - Common Stock",Q,N,N,100,N,N,NASDAQ,,,,,,
TASK,"TaskUs, Inc. - Class A Common Stock",Q,N,N,100,N,N,NASDAQ,,,,,,
TATT,TAT Technologies Ltd. - Ordinary Shares,G,N,N,100,N,N,NASDAQ,,,,,,
TAVI,Tavia Acquisition Corp. - Ordinary Shares,G,N,N,100,N,N,NASDAQ,,,,,,
TAYD,"Taylor Devices, Inc. - Common Stock",S,N,N,100,N,N,NASDAQ,,,,,,
TBBK,"The Bancorp, Inc. - Common Stock",Q,N,N,100,N,N,NASDAQ,,,,,,
TBCH,Turtle Beach Corporation - Common Stock,G,N,N,100,N,N,NASDAQ,,,,,,
TBH,"Brag House Holdings, Inc. - Common Stock",S,N,N,100,N,N,NASDAQ,,,,,,
TBHC,"The Brand House Collective, Inc - Common Stock",Q,N,N,100,N,N,NASDAQ,,,,,,
TBLA,Taboola.com Ltd. - Ordinary Shares,Q,N,N,100,N,N,NASDAQ,,,,,,
TBMC,Trailblazer Merger Corporation I - Class A Common Stock,G,N,N,100,N,N,NASDAQ,,,,,,
TBPH,"Theravance Biopharma, Inc. - Ordinary Shares",G,N,N,100,N,N,NASDAQ,,,,,,
TBRG,"TruBridge, Inc. - Common Stock",Q,N,N,100,N,N,NASDAQ,,,,,,
TCBI,"Texas Capital Bancshares, Inc. - Common Stock",Q,N,N,100,N,N,NASDAQ,,,,,,
TCBK,TriCo Bancshares - Common Stock,Q,N,N,100,N,N,NASDAQ,,,,,,
TCBS,"Texas Community Bancshares, Inc. - Common Stock",S,N,N,100,N,N,NASDAQ,,,,,,
TCMD,"Tactile Systems Technology, Inc. - Common Stock",G,N,N,100,N,N,NASDAQ,,,,,,
TCRT,"Alaunos Therapeutics, Inc. - Common Stock",S,N,N,100,N,N,NASDAQ,,,,,,
TCRX,"TScan Therapeutics, Inc. - Common Stock",G,N,N,100,N,N,NASDAQ,,,,,,
TCX,Tucows Inc. - Common Stock,S,N,N,100,N,N,NASDAQ,,,,,,
TDAC,Translational Development Acquisition Corp. - Ordinary Shares,G,N,N,100,N,N,NASDAQ,,,,,,
TDIC,Dreamland Limited - Class A Ordinary Shares,S,N,N,100,N,N,NASDAQ,,,,,,
TDUP,ThredUp Inc. - Class A Common Stock,Q,N,N,100,N,N,NASDAQ,,,,,,
TEAD,Teads Holding Co. - Common Stock,Q,N,N,100,N,N,NASDAQ,,,,,,
TEAM,Atlassian Corporation  - Class A Common Stock,Q,N,N,100,N,N,NASDAQ,,,,,,
TECH,Bio-Techne Corp - Common Stock,Q,N,N,100,N,N,NASDAQ,,,,,,
TECX,"Tectonic Therapeutic, Inc. - Common Stock",G,N,N,100,N,N,NASDAQ,,,,,,
TELA,"TELA Bio, Inc. - Common stock",G,N,N,100,N,N,NASDAQ,,,,,,
TELO,"Telomir Pharmaceuticals, Inc. - Common Stock",S,N,N,100,N,N,NASDAQ,,,,,,
TEM,"Tempus AI, Inc. - Class A Common Stock",Q,N,N,100,N,N,NASDAQ,,,,,,
TENB,"Tenable Holdings, Inc. - Common Stock",Q,N,N,100,N,N,NASDAQ,,,,,,
TENX,"Tenax Therapeutics, Inc. - Common Stock",S,N,N,100,N,N,NASDAQ,,,,,,
TER,"Teradyne, Inc. - Common Stock",Q,N,N,100,N,N,NASDAQ,,,,,,
TERN,"Terns Pharmaceuticals, Inc. - Common Stock",Q,N,N,100,N,N,NASDAQ,,,,,,
TFSL,TFS Financial Corporation - Common Stock,Q,N,N,100,N,N,NASDAQ,,,,,,
TGHL,The GrowHub Limited - Class A Ordinary Shares,S,N,N,100,N,N,NASDAQ,,,,,,
TGL,Treasure Global Inc. - Common Stock,S,N,N,100,N,N,NASDAQ,,,,,,
TGTX,"TG Therapeutics, Inc. - Common Stock",S,N,N,100,N,N,NASDAQ,,,,,,
TH,Target Hospitality Corp. - Common Stock,S,N,N,100,N,N,NASDAQ,,,,,,
THCH,TH International Limited - Ordinary shares,S,N,N,100,N,N,NASDAQ,,,,,,
THFF,First Financial Corporation  - Common Stock,Q,N,N,100,N,N,NASDAQ,,,,,,
THH,TryHard Holdings Limited - Ordinary Shares,S,N,N,100,N,N,NASDAQ,,,,,,
THRM,Gentherm Inc - Common Stock,Q,N,N,100,N,N,NASDAQ,,,,,,
THRY,"Thryv Holdings, Inc. - Common Stock",S,N,N,100,N,N,NASDAQ,,,,,,
TIGO,Millicom International Cellular S.A. - Common Stock,Q,N,N,100,N,N,NASDAQ,,,,,,
TIL,"Instil Bio, Inc. - Common Stock",S,N,N,100,N,N,NASDAQ,,,,,,
TILE,"Interface, Inc. - Common Stock",Q,N,N,100,N,N,NASDAQ,,,,,,
TIPT,Tiptree Inc. - Common Stock,S,N,N,100,N,N,NASDAQ,,,,,,
TIRX,TIAN RUIXIANG Holdings Ltd - Class A Ordinary Shares,S,N,N,100,N,N,NASDAQ,,,,,,
TITN,Titan Machinery Inc. - Common Stock,Q,N,N,100,N,N,NASDAQ,,,,,,
TIVC,"Tivic Health Systems, Inc. - Common stock",S,N,N,100,N,N,NASDAQ,,,,,,
TKNO,"Alpha Teknova, Inc. - Common Stock",G,N,N,100,N,N,NASDAQ,,,,,,
TLF,"Tandy Leather Factory, Inc. - common stock",S,N,N,100,N,N,NASDAQ,,,,,,
TLIH,Ten-League International Holdings Limited - Ordinary Shares,S,N,D,100,N,N,NASDAQ,,,,,,
TLN,Talen Energy Corporation - Common Stock,Q,N,N,100,N,N,NASDAQ,,,,,,
TLNC,Talon Capital Corp. - Class A Ordinary Shares,G,N,N,100,N,N,NASDAQ,,,,,,
TLPH,"Talphera, Inc. - Common Stock",S,N,N,100,N,N,NASDAQ,,,,,,
TLRY,"Tilray Brands, Inc. - Common Stock",Q,N,N,100,N,N,NASDAQ,,,,,,
TLS,Telos Corporation - Common Stock,G,N,N,100,N,N,NASDAQ,,,,,,
TLSA,Tiziana Life Sciences Ltd - Common Shares,S,N,N,100,N,N,NASDAQ,,,,,,
TLSI,"TriSalus Life Sciences, Inc. - Common Stock",G,N,N,100,N,N,NASDAQ,,,,,,
TMC,TMC the metals company Inc. - Common Stock,Q,N,N,100,N,N,NASDAQ,,,,,,
TMCI,"Treace Medical Concepts, Inc. - Common Stock",Q,N,N,100,N,N,NASDAQ,,,,,,
TMDX,"TransMedics Group, Inc. - Common Stock",G,N,N,100,N,N,NASDAQ,,,,,,
TMUS,"T-Mobile US, Inc. - Common Stock",Q,N,N,100,N,N,NASDAQ,,,,,,
TNDM,"Tandem Diabetes Care, Inc. - Common Stock",G,N,N,100,N,N,NASDAQ,,,,,,
TNGX,"Tango Therapeutics, Inc. - Common Stock",G,N,N,100,N,N,NASDAQ,,,,,,
TNMG,TNL Mediagene - Ordinary Shares,S,N,D,100,N,N,NASDAQ,,,,,,
TNON,"Tenon Medical, Inc. - Common Stock",S,N,N,100,N,N,NASDAQ,,,,,,
TNXP,Tonix Pharmaceuticals Holding Corp. - Common Stock,S,N,N,100,N,N,NASDAQ,,,,,,
TNYA,"Tenaya Therapeutics, Inc. - Common Stock",Q,N,N,100,N,N,NASDAQ,,,,,,
TOI,"The Oncology Institute, Inc. - Common Stock",S,N,N,100,N,N,NASDAQ,,,,,,
TOMZ,"TOMI Environmental Solutions, Inc. - Common Stock",S,N,N,100,N,N,NASDAQ,,,,,,
TONX,TON Strategy Company - Common Stock,S,N,D,100,N,N,NASDAQ,,,,,,
TOP,TOP Financial Group Limited - Class A Ordinary Shares,S,N,N,100,N,N,NASDAQ,,,,,,
TORO,Toro Corp. - Common stock,S,N,N,100,N,N,NASDAQ,,,,,,
TOWN,Towne Bank - Common Stock,Q,N,N,100,N,N,NASDAQ,,,,,,
TOYO,"TOYO Co., Ltd - Ordinary Shares",S,N,N,100,N,N,NASDAQ,,,,,,
TPCS,TechPrecision Corporation - Common stock,S,N,N,100,N,N,NASDAQ,,,,,,
TPG,TPG Inc. - Class A Common Stock,Q,N,N,100,N,N,NASDAQ,,,,,,
TPST,"Tempest Therapeutics, Inc. - Common Stock",S,N,N,100,N,N,NASDAQ,,,,,,
TRDA,"Entrada Therapeutics, Inc. - Common Stock",G,N,N,100,N,N,NASDAQ,,,,,,
TREE,"LendingTree, Inc. - Common Stock",Q,N,N,100,N,N,NASDAQ,,,,,,
TRI,Thomson Reuters Corp - Common Shares,Q,N,N,100,N,N,NASDAQ,,,,,,
TRIN,Trinity Capital Inc. - Common Stock,Q,N,N,100,N,N,NASDAQ,,,,,,
TRIP,"TripAdvisor, Inc. - Common Stock",Q,N,N,100,N,N,NASDAQ,,,,,,
TRMB,Trimble Inc. - Common Stock,Q,N,N,100,N,N,NASDAQ,,,,,,
TRMD,TORM plc - Class A Common Stock,Q,N,N,100,N,N,NASDAQ,,,,,,
TRMK,Trustmark Corporation - Common Stock,Q,N,N,100,N,N,NASDAQ,,,,,,
TRML,"Tourmaline Bio, Inc.  - Common Stock",Q,N,N,100,N,N,NASDAQ,,,,,,
TRNS,"Transcat, Inc. - Common Stock",G,N,N,100,N,N,NASDAQ,,,,,,
TRON,Tron Inc. - Common Stock,S,N,N,100,N,N,NASDAQ,,,,,,
TROO,"TROOPS, Inc.  - Ordinary Shares",S,N,N,100,N,N,NASDAQ,,,,,,
TRS,TriMas Corporation - Common Stock,Q,N,N,100,N,N,NASDAQ,,,,,,
TRSG,Tungray Technologies Inc - Class A Ordinary Shares,S,N,N,100,N,N,NASDAQ,,,,,,
TRST,TrustCo Bank Corp NY - Common Stock,Q,N,N,100,N,N,NASDAQ,,,,,,
TRUE,"TrueCar, Inc. - Common Stock",Q,N,N,100,N,N,NASDAQ,,,,,,
TRUG,"TruGolf Holdings, Inc. - Class A Common Stock",S,N,N,100,N,N,NASDAQ,,,,,,
TRUP,"Trupanion, Inc. - Common Stock",G,N,N,100,N,N,NASDAQ,,,,,,
TRVI,"Trevi Therapeutics, Inc. - Common Stock",G,N,N,100,N,N,NASDAQ,,,,,,
TSAT,Telesat Corporation - Class A Common Shares and Class B Variable Voting Shares,Q,N,N,100,N,N,NASDAQ,,,,,,
TSBK,"Timberland Bancorp, Inc. - Common Stock",G,N,N,100,N,N,NASDAQ,,,,,,
TSCO,Tractor Supply Company - Common Stock,Q,N,N,100,N,N,NASDAQ,,,,,,
TSEM,Tower Semiconductor Ltd. - Ordinary Shares,Q,N,N,100,N,N,NASDAQ,,,,,,
TSHA,"Taysha Gene Therapies, Inc. - Common Stock",Q,N,N,100,N,N,NASDAQ,,,,,,
TSLA,"Tesla, Inc.  - Common Stock",Q,N,N,100,N,N,NASDAQ,,,,,,
TSSI,"TSS, Inc. - Common Stock",S,N,N,100,N,N,NASDAQ,,,,,,
TTAN,"ServiceTitan, Inc. - Class A Common Stock",Q,N,N,100,N,N,NASDAQ,,,,,,
TTD,"The Trade Desk, Inc. - Class A Common Stock",G,N,N,100,N,N,NASDAQ,,,,,,
TTEC,"TTEC Holdings, Inc. - Common Stock",Q,N,N,100,N,N,NASDAQ,,,,,,
TTEK,"Tetra Tech, Inc. - Common Stock",Q,N,N,100,N,N,NASDAQ,,,,,,
TTGT,"TechTarget, Inc. - Common Stock",Q,N,N,100,N,N,NASDAQ,,,,,,
TTMI,"TTM Technologies, Inc. - Common Stock",Q,N,N,100,N,N,NASDAQ,,,,,,
TTRX,Turn Therapeutics Inc. - Common Stock,G,N,N,100,N,N,NASDAQ,,,,,,
TTSH,"Tile Shop Holdings, Inc. - Common Stock",S,N,N,100,N,N,NASDAQ,,,,,,
TTWO,"Take-Two Interactive Software, Inc. - Common Stock",Q,N,N,100,N,N,NASDAQ,,,,,,
TUSK,"Mammoth Energy Services, Inc. - Common Stock",Q,N,N,100,N,N,NASDAQ,,,,,,
TVA,Texas Ventures Acquisition III Corp - Class A Ordinary Share,G,N,N,100,N,N,NASDAQ,,,,,,
TVAI,Thayer Ventures Acquisition Corporation II - Class A Ordinary Shares,G,N,N,100,N,N,NASDAQ,,,,,,
TVGN,Tevogen Bio Holdings Inc. - Common Stock,G,N,D,100,N,N,NASDAQ,,,,,,
TVRD,"Tvardi Therapeutics, Inc. - Common Stock",S,N,N,100,N,N,NASDAQ,,,,,,
TVTX,"Travere Therapeutics, Inc. - Common Stock",G,N,N,100,N,N,NASDAQ,,,,,,
TW,Tradeweb Markets Inc. - Class A Common Stock,Q,N,N,100,N,N,NASDAQ,,,,,,
TWFG,"TWFG, Inc. - Common Stock",Q,N,N,100,N,N,NASDAQ,,,,,,
TWG,Top Wealth Group Holding Limited - Class A Ordinary Shares,S,N,N,100,N,N,NASDAQ,,,,,,
TWIN,"Twin Disc, Incorporated - Common Stock",Q,N,N,100,N,N,NASDAQ,,,,,,
TWNP,Twin Hospitality Group Inc. - Class A Common Stock,G,N,D,100,N,N,NASDAQ,,,,,,
TWST,Twist Bioscience Corporation - Common Stock,Q,N,N,100,N,N,NASDAQ,,,,,,
TXG,"10x Genomics, Inc. - Common Stock",Q,N,N,100,N,N,NASDAQ,,,,,,
TXMD,"TherapeuticsMD, Inc. - Common Stock",Q,N,N,100,N,N,NASDAQ,,,,,,
TXN,Texas Instruments Incorporated - Common Stock,Q,N,N,100,N,N,NASDAQ,,,,,,
TXRH,"Texas Roadhouse, Inc. - Common Stock",Q,N,N,100,N,N,NASDAQ,,,,,,
TYGO,"Tigo Energy, Inc. - Common Stock",S,N,N,100,N,N,NASDAQ,,,,,,
TYRA,"Tyra Biosciences, Inc. - Common Stock",Q,N,N,100,N,N,NASDAQ,,,,,,
TZOO,Travelzoo - Common Stock,Q,N,N,100,N,N,NASDAQ,,,,,,
TZUP,Thumzup Media Corporation - Common Stock,S,N,N,100,N,N,NASDAQ,,,,,,
UAL,"United Airlines Holdings, Inc. - Common Stock",Q,N,N,100,N,N,NASDAQ,,,,,,
UBCP,"United Bancorp, Inc. - Common Stock",S,N,N,100,N,N,NASDAQ,,,,,,
UBFO,United Security Bancshares - Common Stock,Q,N,N,100,N,N,NASDAQ,,,,,,
UBSI,"United Bankshares, Inc. - Common Stock",Q,N,N,100,N,N,NASDAQ,,,,,,
UBXG,U-BX Technology Ltd. - Ordinary Shares,S,N,N,100,N,N,NASDAQ,,,,,,
UCFI,CN Healthy Food Tech Group Corp. - Common Stock,S,N,N,100,N,N,NASDAQ,,,,,,
UCTT,"Ultra Clean Holdings, Inc. - Common Stock",Q,N,N,100,N,N,NASDAQ,,,,,,
UDMY,"Udemy, Inc. - Common Stock",Q,N,N,100,N,N,NASDAQ,,,,,,
UEIC,Universal Electronics Inc. - Common Stock,Q,N,N,100,N,N,NASDAQ,,,,,,
UFCS,"United Fire Group, Inc - Common Stock",Q,N,N,100,N,N,NASDAQ,,,,,,
UFG,Uni-Fuels Holdings Limited - Class A Ordinary Shares,S,N,N,100,N,N,NASDAQ,,,,,,
UFPI,"UFP Industries, Inc. - Common Stock",Q,N,N,100,N,N,NASDAQ,,,,,,
UFPT,"UFP Technologies, Inc. - Common Stock",S,N,N,100,N,N,NASDAQ,,,,,,
UG,"United-Guardian, Inc. - Common Stock",G,N,N,100,N,N,NASDAQ,,,,,,
UGRO,"urban-gro, Inc. - Common Stock",S,N,H,100,N,N,NASDAQ,,,,,,
UHG,"United Homes Group, Inc - Class A Common Stock",G,N,N,100,N,N,NASDAQ,,,,,,
UK,Ucommune International Ltd  - Ordinary Shares,S,N,N,100,N,N,NASDAQ,,,,,,
ULBI,Ultralife Corporation - Common Stock,G,N,N,100,N,N,NASDAQ,,,,,,
ULCC,"Frontier Group Holdings, Inc. - Common Stock",Q,N,N,100,N,N,NASDAQ,,,,,,
ULH,"Universal Logistics Holdings, Inc. - Common Stock",Q,N,N,100,N,N,NASDAQ,,,,,,
ULTA,"Ulta Beauty, Inc. - Common Stock",Q,N,N,100,N,N,NASDAQ,,,,,,
ULY,Urgent.ly Inc. - Common Stock,S,N,D,100,N,N,NASDAQ,,,,,,
UMBF,UMB Financial Corporation - Common Stock,Q,N,N,100,N,N,NASDAQ,,,,,,
UNB,"Union Bankshares, Inc. - Common Stock",G,N,N,100,N,N,NASDAQ,,,,,,
UNCY,"Unicycive Therapeutics, Inc. - Common Stock",S,N,N,100,N,N,NASDAQ,,,,,,
UNIT,Uniti Group Inc. - Common Stock,Q,N,N,100,N,N,NASDAQ,,,,,,
UNTY,"Unity Bancorp, Inc. - Common Stock",G,N,N,100,N,N,NASDAQ,,,,,,
UOKA,MDJM LTD - Class A Ordinary Shares,S,N,N,100,N,N,NASDAQ,,,,,,
UONE,"Urban One, Inc.  - Class A Common Stock",S,N,N,100,N,N,NASDAQ,,,,,,
UONEK,"Urban One, Inc.  - Class D Common Stock",S,N,D,100,N,N,NASDAQ,,,,,,
UPB,"Upstream Bio, Inc. - Common Stock",Q,N,N,100,N,N,NASDAQ,,,,,,
UPBD,"Upbound Group, Inc. - Common Stock",Q,N,N,100,N,N,NASDAQ,,,,,,
UPC,Universe Pharmaceuticals Inc - Ordinary Shares,S,N,N,100,N,N,NASDAQ,,,,,,
UPLD,"Upland Software, Inc. - Common Stock",G,N,N,100,N,N,NASDAQ,,,,,,
UPST,"Upstart Holdings, Inc. - Common stock",Q,N,N,100,N,N,NASDAQ,,,,,,
UPWK,Upwork Inc. - Common Stock,Q,N,N,100,N,N,NASDAQ,,,,,,
UPXI,"Upexi, Inc. - Common Stock",S,N,N,100,N,N,NASDAQ,,,,,,
URBN,"Urban Outfitters, Inc. - Common Stock",Q,N,N,100,N,N,NASDAQ,,,,,,
URGN,UroGen Pharma Ltd. - Ordinary Shares,G,N,N,100,N,N,NASDAQ,,,,,,
UROY,Uranium Royalty Corp. - Common Stock,S,N,N,100,N,N,NASDAQ,,,,,,
USCB,"USCB Financial Holdings, Inc.  - Class A Common Stock",G,N,N,100,N,N,NASDAQ,,,,,,
USEA,United Maritime Corporation - Common Stock,S,N,N,100,N,N,NASDAQ,,,,,,
USEG,U.S. Energy Corp. - Common Stock,S,N,N,100,N,N,NASDAQ,,,,,,
USGO,U.S. GoldMining Inc. - Common stock,S,N,N,100,N,N,NASDAQ,,,,,,
USIO,"Usio, Inc. - Common Stock",G,N,N,100,N,N,NASDAQ,,,,,,
USLM,"United States Lime & Minerals, Inc. - Common Stock",Q,N,N,100,N,N,NASDAQ,,,,,,
UTMD,"Utah Medical Products, Inc. - Common Stock",Q,N,N,100,N,N,NASDAQ,,,,,,
UTSI,UTStarcom Holdings Corp - Ordinary Shares,Q,N,N,100,N,N,NASDAQ,,,,,,
UVSP,Univest Financial Corporation - Common Stock,Q,N,N,100,N,N,NASDAQ,,,,,,
UYSC,UY Scuti Acquisition Corp. - Ordinary Shares,S,N,N,100,N,N,NASDAQ,,,,,,
VABK,Virginia National Bankshares Corporation - Common Stock,S,N,N,100,N,N,NASDAQ,,,,,,
VACH,Voyager Acquisition Corp - Class A Ordinary Shares,G,N,N,100,N,N,NASDAQ,,,,,,
VANI,"Vivani Medical, Inc.  - Common Stock",S,N,N,100,N,N,NASDAQ,,,,,,
VBIX,Viewbix Inc. - Common Stock ,S,N,N,100,N,N,NASDAQ,,,,,,
VBNK,VersaBank - Common Shares,Q,N,N,100,N,N,NASDAQ,,,,,,
VC,Visteon Corporation - Common Stock,Q,N,N,100,N,N,NASDAQ,,,,,,
VCEL,Vericel Corporation - Common Stock,G,N,N,100,N,N,NASDAQ,,,,,,
VCIC,Vine Hill Capital Investment Corp. - Class A Ordinary Shares,G,N,N,100,N,N,NASDAQ,,,,,,
VCYT,"Veracyte, Inc. - Common Stock",G,N,N,100,N,N,NASDAQ,,,,,,
VECO,Veeco Instruments Inc. - Common Stock,Q,N,N,100,N,N,NASDAQ,,,,,,
VEEA,Veea Inc. - Common Stock,G,N,D,100,N,N,NASDAQ,,,,,,
VEEE,Twin Vee PowerCats Co. - Common Stock,S,N,N,100,N,N,NASDAQ,,,,,,
VELO,"Velo3D, Inc. - Common stock",S,N,N,100,N,N,NASDAQ,,,,,,
VERA,"Vera Therapeutics, Inc. - Class A Common Stock",G,N,N,100,N,N,NASDAQ,,,,,,
VERI,"Veritone, Inc. - Common Stock",G,N,N,100,N,N,NASDAQ,,,,,,
VERO,Venus Concept Inc.  - Common Stock,S,N,N,100,N,N,NASDAQ,,,,,,
VERX,"Vertex, Inc. - Class A Common Stock",G,N,N,100,N,N,NASDAQ,,,,,,
VFF,"Village Farms International, Inc. - Common Shares",S,N,N,100,N,N,NASDAQ,,,,,,
VFS,VinFast Auto Ltd. - Ordinary Shares,Q,N,N,100,N,N,NASDAQ,,,,,,
VGAS,"Verde Clean Fuels, Inc. - Class A Common Stock",S,N,N,100,N,N,NASDAQ,,,,,,
VHC,VirnetX Holding Corp - Common Stock,S,N,N,100,N,N,NASDAQ,,,,,,
VIAV,Viavi Solutions Inc. - Common Stock,Q,N,N,100,N,N,NASDAQ,,,,,,
VINP,Vinci Compass Investments Ltd. - Class A Common Shares,Q,N,N,100,N,N,NASDAQ,,,,,,
VIR,"Vir Biotechnology, Inc. - Common Stock",Q,N,N,100,N,N,NASDAQ,,,,,,
VIRC,Virco Manufacturing Corporation - Common Stock,G,N,N,100,N,N,NASDAQ,,,,,,
VITL,"Vital Farms, Inc. - Common Stock",G,N,N,100,N,N,NASDAQ,,,,,,
VIVK,"Vivakor, Inc. - Common Stock",S,N,D,100,N,N,NASDAQ,,,,,,
VIVS,"VivoSim Labs, Inc. - Common Stock",S,N,N,100,N,N,NASDAQ,,,,,,
VKTX,"Viking Therapeutics, Inc. - Common Stock",S,N,N,100,N,N,NASDAQ,,,,,,
VLGEA,"Village Super Market, Inc. - Class A Common Stock",Q,N,N,100,N,N,NASDAQ,,,,,,
VLY,Valley National Bancorp - Common Stock,Q,N,N,100,N,N,NASDAQ,,,,,,
VMD,"Viemed Healthcare, Inc. - Common Shares",S,N,N,100,N,N,NASDAQ,,,,,,
VMEO,"Vimeo, Inc. - Common Stock",Q,N,N,100,N,N,NASDAQ,,,,,,
VNCE,Vince Holding Corp. - Common Stock,S,N,N,100,N,N,NASDAQ,,,,,,
VNDA,Vanda Pharmaceuticals Inc. - Common Stock,G,N,N,100,N,N,NASDAQ,,,,,,
VNME,Vendome Acquisition Corporation I - Class A Ordinary Shares,G,N,N,100,N,N,NASDAQ,,,,,,
VNOM,"Viper Energy, Inc.  - Class A Common Stock",Q,N,N,100,N,N,NASDAQ,,,,,,
VOR,Vor Biopharma Inc. - Common Stock,Q,N,N,100,N,N,NASDAQ,,,,,,
VRA,"Vera Bradley, Inc. - Common Stock",Q,N,N,100,N,N,NASDAQ,,,,,,
VRAX,Virax Biolabs Group Limited - Ordinary Shares,S,N,D,100,N,N,NASDAQ,,,,,,
VRCA,Verrica Pharmaceuticals Inc. - Common Stock,S,N,N,100,N,N,NASDAQ,,,,,,
VRDN,"Viridian Therapeutics, Inc.  - Common Stock",S,N,N,100,N,N,NASDAQ,,,,,,
VREX,Varex Imaging Corporation - Common Stock,Q,N,N,100,N,N,NASDAQ,,,,,,
VRM,"Vroom, Inc. - Common Stock",G,N,N,100,N,N,NASDAQ,,,,,,
VRME,"VerifyMe, Inc. - Common Stock",S,N,N,100,N,N,NASDAQ,,,,,,
VRNS,"Varonis Systems, Inc. - Common Stock",Q,N,N,100,N,N,NASDAQ,,,,,,
VRNT,Verint Systems Inc. - Common Stock,Q,N,N,100,N,N,NASDAQ,,,,,,
VRRM,Verra Mobility Corporation - Class A Common Stock,S,N,N,100,N,N,NASDAQ,,,,,,
VRSK,"Verisk Analytics, Inc. - Common Stock",Q,N,N,100,N,N,NASDAQ,,,,,,
VRSN,"VeriSign, Inc. - Common Stock",Q,N,N,100,N,N,NASDAQ,,,,,,
VRTX,Vertex Pharmaceuticals Incorporated - Common Stock,Q,N,N,100,N,N,NASDAQ,,,,,,
VS,Versus Systems Inc. - Common Stock,S,N,N,100,N,N,NASDAQ,,,,,,
VSAT,"ViaSat, Inc. - Common Stock",Q,N,N,100,N,N,NASDAQ,,,,,,
VSEC,VSE Corporation - Common Stock,Q,N,N,100,N,N,NASDAQ,,,,,,
VSEE,"VSee Health, Inc. - Common Stock",S,N,H,100,N,N,NASDAQ,,,,,,
VSME,VS Media Holdings Limited - Class A Ordinary Shares,S,N,N,100,N,N,NASDAQ,,,,,,
VSTA,Vasta Platform Limited - Class A Ordinary Shares,Q,N,N,100,N,N,NASDAQ,,,,,,
VSTD,Vestand Inc.  - Class A Common Stock,S,N,N,100,N,N,NASDAQ,,,,,,
VSTM,"Verastem, Inc. - Common Stock",S,N,N,100,N,N,NASDAQ,,,,,,
VTGN,"Vistagen Therapeutics, Inc. - Common Stock",S,N,N,100,N,N,NASDAQ,,,,,,
VTRS,Viatris Inc. - Common Stock,Q,N,N,100,N,N,NASDAQ,,,,,,
VTSI,"VirTra, Inc. - Common Stock",S,N,N,100,N,N,NASDAQ,,,,,,
VTVT,vTv Therapeutics Inc. - Class A Common Stock,S,N,N,100,N,N,NASDAQ,,,,,,
VTYX,"Ventyx Biosciences, Inc. - Common Stock",Q,N,N,100,N,N,NASDAQ,,,,,,
VUZI,Vuzix Corporation  - Common Stock,S,N,N,100,N,N,NASDAQ,,,,,,
VVOS,"Vivos Therapeutics, Inc. - Common Stock",S,N,N,100,N,N,NASDAQ,,,,,,
VWAV,"VisionWave Holdings, Inc. - Common Stock",G,N,N,100,N,N,NASDAQ,,,,,,
VYNE,VYNE Therapeutics Inc. - Common Stock,S,N,D,100,N,N,NASDAQ,,,,,,
WABC,Westamerica Bancorporation - Common Stock,Q,N,N,100,N,N,NASDAQ,,,,,,
WAFD,"WaFd, Inc. - Common Stock",Q,N,N,100,N,N,NASDAQ,,,,,,
WAI,Top KingWin Ltd - Class A Ordinary Shares,S,N,N,100,N,N,NASDAQ,,,,,,
WALD,Waldencast plc - Class A Ordinary Share,S,N,N,100,N,N,NASDAQ,,,,,,
WASH,"Washington Trust Bancorp, Inc. - Common Stock",Q,N,N,100,N,N,NASDAQ,,,,,,
WATT,Energous Corporation - Common Stock,S,N,N,100,N,N,NASDAQ,,,,,,
WAY,Waystar Holding Corp. - Common Stock,Q,N,N,100,N,N,NASDAQ,,,,,,
WBD,"Warner Bros. Discovery, Inc. - Series A Common Stock",Q,N,N,100,N,N,NASDAQ,,,,,,
WBTN,WEBTOON Entertainment Inc. - Common stock,Q,N,N,100,N,N,NASDAQ,,,,,,
WBUY,WEBUY GLOBAL LTD. - Class A Ordinary Shares,S,N,N,100,N,N,NASDAQ,,,,,,
WCT,Wellchange Holdings Company Limited - Class A Ordinary shares,S,N,D,100,N,N,NASDAQ,,,,,,
WDAY,"Workday, Inc. - Class A Common Stock",Q,N,N,100,N,N,NASDAQ,,,,,,
WDC,Western Digital Corporation - Common Stock,Q,N,N,100,N,N,NASDAQ,,,,,,
WDFC,WD-40 Company - Common Stock,Q,N,N,100,N,N,NASDAQ,,,,,,
WEN,Wendy's Company (The) - Common Stock,Q,N,N,100,N,N,NASDAQ,,,,,,
WENN,Wen Acquisition Corp - Class A Ordinary Shares,G,N,N,100,N,N,NASDAQ,,,,,,
WERN,"Werner Enterprises, Inc. - Common Stock",Q,N,N,100,N,N,NASDAQ,,,,,,
WEST,Westrock Coffee Company - Common Stock,G,N,N,100,N,N,NASDAQ,,,,,,
WETH,Wetouch Technology Inc. - Common Stock,S,N,N,100,N,N,NASDAQ,,,,,,
WETO,Webus International Limited - Ordinary Shares,S,N,N,100,N,N,NASDAQ,,,,,,
WEYS,"Weyco Group, Inc. - Common Stock",Q,N,N,100,N,N,NASDAQ,,,,,,
WFCF,"Where Food Comes From, Inc. - Common Stock",S,N,N,100,N,N,NASDAQ,,,,,,
WFF,WF Holding Limited - Ordinary Shares,S,N,N,100,N,N,NASDAQ,,,,,,
WFRD,Weatherford International plc - Ordinary shares,Q,N,N,100,N,N,NASDAQ,,,,,,
WGRX,"Wellgistics Health, Inc. - Common Stock",S,N,N,100,N,N,NASDAQ,,,,,,
WGS,GeneDx Holdings Corp. - Class A Common Stock,Q,N,N,100,N,N,NASDAQ,,,,,,
WHWK,"Whitehawk Therapeutics, Inc. - Common Stock",S,N,N,100,N,N,NASDAQ,,,,,,
WILC,"G. Willi-Food International,  Ltd. - Ordinary Shares",S,N,N,100,N,N,NASDAQ,,,,,,
WIMI,WiMi Hologram Cloud Inc. - Class B Ordinary Shares,G,N,N,100,N,N,NASDAQ,,,,,,
WINA,Winmark Corporation - Common Stock,G,N,N,100,N,N,NASDAQ,,,,,,
WING,Wingstop Inc. - Common Stock,Q,N,N,100,N,N,NASDAQ,,,,,,
WIX,Wix.com Ltd. - Ordinary Shares,Q,N,N,100,N,N,NASDAQ,,,,,,
WKHS,"Workhorse Group, Inc. - Common Stock",S,N,N,100,N,N,NASDAQ,,,,,,
WKSP,"Worksport, Ltd. - Common Stock",S,N,N,100,N,N,NASDAQ,,,,,,
WLAC,Willow Lane Acquisition Corp. - Class A Ordinary Shares,G,N,N,100,N,N,NASDAQ,,,,,,
WLDN,"Willdan Group, Inc. - Common Stock",G,N,N,100,N,N,NASDAQ,,,,,,
WLFC,Willis Lease Finance Corporation - Common Stock,G,N,N,100,N,N,NASDAQ,,,,,,
WMG,Warner Music Group Corp. - Class A Common Stock,Q,N,N,100,N,N,NASDAQ,,,,,,
WNEB,"Western New England Bancorp, Inc. - Common Stock",Q,N,N,100,N,N,NASDAQ,,,,,,
WNW,Meiwu Technology Company Limited - Ordinary Shares,S,N,N,100,N,N,NASDAQ,,,,,,
WOK,WORK Medical Technology Group LTD - Class A Ordinary Shares,S,N,D,100,N,N,NASDAQ,,,,,,
WOOF,"Petco Health and Wellness Company, Inc. - Class A Common Stock",Q,N,N,100,N,N,NASDAQ,,,,,,
WORX,SCWorx Corp. - Common Stock,S,N,D,100,N,N,NASDAQ,,,,,,
WPRT,Westport Fuel Systems Inc - Common Shares,Q,N,N,100,N,N,NASDAQ,,,,,,
WRAP,"Wrap Technologies, Inc. - Common Stock",S,N,N,100,N,N,NASDAQ,,,,,,
WRLD,World Acceptance Corporation - Common Stock,Q,N,N,100,N,N,NASDAQ,,,,,,
WSBC,"WesBanco, Inc. - Common Stock",Q,N,N,100,N,N,NASDAQ,,,,,,
WSBF,"Waterstone Financial, Inc. - Common Stock",Q,N,N,100,N,N,NASDAQ,,,,,,
WSBK,"Winchester Bancorp, Inc. - Common Stock",S,N,N,100,N,N,NASDAQ,,,,,,
WSC,WillScot Holdings Corporation - Class A Common Stock,S,N,N,100,N,N,NASDAQ,,,,,,
WSFS,WSFS Financial Corporation - Common Stock,Q,N,N,100,N,N,NASDAQ,,,,,,
WTBA,West Bancorporation - Common Stock,Q,N,N,100,N,N,NASDAQ,,,,,,
WTF,Waton Financial Limited - Ordinary Shares,S,N,N,100,N,N,NASDAQ,,,,,,
WTFC,Wintrust Financial Corporation - Common Stock,Q,N,N,100,N,N,NASDAQ,,,,,,
WTG,Wintergreen Acquisition Corp. - Ordinary Shares,S,N,N,100,N,N,NASDAQ,,,,,,
WTO,UTime Limited - Ordinary Shares,S,N,N,100,N,N,NASDAQ,,,,,,
WTW,Willis Towers Watson Public Limited Company - Ordinary Shares,Q,N,N,100,N,N,NASDAQ,,,,,,
WULF,TeraWulf Inc. - Common Stock,S,N,N,100,N,N,NASDAQ,,,,,,
WVE,Wave Life Sciences Ltd. - Ordinary Shares,G,N,N,100,N,N,NASDAQ,,,,,,
WVVI,"Willamette Valley Vineyards, Inc. - Common Stock",S,N,N,100,N,N,NASDAQ,,,,,,
WW,"WW International, Inc.  - Common Stock",G,N,N,100,N,N,NASDAQ,,,,,,
WWD,"Woodward, Inc. - Common Stock",Q,N,N,100,N,N,NASDAQ,,,,,,
WXM,WF International Limited - Ordinary Shares,S,N,N,100,N,N,NASDAQ,,,,,,
WYFI,"WhiteFiber, Inc. - Ordinary Shares",S,N,N,100,N,N,NASDAQ,,,,,,
WYNN,"Wynn Resorts, Limited - Common Stock",Q,N,N,100,N,N,NASDAQ,,,,,,
XBIO,"Xenetic Biosciences, Inc. - Common Stock",S,N,N,100,N,N,NASDAQ,,,,,,
XBIT,XBiotech Inc. - Common Stock,Q,N,N,100,N,N,NASDAQ,,,,,,
XBP,"XBP Global Holdings, Inc. - Common Stock",S,N,D,100,N,N,NASDAQ,,,,,,
XEL,Xcel Energy Inc. - Common Stock,Q,N,N,100,N,N,NASDAQ,,,,,,
XELB,"Xcel Brands, Inc - Common Stock",S,N,N,100,N,N,NASDAQ,,,,,,
XENE,Xenon Pharmaceuticals Inc. - Common Shares,G,N,N,100,N,N,NASDAQ,,,,,,
XERS,"Xeris Biopharma Holdings, Inc. - Common Stock",Q,N,N,100,N,N,NASDAQ,,,,,,
XGN,Exagen Inc. - Common Stock,G,N,N,100,N,N,NASDAQ,,,,,,
XHLD,"TEN Holdings, Inc. - Common Stock",S,N,D,100,N,N,NASDAQ,,,,,,
XLO,"Xilio Therapeutics, Inc. - Common Stock",S,N,D,100,N,N,NASDAQ,,,,,,
XOMA,XOMA Royalty Corporation - Common Stock,G,N,N,100,N,N,NASDAQ,,,,,,
XOS,"Xos, Inc. - Common Stock",S,N,N,100,N,N,NASDAQ,,,,,,
XP,XP Inc. - Class A Common Stock,Q,N,N,100,N,N,NASDAQ,,,,,,
XPEL,"XPEL, Inc. - Common Stock",S,N,N,100,N,N,NASDAQ,,,,,,
XPON,Expion360 Inc. - Common Stock,S,N,N,100,N,N,NASDAQ,,,,,,
XRAY,DENTSPLY SIRONA Inc. - Common Stock,Q,N,N,100,N,N,NASDAQ,,,,,,
XRTX,XORTX Therapeutics Inc. - Common Stock,S,N,D,100,N,N,NASDAQ,,,,,,
XRX,Xerox Holdings Corporation - Common Stock,Q,N,N,100,N,N,NASDAQ,,,,,,
XTIA,"XTI Aerospace, Inc. Common Stock  - Common Stock",S,N,N,100,N,N,NASDAQ,,,,,,
XTKG,"X3 Holdings Co., Ltd. - Ordinary Shares",S,N,N,100,N,N,NASDAQ,,,,,,
XWEL,"XWELL, Inc. - Common Stock",S,N,N,100,N,N,NASDAQ,,,,,,
XXII,"22nd Century Group, Inc - Common Stock",S,N,N,100,N,N,NASDAQ,,,,,,
YAAS,Youxin Technology Ltd - Class A Ordinary shares,S,N,N,100,N,N,NASDAQ,,,,,,
YDDL,One and One Green Technologies. INC - Class A Ordinary Shares,S,N,N,100,N,N,NASDAQ,,,,,,
YDES,YD Bio Limited - Ordinary Shares,G,N,N,100,N,N,NASDAQ,,,,,,
YDKG,Yueda Digital Holding - Class A Ordinary Share,S,N,N,100,N,N,NASDAQ,,,,,,
YGMZ,MingZhu Logistics Holdings Limited - Ordinary Shares,S,N,N,100,N,N,NASDAQ,,,,,,
YHC,LQR House Inc. - Common Stock,S,N,N,100,N,N,NASDAQ,,,,,,
YHGJ,Yunhong Green CTI Ltd. - Common Stock,S,N,N,100,N,N,NASDAQ,,,,,,
YHNA,YHN Acquisition I Limited - Ordinary Shares,G,N,N,100,N,N,NASDAQ,,,,,,
YIBO,Planet Image International Limited - Class A Ordinary Shares,S,N,N,100,N,N,NASDAQ,,,,,,
YMAT,"J-Star Holding Co., Ltd. - Ordinary Shares",S,N,N,100,N,N,NASDAQ,,,,,,
YSXT,"YSX Tech. Co., Ltd  - Class A Ordinary Shares",S,N,N,100,N,N,NASDAQ,,,,,,
YTRA,"Yatra Online, Inc. - Ordinary Shares",S,N,N,100,N,N,NASDAQ,,,,,,
YYAI,AiRWA Inc. - Common Stock,S,N,N,100,N,N,NASDAQ,,,,,,
YYGH,YY Group Holding Limited - Class A Ordinary Shares,S,N,N,100,N,N,NASDAQ,,,,,,
ZBAI,ATIF Holdings Limited - Ordinary Shares,S,N,N,100,N,N,NASDAQ,,,,,,
ZBAO,Zhibao Technology Inc. - Class A Ordinary Shares,S,N,N,100,N,N,NASDAQ,,,,,,
ZBIO,"Zenas BioPharma, Inc. - Common Stock",Q,N,N,100,N,N,NASDAQ,,,,,,
ZBRA,Zebra Technologies Corporation - Class A Common Stock,Q,N,N,100,N,N,NASDAQ,,,,,,
ZCMD,Zhongchao Inc. - Class A Ordinary Shares,S,N,N,100,N,N,NASDAQ,,,,,,
ZD,"Ziff Davis, Inc. - Common Stock",Q,N,N,100,N,N,NASDAQ,,,,,,
ZDAI,"DirectBooking Technology Co., Ltd. - Ordinary Shares",S,N,D,100,N,N,NASDAQ,,,,,,
ZENA,"ZenaTech, Inc. - Common Stock",S,N,N,100,N,N,NASDAQ,,,,,,
ZENV,Zenvia Inc. - Class A Common Stock,S,N,N,100,N,N,NASDAQ,,,,,,
ZEO,Zeo Energy Corporation - Class A Common Stock,S,N,N,100,N,N,NASDAQ,,,,,,
ZEUS,"Olympic Steel, Inc. - Common Stock",Q,N,N,100,N,N,NASDAQ,,,,,,
ZG,"Zillow Group, Inc. - Class A Common Stock",Q,N,N,100,N,N,NASDAQ,,,,,,
ZGM,Zenta Group Company Limited - Ordinary Shares,S,N,N,100,N,N,NASDAQ,,,,,,
ZION,Zions Bancorporation N.A. - Common Stock,Q,N,N,100,N,N,NASDAQ,,,,,,
ZJK,"ZJK Industrial Co., Ltd. - Ordinary Shares",S,N,N,100,N,N,NASDAQ,,,,,,
ZJYL,JIN MEDICAL INTERNATIONAL LTD. - Ordinary Shares,S,N,D,100,N,N,NASDAQ,,,,,,
ZM,"Zoom Communications, Inc. - Class A Common Stock",Q,N,N,100,N,N,NASDAQ,,,,,,
ZNB,Zeta Network Group - Class A Ordinary Shares,S,N,N,100,N,N,NASDAQ,,,,,,
ZNTL,"Zentalis Pharmaceuticals, Inc. - common stock",G,N,N,100,N,N,NASDAQ,,,,,,
ZOOZ,ZOOZ Strategy Ltd. - Ordinary Shares,S,N,N,100,N,N,NASDAQ,,,,,,
ZS,"Zscaler, Inc. - Common Stock",Q,N,N,100,N,N,NASDAQ,,,,,,
ZSPC,"zSpace, Inc. - Common stock",S,N,N,100,N,N,NASDAQ,,,,,,
ZTEK,Zentek Ltd. - common stock,S,N,D,100,N,N,NASDAQ,,,,,,
ZUMZ,Zumiez Inc. - Common Stock,Q,N,N,100,N,N,NASDAQ,,,,,,
ZURA,Zura Bio Limited - Class A Ordinary shares,S,N,N,100,N,N,NASDAQ,,,,,,
ZVRA,"Zevra Therapeutics, Inc.  - Common Stock",Q,N,N,100,N,N,NASDAQ,,,,,,
ZYBT,Zhengye Biotechnology Holding Limited - Ordinary Shares,S,N,N,100,N,N,NASDAQ,,,,,,
ZYME,Zymeworks Inc. - Common Stock,Q,N,N,100,N,N,NASDAQ,,,,,,
ZYXI,"Zynex, Inc. - Common Stock",Q,N,N,100,N,N,NASDAQ,,,,,,
A,"Agilent Technologies, Inc. Common Stock",,N,,100,N,,NYSE,A,N,A,A,A,A
AA,Alcoa Corporation Common Stock ,,N,,100,N,,NYSE,AA,N,AA,AA,AA,AA
AAM,AA Mission Acquisition Corp. Class A Ordinary Shares,,N,,100,N,,NYSE,AAM,N,AAM,AAM,AAM,AAM
AAMI,Acadian Asset Management Inc. Common Stock,,N,,100,N,,NYSE,AAMI,N,AAMI,AAMI,AAMI,AAMI
AAT,"American Assets Trust, Inc. Common Stock",,N,,100,N,,NYSE,AAT,N,AAT,AAT,AAT,AAT
AAUC,Allied Gold Corporation Common Shares,,N,,100,N,,NYSE,AAUC,N,AAUC,AAUC,AAUC,AAUC
ABBV,AbbVie Inc. Common Stock,,N,,100,N,,NYSE,ABBV,N,ABBV,ABBV,ABBV,ABBV
ABCB,Ameris Bancorp Common Stock,,N,,100,N,,NYSE,ABCB,N,ABCB,ABCB,ABCB,ABCB
ABG,Asbury Automotive Group Inc Common Stock,,N,,100,N,,NYSE,ABG,N,ABG,ABG,ABG,ABG
ABM,ABM Industries Incorporated Common Stock,,N,,100,N,,NYSE,ABM,N,ABM,ABM,ABM,ABM
ABR,Arbor Realty Trust Common Stock,,N,,100,N,,NYSE,ABR,N,ABR,ABR,ABR,ABR
ABT,Abbott Laboratories Common Stock,,N,,100,N,,NYSE,ABT,N,ABT,ABT,ABT,ABT
ACA,"Arcosa, Inc. Common Stock ",,N,,100,N,,NYSE,ACA,N,ACA,ACA,ACA,ACA
ACCO,Acco Brands Corporation Common Stock,,N,,100,N,,NYSE,ACCO,N,ACCO,ACCO,ACCO,ACCO
ACI,"Albertsons Companies, Inc. Class A Common Stock",,N,,100,N,,NYSE,ACI,N,ACI,ACI,ACI,ACI
ACM,AECOM Common Stock,,N,,100,N,,NYSE,ACM,N,ACM,ACM,ACM,ACM
ACN,Accenture plc Class A Ordinary Shares (Ireland),,N,,100,N,,NYSE,ACN,N,ACN,ACN,ACN,ACN
ACP,abrdn Income Credit Strategies Fund Common Shares,,N,,100,N,,NYSE,ACP,N,ACP,ACP,ACP,ACP
ACR,ACRES Commercial Realty Corp. Common Stock,,N,,100,N,,NYSE,ACR,N,ACR,ACR,ACR,ACR
ACRE,Ares Commercial Real Estate Corporation Common Stock,,N,,100,N,,NYSE,ACRE,N,ACRE,ACRE,ACRE,ACRE
ACV,Virtus Diversified Income & Convertible Fund Common Shares of Beneficial Interest,,N,,100,N,,NYSE,ACV,N,ACV,ACV,ACV,ACV
ACVA,ACV Auctions Inc. Class A Common Stock,,N,,100,N,,NYSE,ACVA,N,ACVA,ACVA,ACVA,ACVA
AD,"Array Digital Infrastructure, Inc. Common Shares",,N,,100,N,,NYSE,AD,N,AD,AD,AD,AD
ADC,Agree Realty Corporation Common Stock,,N,,100,N,,NYSE,ADC,N,ADC,ADC,ADC,ADC
ADCT,ADC Therapeutics SA Common Shares,,N,,100,N,,NYSE,ADCT,N,ADCT,ADCT,ADCT,ADCT
ADM,Archer-Daniels-Midland Company Common Stock,,N,,100,N,,NYSE,ADM,N,ADM,ADM,ADM,ADM
ADNT,Adient plc Ordinary Shares ,,N,,100,N,,NYSE,ADNT,N,ADNT,ADNT,ADNT,ADNT
ADT,ADT Inc. Common Stock,,N,,100,N,,NYSE,ADT,N,ADT,ADT,ADT,ADT
AEE,Ameren Corporation Common Stock,,N,,100,N,,NYSE,AEE,N,AEE,AEE,AEE,AEE
AEM,Agnico Eagle Mines Limited Common Stock,,N,,100,N,,NYSE,AEM,N,AEM,AEM,AEM,AEM
AEO,"American Eagle Outfitters, Inc. Common Stock",,N,,100,N,,NYSE,AEO,N,AEO,AEO,AEO,AEO
AER,AerCap Holdings N.V. Ordinary Shares,,N,,100,N,,NYSE,AER,N,AER,AER,AER,AER
AES,The AES Corporation Common Stock,,N,,100,N,,NYSE,AES,N,AES,AES,AES,AES
AESI,Atlas Energy Solutions Inc. Common Stock,,N,,100,N,,NYSE,AESI,N,AESI,AESI,AESI,AESI
AEXA,American Exceptionalism Acquisition Corp. A Class A Ordinary Shares,,N,,100,N,,NYSE,AEXA,N,AEXA,AEXA,AEXA,AEXA
AFG,"American Financial Group, Inc. Common Stock",,N,,100,N,,NYSE,AFG,N,AFG,AFG,AFG,AFG
AFL,AFLAC Incorporated Common Stock,,N,,100,N,,NYSE,AFL,N,AFL,AFL,AFL,AFL
AG,First Majestic Silver Corp. Ordinary Shares (Canada),,N,,100,N,,NYSE,AG,N,AG,AG,AG,AG
AGCO,AGCO Corporation Common Stock,,N,,100,N,,NYSE,AGCO,N,AGCO,AGCO,AGCO,AGCO
AGD,abrdn Global Dynamic Dividend Fund Common Shares of Beneficial Interest,,N,,100,N,,NYSE,AGD,N,AGD,AGD,AGD,AGD
AGI,Alamos Gold Inc. Class A Common Shares,,N,,100,N,,NYSE,AGI,N,AGI,AGI,AGI,AGI
AGL,"agilon health, inc. Common Stock",,N,,100,N,,NYSE,AGL,N,AGL,AGL,AGL,AGL
AGM,Federal Agricultural Mortgage Corporation Common Stock,,N,,100,N,,NYSE,AGM,N,AGM,AGM,AGM,AGM
AGM.A,Federal Agricultural Mortgage Corporation Common Stock,,N,,100,N,,NYSE,AGM.A,N,AGM.A,AGM.A,AGM.A,AGM.A
AGO,Assured Guaranty Ltd. Common Stock,,N,,100,N,,NYSE,AGO,N,AGO,AGO,AGO,AGO
AGRO,Adecoagro S.A. Common Shares,,N,,100,N,,NYSE,AGRO,N,AGRO,AGRO,AGRO,AGRO
AGX,"Argan, Inc. Common Stock",,N,,100,N,,NYSE,AGX,N,AGX,AGX,AGX,AGX
AHH,"Armada Hoffler Properties, Inc. Common Stock",,N,,100,N,,NYSE,AHH,N,AHH,AHH,AHH,AHH
AHL,Aspen Insurance Holdings Limited Class A Ordinary Shares,,N,,100,N,,NYSE,AHL,N,AHL,AHL,AHL,AHL
AHR,"American Healthcare REIT, Inc. Common Stock",,N,,100,N,,NYSE,AHR,N,AHR,AHR,AHR,AHR
AHT,Ashford Hospitality Trust Inc Common Stock,,N,,100,N,,NYSE,AHT,N,AHT,AHT,AHT,AHT
AI,"C3.ai, Inc. Class A Common Stock",,N,,100,N,,NYSE,AI,N,AI,AI,AI,AI
AIG,"American International Group, Inc. New Common Stock",,N,,100,N,,NYSE,AIG,N,AIG,AIG,AIG,AIG
AII,"American Integrity Insurance Group, Inc. Common Stock",,N,,100,N,,NYSE,AII,N,AII,AII,AII,AII
AIN,Albany International Corporation Common Stock,,N,,100,N,,NYSE,AIN,N,AIN,AIN,AIN,AIN
AIO,Virtus Artificial Intelligence & Technology Opportunities Fund Common Shares of Beneficial Interest,,N,,100,N,,NYSE,AIO,N,AIO,AIO,AIO,AIO
AIR,AAR Corp. Common Stock,,N,,100,N,,NYSE,AIR,N,AIR,AIR,AIR,AIR
AIT,"Applied Industrial Technologies, Inc. Common Stock",,N,,100,N,,NYSE,AIT,N,AIT,AIT,AIT,AIT
AIV,Apartment Investment and Management Company Common Stock,,N,,100,N,,NYSE,AIV,N,AIV,AIV,AIV,AIV
AIZ,"Assurant, Inc. Common Stock",,N,,100,N,,NYSE,AIZ,N,AIZ,AIZ,AIZ,AIZ
AJG,Arthur J. Gallagher & Co. Common Stock,,N,,100,N,,NYSE,AJG,N,AJG,AJG,AJG,AJG
AKA,a.k.a. Brands Holding Corp. Common Stock,,N,,100,N,,NYSE,AKA,N,AKA,AKA,AKA,AKA
AKO.A,Embotelladora Andina S.A. Common Stock,,N,,100,N,,NYSE,AKO.A,N,AKO.A,AKO.A,AKO.A,AKO.A
AKO.B,Embotelladora Andina S.A. Common Stock,,N,,100,N,,NYSE,AKO.B,N,AKO.B,AKO.B,AKO.B,AKO.B
AKR,Acadia Realty Trust Common Stock,,N,,100,N,,NYSE,AKR,N,AKR,AKR,AKR,AKR
AL,Air Lease Corporation Class A Common Stock,,N,,100,N,,NYSE,AL,N,AL,AL,AL,AL
ALB,Albemarle Corporation Common Stock,,N,,100,N,,NYSE,ALB,N,ALB,ALB,ALB,ALB
ALC,Alcon Inc. Ordinary Shares,,N,,100,N,,NYSE,ALC,N,ALC,ALC,ALC,ALC
ALEX,"Alexander & Baldwin, Inc. Common Stock REIT Holding Company",,N,,100,N,,NYSE,ALEX,N,ALEX,ALEX,ALEX,ALEX
ALG,"Alamo Group, Inc. Common Stock",,N,,100,N,,NYSE,ALG,N,ALG,ALG,ALG,ALG
ALH,Alliance Laundry Holdings Inc. Common Stock,,N,,100,N,,NYSE,ALH,N,ALH,ALH,ALH,ALH
ALIT,"Alight, Inc. Class A Common Stock",,N,,100,N,,NYSE,ALIT,N,ALIT,ALIT,ALIT,ALIT
ALK,"Alaska Air Group, Inc. Common Stock",,N,,100,N,,NYSE,ALK,N,ALK,ALK,ALK,ALK
ALL,Allstate Corporation (The) Common Stock,,N,,100,N,,NYSE,ALL,N,ALL,ALL,ALL,ALL
ALLE,Allegion plc Ordinary Shares,,N,,100,N,,NYSE,ALLE,N,ALLE,ALLE,ALLE,ALLE
ALLY,Ally Financial Inc. Common Stock,,N,,100,N,,NYSE,ALLY,N,ALLY,ALLY,ALLY,ALLY
ALSN,"Allison Transmission Holdings, Inc. Common Stock",,N,,100,N,,NYSE,ALSN,N,ALSN,ALSN,ALSN,ALSN
ALTG,Alta Equipment Group Inc. Class A Common Stock,,N,,100,N,,NYSE,ALTG,N,ALTG,ALTG,ALTG,ALTG
ALV,"Autoliv, Inc. Common Stock",,N,,100,N,,NYSE,ALV,N,ALV,ALV,ALV,ALV
ALX,"Alexander's, Inc. Common Stock",,N,,100,N,,NYSE,ALX,N,ALX,ALX,ALX,ALX
AM,Antero Midstream Corporation Common Stock,,N,,100,N,,NYSE,AM,N,AM,AM,AM,AM
AMBC,"Ambac Financial Group, Inc. Common Stock",,N,,100,N,,NYSE,AMBC,N,AMBC,AMBC,AMBC,AMBC
AMBP,Ardagh Metal Packaging S.A. Ordinary Shares,,N,,100,N,,NYSE,AMBP,N,AMBP,AMBP,AMBP,AMBP
AMBQ,"Ambiq Micro, Inc. Common Stock",,N,,100,N,,NYSE,AMBQ,N,AMBQ,AMBQ,AMBQ,AMBQ
AMC,"AMC Entertainment Holdings, Inc. Class A Common Stock",,N,,100,N,,NYSE,AMC,N,AMC,AMC,AMC,AMC
AMG,"Affiliated Managers Group, Inc. Common Stock",,N,,100,N,,NYSE,AMG,N,AMG,AMG,AMG,AMG
AMH,American Homes 4 Rent Common Shares of Beneficial Interest,,N,,100,N,,NYSE,AMH,N,AMH,AMH,AMH,AMH
AMP,"Ameriprise Financial, Inc. Common Stock",,N,,100,N,,NYSE,AMP,N,AMP,AMP,AMP,AMP
AMPX,"Amprius Technologies, Inc. Common Stock",,N,,100,N,,NYSE,AMPX,N,AMPX,AMPX,AMPX,AMPX
AMPY,Amplify Energy Corp. Common Stock,,N,,100,N,,NYSE,AMPY,N,AMPY,AMPY,AMPY,AMPY
AMR,"Alpha Metallurgical Resources, Inc. Common Stock",,N,,100,N,,NYSE,AMR,N,AMR,AMR,AMR,AMR
AMRC,"Ameresco, Inc. Class A Common Stock",,N,,100,N,,NYSE,AMRC,N,AMRC,AMRC,AMRC,AMRC
AMRZ,Amrize Ltd Ordinary Shares,,N,,100,N,,NYSE,AMRZ,N,AMRZ,AMRZ,AMRZ,AMRZ
AMT,American Tower Corporation (REIT) Common Stock,,N,,100,N,,NYSE,AMT,N,AMT,AMT,AMT,AMT
AMTB,Amerant Bancorp Inc. Class A Common Stock,,N,,100,N,,NYSE,AMTB,N,AMTB,AMTB,AMTB,AMTB
AMTM,"Amentum Holdings, Inc. Common Stock",,N,,100,N,,NYSE,AMTM,N,AMTM,AMTM,AMTM,AMTM
AMWL,American Well Corporation Class A Common Stock,,N,,100,N,,NYSE,AMWL,N,AMWL,AMWL,AMWL,AMWL
AN,"AutoNation, Inc. Common Stock",,N,,100,N,,NYSE,AN,N,AN,AN,AN,AN
ANET,"Arista Networks, Inc. Common Stock",,N,,100,N,,NYSE,ANET,N,ANET,ANET,ANET,ANET
ANF,Abercrombie & Fitch Company Common Stock,,N,,100,N,,NYSE,ANF,N,ANF,ANF,ANF,ANF
ANGX,"Angel Studios, Inc. Class A Common Stock",,N,,100,N,,NYSE,ANGX,N,ANGX,ANGX,ANGX,ANGX
ANRO,"Alto Neuroscience, Inc. Common Stock",,N,,100,N,,NYSE,ANRO,N,ANRO,ANRO,ANRO,ANRO
ANVS,"Annovis Bio, Inc. Common Stock",,N,,100,N,,NYSE,ANVS,N,ANVS,ANVS,ANVS,ANVS
AOD,abrdn Total Dynamic Dividend Fund Common Shares of Beneficial Interest,,N,,100,N,,NYSE,AOD,N,AOD,AOD,AOD,AOD
AON,Aon plc Class A Ordinary Shares (Ireland),,N,,100,N,,NYSE,AON,N,AON,AON,AON,AON
AORT,"Artivion, Inc. Common Stock",,N,,100,N,,NYSE,AORT,N,AORT,AORT,AORT,AORT
AOS,A.O. Smith Corporation Common Stock,,N,,100,N,,NYSE,AOS,N,AOS,AOS,AOS,AOS
AP,Ampco-Pittsburgh Corporation Common Stock,,N,,100,N,,NYSE,AP,N,AP,AP,AP,AP
APAM,Artisan Partners Asset Management Inc. Class A Common Stock,,N,,100,N,,NYSE,APAM,N,APAM,APAM,APAM,APAM
APD,"Air Products and Chemicals, Inc. Common Stock",,N,,100,N,,NYSE,APD,N,APD,APD,APD,APD
APG,APi Group Corporation Common Stock,,N,,100,N,,NYSE,APG,N,APG,APG,APG,APG
APH,Amphenol Corporation Common Stock,,N,,100,N,,NYSE,APH,N,APH,APH,APH,APH
APLE,"Apple Hospitality REIT, Inc. Common Shares",,N,,100,N,,NYSE,APLE,N,APLE,APLE,APLE,APLE
APO,"Apollo Global Management, Inc. (New) Common Stock",,N,,100,N,,NYSE,APO,N,APO,APO,APO,APO
APTV,Aptiv PLC Ordinary Shares,,N,,100,N,,NYSE,APTV,N,APTV,APTV,APTV,APTV
AQN,Algonquin Power & Utilities Corp. Common Shares,,N,,100,N,,NYSE,AQN,N,AQN,AQN,AQN,AQN
AR,Antero Resources Corporation Common Stock,,N,,100,N,,NYSE,AR,N,AR,AR,AR,AR
ARDC,"Ares Dynamic Credit Allocation Fund, Inc. Common Shares",,N,,100,N,,NYSE,ARDC,N,ARDC,ARDC,ARDC,ARDC
ARDT,"Ardent Health, Inc. Common Stock",,N,,100,N,,NYSE,ARDT,N,ARDT,ARDT,ARDT,ARDT
ARE,"Alexandria Real Estate Equities, Inc. Common Stock",,N,,100,N,,NYSE,ARE,N,ARE,ARE,ARE,ARE
ARES,Ares Management Corporation Class A Common Stock,,N,,100,N,,NYSE,ARES,N,ARES,ARES,ARES,ARES
ARL,"American Realty Investors, Inc. Common Stock",,N,,100,N,,NYSE,ARL,N,ARL,ARL,ARL,ARL
ARLO,"Arlo Technologies, Inc. Common Stock",,N,,100,N,,NYSE,ARLO,N,ARLO,ARLO,ARLO,ARLO
ARMK,Aramark Common Stock,,N,,100,N,,NYSE,ARMK,N,ARMK,ARMK,ARMK,ARMK
AROC,"Archrock, Inc. Common Stock",,N,,100,N,,NYSE,AROC,N,AROC,AROC,AROC,AROC
ARW,"Arrow Electronics, Inc. Common Stock",,N,,100,N,,NYSE,ARW,N,ARW,ARW,ARW,ARW
ARX,Accelerant Holdings Class A Common Shares,,N,,100,N,,NYSE,ARX,N,ARX,ARX,ARX,ARX
AS,"Amer Sports, Inc. Ordinary Shares",,N,,100,N,,NYSE,AS,N,AS,AS,AS,AS
ASAN,"Asana, Inc. Class A Common Stock",,N,,100,N,,NYSE,ASAN,N,ASAN,ASAN,ASAN,ASAN
ASB,Associated Banc-Corp Common Stock,,N,,100,N,,NYSE,ASB,N,ASB,ASB,ASB,ASB
ASC,Ardmore Shipping Corporation Common Stock,,N,,100,N,,NYSE,ASC,N,ASC,ASC,ASC,ASC
ASGI,abrdn Global Infrastructure Income Fund Common Shares of Beneficial Interest,,N,,100,N,,NYSE,ASGI,N,ASGI,ASGI,ASGI,ASGI
ASGN,ASGN Incorporated Common Stock,,N,,100,N,,NYSE,ASGN,N,ASGN,ASGN,ASGN,ASGN
ASH,Ashland Inc. Common Stock,,N,,100,N,,NYSE,ASH,N,ASH,ASH,ASH,ASH
ASIC,Ategrity Specialty Insurance Company Holdings Common Stock,,N,,100,N,,NYSE,ASIC,N,ASIC,ASIC,ASIC,ASIC
ASIX,AdvanSix Inc. Common Stock ,,N,,100,N,,NYSE,ASIX,N,ASIX,ASIX,ASIX,ASIX
ASPN,"Aspen Aerogels, Inc. Common Stock",,N,,100,N,,NYSE,ASPN,N,ASPN,ASPN,ASPN,ASPN
ASR,"Grupo Aeroportuario del Sureste, S.A. de C.V. Common Stock",,N,,100,N,,NYSE,ASR,N,ASR,ASR,ASR,ASR
ATEN,"A10 Networks, Inc. Common Stock",,N,,100,N,,NYSE,ATEN,N,ATEN,ATEN,ATEN,ATEN
ATGE,Adtalem Global Education Inc. Common Stock,,N,,100,N,,NYSE,ATGE,N,ATGE,ATGE,ATGE,ATGE
ATI,ATI Inc. Common Stock,,N,,100,N,,NYSE,ATI,N,ATI,ATI,ATI,ATI
ATO,Atmos Energy Corporation Common Stock,,N,,100,N,,NYSE,ATO,N,ATO,ATO,ATO,ATO
ATR,"AptarGroup, Inc. Common Stock",,N,,100,N,,NYSE,ATR,N,ATR,ATR,ATR,ATR
ATS,ATS Corporation Common Shares,,N,,100,N,,NYSE,ATS,N,ATS,ATS,ATS,ATS
ATUS,"Altice USA, Inc. Class A Common Stock",,N,,100,N,,NYSE,ATUS,N,ATUS,ATUS,ATUS,ATUS
AU,AngloGold Ashanti PLC Ordinary Shares,,N,,100,N,,NYSE,AU,N,AU,AU,AU,AU
AUB,Atlantic Union Bankshares Corporation Common Stock,,N,,100,N,,NYSE,AUB,N,AUB,AUB,AUB,AUB
AUNA,Auna SA Class A Ordinary Shares,,N,,100,N,,NYSE,AUNA,N,AUNA,AUNA,AUNA,AUNA
AVA,Avista Corporation Common Stock,,N,,100,N,,NYSE,AVA,N,AVA,AVA,AVA,AVA
AVB,"AvalonBay Communities, Inc. Common Stock",,N,,100,N,,NYSE,AVB,N,AVB,AVB,AVB,AVB
AVBC,"Avidia Bancorp, Inc. Common Stock",,N,,100,N,,NYSE,AVBC,N,AVBC,AVBC,AVBC,AVBC
AVD,American Vanguard Corporation Common Stock ($0.10 Par Value),,N,,100,N,,NYSE,AVD,N,AVD,AVD,AVD,AVD
AVNS,"Avanos Medical, Inc. Common Stock",,N,,100,N,,NYSE,AVNS,N,AVNS,AVNS,AVNS,AVNS
AVNT,Avient Corporation Common Stock,,N,,100,N,,NYSE,AVNT,N,AVNT,AVNT,AVNT,AVNT
AVY,Avery Dennison Corporation Common Stock,,N,,100,N,,NYSE,AVY,N,AVY,AVY,AVY,AVY
AWI,Armstrong World Industries Inc Common Stock,,N,,100,N,,NYSE,AWI,N,AWI,AWI,AWI,AWI
AWK,"American Water Works Company, Inc. Common Stock",,N,,100,N,,NYSE,AWK,N,AWK,AWK,AWK,AWK
AWP,abrdn Global Premier Properties Fund Common Shares of Beneficial Interest,,N,,100,N,,NYSE,AWP,N,AWP,AWP,AWP,AWP
AWR,American States Water Company Common Stock,,N,,100,N,,NYSE,AWR,N,AWR,AWR,AWR,AWR
AX,"Axos Financial, Inc. Common Stock",,N,,100,N,,NYSE,AX,N,AX,AX,AX,AX
AXL,"American Axle & Manufacturing Holdings, Inc. Common Stock",,N,,100,N,,NYSE,AXL,N,AXL,AXL,AXL,AXL
AXP,American Express Company Common Stock,,N,,100,N,,NYSE,AXP,N,AXP,AXP,AXP,AXP
AXR,AMREP Corporation Common Stock,,N,,100,N,,NYSE,AXR,N,AXR,AXR,AXR,AXR
AXS,Axis Capital Holdings Limited Common Stock,,N,,100,N,,NYSE,AXS,N,AXS,AXS,AXS,AXS
AXTA,Axalta Coating Systems Ltd. Common Shares,,N,,100,N,,NYSE,AXTA,N,AXTA,AXTA,AXTA,AXTA
AYI,Acuity Inc. Common Stock,,N,,100,N,,NYSE,AYI,N,AYI,AYI,AYI,AYI
AZO,"AutoZone, Inc. Common Stock",,N,,100,N,,NYSE,AZO,N,AZO,AZO,AZO,AZO
B,Barrick Mining Corporation Common Shares,,N,,100,N,,NYSE,B,N,B,B,B,B
BA,Boeing Company (The) Common Stock,,N,,100,N,,NYSE,BA,N,BA,BA,BA,BA
BAC,Bank of America Corporation Common Stock,,N,,100,N,,NYSE,BAC,N,BAC,BAC,BAC,BAC
BAH,Booz Allen Hamilton Holding Corporation Common Stock,,N,,100,N,,NYSE,BAH,N,BAH,BAH,BAH,BAH
BALL,Ball Corporation Common Stock,,N,,100,N,,NYSE,BALL,N,BALL,BALL,BALL,BALL
BALY,Bally's Corporation Common Stock,,N,,100,N,,NYSE,BALY,N,BALY,BALY,BALY,BALY
BANC,"Banc of California, Inc. Common Stock",,N,,100,N,,NYSE,BANC,N,BANC,BANC,BANC,BANC
BAP,Credicorp Ltd. Common Stock,,N,,100,N,,NYSE,BAP,N,BAP,BAP,BAP,BAP
BARK,"BARK, Inc. Class A Common Stock",,N,,100,N,,NYSE,BARK,N,BARK,BARK,BARK,BARK
BAX,Baxter International Inc. Common Stock,,N,,100,N,,NYSE,BAX,N,BAX,BAX,BAX,BAX
BB,BlackBerry Limited Common Stock,,N,,100,N,,NYSE,BB,N,BB,BB,BB,BB
BBAI,"BigBear.ai, Inc. Common Stock",,N,,100,N,,NYSE,BBAI,N,BBAI,BBAI,BBAI,BBAI
BBBY,"Bed Bath & Beyond, Inc. Common Stock",,N,,100,N,,NYSE,BBBY,N,BBBY,BBBY,BBBY,BBBY
BBDC,"Barings BDC, Inc. Common Stock",,N,,100,N,,NYSE,BBDC,N,BBDC,BBDC,BBDC,BBDC
BBN,BlackRock Taxable Municipal Bond Trust Common Shares of Beneficial Interest,,N,,100,N,,NYSE,BBN,N,BBN,BBN,BBN,BBN
BBT,Beacon Financial Corporation Common stock,,N,,100,N,,NYSE,BBT,N,BBT,BBT,BBT,BBT
BBVA,Banco Bilbao Vizcaya Argentaria S.A. Common Stock,,N,,100,N,,NYSE,BBVA,N,BBVA,BBVA,BBVA,BBVA
BBW,"Build-A-Bear Workshop, Inc. Common Stock",,N,,100,N,,NYSE,BBW,N,BBW,BBW,BBW,BBW
BBY,"Best Buy Co., Inc. Common Stock",,N,,100,N,,NYSE,BBY,N,BBY,BBY,BBY,BBY
BC,Brunswick Corporation Common Stock,,N,,100,N,,NYSE,BC,N,BC,BC,BC,BC
BCAT,BlackRock Capital Allocation Term Trust Common Shares of Beneficial Interest,,N,,100,N,,NYSE,BCAT,N,BCAT,BCAT,BCAT,BCAT
BCC,"Boise Cascade, L.L.C. Common Stock",,N,,100,N,,NYSE,BCC,N,BCC,BCC,BCC,BCC
BCE,"BCE, Inc. Common Stock",,N,,100,N,,NYSE,BCE,N,BCE,BCE,BCE,BCE
BCO,Brinks Company (The) Common Stock,,N,,100,N,,NYSE,BCO,N,BCO,BCO,BCO,BCO
BCS,Barclays PLC Common Stock,,N,,100,N,,NYSE,BCS,N,BCS,BCS,BCS,BCS
BCSF,"Bain Capital Specialty Finance, Inc. Common Stock",,N,,100,N,,NYSE,BCSF,N,BCSF,BCSF,BCSF,BCSF
BCX,BlackRock Resources Common Shares of Beneficial Interest,,N,,100,N,,NYSE,BCX,N,BCX,BCX,BCX,BCX
BDC,Belden Inc Common Stock,,N,,100,N,,NYSE,BDC,N,BDC,BDC,BDC,BDC
BDN,Brandywine Realty Trust Common Stock,,N,,100,N,,NYSE,BDN,N,BDN,BDN,BDN,BDN
BDX,"Becton, Dickinson and Company Common Stock",,N,,100,N,,NYSE,BDX,N,BDX,BDX,BDX,BDX
BE,Bloom Energy Corporation Class A Common Stock,,N,,100,N,,NYSE,BE,N,BE,BE,BE,BE
BEN,"Franklin Resources, Inc. Common Stock",,N,,100,N,,NYSE,BEN,N,BEN,BEN,BEN,BEN
BF.A,Brown Forman Inc Class A Common Stock,,N,,100,N,,NYSE,BF.A,N,BF.A,BF.A,BF.A,BF.A
BF.B,Brown Forman Inc Class B Common Stock,,N,,100,N,,NYSE,BF.B,N,BF.B,BF.B,BF.B,BF.B
BFAM,Bright Horizons Family Solutions Inc. Common Stock,,N,,100,N,,NYSE,BFAM,N,BFAM,BFAM,BFAM,BFAM
BFH,"Bread Financial Holdings, Inc. Common Stock",,N,,100,N,,NYSE,BFH,N,BFH,BFH,BFH,BFH
BFLY,"Butterfly Network, Inc. Class A Common Stock",,N,,100,N,,NYSE,BFLY,N,BFLY,BFLY,BFLY,BFLY
BFS,"Saul Centers, Inc. Common Stock",,N,,100,N,,NYSE,BFS,N,BFS,BFS,BFS,BFS
BG,Bunge Limited Common Shares,,N,,100,N,,NYSE,BG,N,BG,BG,BG,BG
BGB,Blackstone Strategic Credit 2027 Term Fund Common Shares of Beneficial Interest,,N,,100,N,,NYSE,BGB,N,BGB,BGB,BGB,BGB
BGH,Barings Global Short Duration High Yield Fund Common Shares of Beneficial Interests,,N,,100,N,,NYSE,BGH,N,BGH,BGH,BGH,BGH
BGS,"B&G Foods, Inc. Common Stock",,N,,100,N,,NYSE,BGS,N,BGS,BGS,BGS,BGS
BGSF,"BGSF, Inc. Common Stock",,N,,100,N,,NYSE,BGSF,N,BGSF,BGSF,BGSF,BGSF
BGX,Blackstone Long Short Credit Income Fund Common Shares,,N,,100,N,,NYSE,BGX,N,BGX,BGX,BGX,BGX
BH,Biglari Holdings Inc. Class B Common Stock,,N,,10,N,,NYSE,BH,N,BH,BH,BH,BH
BH.A,Biglari Holdings Inc. Class A Common Stock,,N,,10,N,,NYSE,BH.A,N,BH.A,BH.A,BH.A,BH.A
BHC,Bausch Health Companies Inc. Common Stock,,N,,100,N,,NYSE,BHC,N,BHC,BHC,BHC,BHC
BHE,"Benchmark Electronics, Inc. Common Stock",,N,,100,N,,NYSE,BHE,N,BHE,BHE,BHE,BHE
BHR,Braemar Hotels & Resorts Inc. Common Stock,,N,,100,N,,NYSE,BHR,N,BHR,BHR,BHR,BHR
BHVN,Biohaven Ltd. Common Shares ,,N,,100,N,,NYSE,BHVN,N,BHVN,BHVN,BHVN,BHVN
BILL,"BILL Holdings, Inc. Common Stock",,N,,100,N,,NYSE,BILL,N,BILL,BILL,BILL,BILL
BIO,"Bio-Rad Laboratories, Inc. Class A Common Stock",,N,,100,N,,NYSE,BIO,N,BIO,BIO,BIO,BIO
BIO.B,"Bio-Rad Laboratories, Inc. Class B  Common Stock",,N,,100,N,,NYSE,BIO.B,N,BIO.B,BIO.B,BIO.B,BIO.B
BIRK,Birkenstock Holding plc Ordinary Shares,,N,,100,N,,NYSE,BIRK,N,BIRK,BIRK,BIRK,BIRK
BIT,BlackRock Multi-Sector Income Trust Common Shares of Beneficial Interest,,N,,100,N,,NYSE,BIT,N,BIT,BIT,BIT,BIT
BJ,"BJ's Wholesale Club Holdings, Inc. Common Stock",,N,,100,N,,NYSE,BJ,N,BJ,BJ,BJ,BJ
BK,The Bank of New York Mellon Corporation Common Stock,,N,,100,N,,NYSE,BK,N,BK,BK,BK,BK
BKD,Brookdale Senior Living Inc. Common Stock,,N,,100,N,,NYSE,BKD,N,BKD,BKD,BKD,BKD
BKE,"Buckle, Inc. (The) Common Stock",,N,,100,N,,NYSE,BKE,N,BKE,BKE,BKE,BKE
BKH,Black Hills Corporation Common Stock,,N,,100,N,,NYSE,BKH,N,BKH,BKH,BKH,BKH
BKKT,"Bakkt Holdings, Inc. Class A Common Stock",,N,,100,N,,NYSE,BKKT,N,BKKT,BKKT,BKKT,BKKT
BKSY,BlackSky Technology Inc. Class A Common Stock,,N,,100,N,,NYSE,BKSY,N,BKSY,BKSY,BKSY,BKSY
BKU,"BankUnited, Inc. Common Stock",,N,,100,N,,NYSE,BKU,N,BKU,BKU,BKU,BKU
BKV,BKV Corporation Common Stock,,N,,100,N,,NYSE,BKV,N,BKV,BKV,BKV,BKV
BLCO,Bausch + Lomb Corporation Common Shares,,N,,100,N,,NYSE,BLCO,N,BLCO,BLCO,BLCO,BLCO
BLD,TopBuild Corp. Common Stock,,N,,100,N,,NYSE,BLD,N,BLD,BLD,BLD,BLD
BLK,"BlackRock, Inc. Common Stock",,N,,100,N,,NYSE,BLK,N,BLK,BLK,BLK,BLK
BLND,"Blend Labs, Inc. Class A Common Stock",,N,,100,N,,NYSE,BLND,N,BLND,BLND,BLND,BLND
BLSH,Bullish Ordinary Shares,,N,,100,N,,NYSE,BLSH,N,BLSH,BLSH,BLSH,BLSH
BMEZ,BlackRock Health Sciences Term Trust Common Shares of Beneficial Interest,,N,,100,N,,NYSE,BMEZ,N,BMEZ,BMEZ,BMEZ,BMEZ
BMI,"Badger Meter, Inc. Common Stock",,N,,100,N,,NYSE,BMI,N,BMI,BMI,BMI,BMI
BMN,BlackRock 2037 Municipal Target Term Trust Common Shares of Beneficial Interest,,N,,100,N,,NYSE,BMN,N,BMN,BMN,BMN,BMN
BMO,Bank Of Montreal Common Stock,,N,,100,N,,NYSE,BMO,N,BMO,BMO,BMO,BMO
BMY,Bristol-Myers Squibb Company Common Stock,,N,,100,N,,NYSE,BMY,N,BMY,BMY,BMY,BMY
BNED,"Barnes & Noble Education, Inc Common Stock",,N,,100,N,,NYSE,BNED,N,BNED,BNED,BNED,BNED
BNL,"Broadstone Net Lease, Inc. Common Stock",,N,,100,N,,NYSE,BNL,N,BNL,BNL,BNL,BNL
BNS,Bank Nova Scotia Halifax Pfd 3 Ordinary Shares,,N,,100,N,,NYSE,BNS,N,BNS,BNS,BNS,BNS
BOC,Boston Omaha Corporation Class A Common Stock,,N,,100,N,,NYSE,BOC,N,BOC,BOC,BOC,BOC
BOE,Blackrock Enhanced Global Dividend Trust Common Shares of Beneficial Interest,,N,,100,N,,NYSE,BOE,N,BOE,BOE,BOE,BOE
BOH,Bank of Hawaii Corporation Common Stock,,N,,100,N,,NYSE,BOH,N,BOH,BOH,BOH,BOH
BOOT,"Boot Barn Holdings, Inc. Common Stock",,N,,100,N,,NYSE,BOOT,N,BOOT,BOOT,BOOT,BOOT
BOW,Bowhead Specialty Holdings Inc. Common Stock,,N,,100,N,,NYSE,BOW,N,BOW,BOW,BOW,BOW
BOX,"Box, Inc. Class A Common Stock",,N,,100,N,,NYSE,BOX,N,BOX,BOX,BOX,BOX
BP,BP p.l.c. Common Stock,,N,,100,N,,NYSE,BP,N,BP,BP,BP,BP
BRC,Brady Corporation Common Stock,,N,,100,N,,NYSE,BRC,N,BRC,BRC,BRC,BRC
BRCC,BRC Inc. Class A Common Stock,,N,,100,N,,NYSE,BRCC,N,BRCC,BRCC,BRCC,BRCC
BRK.A,Berkshire Hathaway Inc. Common Stock,,N,,1,N,,NYSE,BRK.A,N,BRK.A,BRK.A,BRK.A,BRK.A
BRK.B,Berkshire Hathaway Inc. New Common Stock,,N,,100,N,,NYSE,BRK.B,N,BRK.B,BRK.B,BRK.B,BRK.B
BRO,"Brown & Brown, Inc. Common Stock",,N,,100,N,,NYSE,BRO,N,BRO,BRO,BRO,BRO
BROS,Dutch Bros Inc. Class A Common Stock,,N,,100,N,,NYSE,BROS,N,BROS,BROS,BROS,BROS
BRSL,"Brightstar Lottery PLC Trading under the Legal Name to begin at the market open on July 21, 2025. Ordinary Shares",,N,,100,N,,NYSE,BRSL,N,BRSL,BRSL,BRSL,BRSL
BRSP,"BrightSpire Capital, Inc. Class A Common Stock",,N,,100,N,,NYSE,BRSP,N,BRSP,BRSP,BRSP,BRSP
BRT,BRT Apartments Corp. (MD) Common Stock,,N,,100,N,,NYSE,BRT,N,BRT,BRT,BRT,BRT
BRX,Brixmor Property Group Inc. Common Stock,,N,,100,N,,NYSE,BRX,N,BRX,BRX,BRX,BRX
BSL,Blackstone Senior Floating Rate 2027 Term Fund Common Shares of Beneficial Interest,,N,,100,N,,NYSE,BSL,N,BSL,BSL,BSL,BSL
BST,BlackRock Science and Technology Trust Common Shares of Beneficial Interest,,N,,100,N,,NYSE,BST,N,BST,BST,BST,BST
BSTZ,BlackRock Science and Technology Term Trust Common Shares of Beneficial Interest,,N,,100,N,,NYSE,BSTZ,N,BSTZ,BSTZ,BSTZ,BSTZ
BSX,Boston Scientific Corporation Common Stock,,N,,100,N,,NYSE,BSX,N,BSX,BSX,BSX,BSX
BTA,BlackRock Long-Term Municipal Advantage Trust Common Shares of Beneficial Interest,,N,,100,N,,NYSE,BTA,N,BTA,BTA,BTA,BTA
BTE,Baytex Energy Corp Common Shares,,N,,100,N,,NYSE,BTE,N,BTE,BTE,BTE,BTE
BTO,John Hancock Financial Opportunities Fund Common Stock,,N,,100,N,,NYSE,BTO,N,BTO,BTO,BTO,BTO
BTU,Peabody Energy Corporation Common Stock ,,N,,100,N,,NYSE,BTU,N,BTU,BTU,BTU,BTU
BTX,BlackRock Technology and Private Equity Term Trust Common Shares of Beneficial Interest,,N,,100,N,,NYSE,BTX,N,BTX,BTX,BTX,BTX
BUR,Burford Capital Limited Ordinary Shares,,N,,100,N,,NYSE,BUR,N,BUR,BUR,BUR,BUR
BURL,"Burlington Stores, Inc. Common Stock",,N,,100,N,,NYSE,BURL,N,BURL,BURL,BURL,BURL
BV,"BrightView Holdings, Inc. Common Stock",,N,,100,N,,NYSE,BV,N,BV,BV,BV,BV
BW,"Babcock & Wilcox Enterprises, Inc. Common Stock",,N,,100,N,,NYSE,BW,N,BW,BW,BW,BW
BWA,BorgWarner Inc. Common Stock,,N,,100,N,,NYSE,BWA,N,BWA,BWA,BWA,BWA
BWLP,BW LPG Limited Common Shares,,N,,100,N,,NYSE,BWLP,N,BWLP,BWLP,BWLP,BWLP
BWMX,"Betterware de Mexico, S.A.P.I. de C.V. Ordinary Shares",,N,,100,N,,NYSE,BWMX,N,BWMX,BWMX,BWMX,BWMX
BWXT,"BWX Technologies, Inc. Common Stock",,N,,100,N,,NYSE,BWXT,N,BWXT,BWXT,BWXT,BWXT
BX,Blackstone Inc. Common Stock,,N,,100,N,,NYSE,BX,N,BX,BX,BX,BX
BXC,Bluelinx Holdings Inc. Common Stock,,N,,100,N,,NYSE,BXC,N,BXC,BXC,BXC,BXC
BXMT,"Blackstone Mortgage Trust, Inc. Common Stock",,N,,100,N,,NYSE,BXMT,N,BXMT,BXMT,BXMT,BXMT
BXMX,Nuveen S&P 500 Buy-Write Income Fund Common Shares of Beneficial Interest,,N,,100,N,,NYSE,BXMX,N,BXMX,BXMX,BXMX,BXMX
BXP,"BXP, Inc. Common Stock",,N,,100,N,,NYSE,BXP,N,BXP,BXP,BXP,BXP
BXSL,Blackstone Secured Lending Fund Common Shares of Beneficial Interest,,N,,100,N,,NYSE,BXSL,N,BXSL,BXSL,BXSL,BXSL
BY,"Byline Bancorp, Inc. Common Stock",,N,,100,N,,NYSE,BY,N,BY,BY,BY,BY
BYD,Boyd Gaming Corporation Common Stock,,N,,100,N,,NYSE,BYD,N,BYD,BYD,BYD,BYD
BYM,Blackrock Municipal Income Quality Trust Common Shares of Beneficial Interest,,N,,100,N,,NYSE,BYM,N,BYM,BYM,BYM,BYM
BZH,"Beazer Homes USA, Inc. Common Stock",,N,,100,N,,NYSE,BZH,N,BZH,BZH,BZH,BZH
C,"Citigroup, Inc. Common Stock",,N,,100,N,,NYSE,C,N,C,C,C,C
CAAP,Corporacion America Airports SA Common Shares,,N,,100,N,,NYSE,CAAP,N,CAAP,CAAP,CAAP,CAAP
CABO,"Cable One, Inc. Common Stock",,N,,100,N,,NYSE,CABO,N,CABO,CABO,CABO,CABO
CACI,"CACI International, Inc. Class A Common Stock",,N,,100,N,,NYSE,CACI,N,CACI,CACI,CACI,CACI
CADE,Cadence Bank Common Stock,,N,,100,N,,NYSE,CADE,N,CADE,CADE,CADE,CADE
CAE,CAE Inc. Ordinary Shares,,N,,100,N,,NYSE,CAE,N,CAE,CAE,CAE,CAE
CAF,Morgan Stanley China A Share Fund Inc. Common Stock,,N,,100,N,,NYSE,CAF,N,CAF,CAF,CAF,CAF
CAG,"ConAgra Brands, Inc. Common Stock",,N,,100,N,,NYSE,CAG,N,CAG,CAG,CAG,CAG
CAH,"Cardinal Health, Inc. Common Stock",,N,,100,N,,NYSE,CAH,N,CAH,CAH,CAH,CAH
CAL,"Caleres, Inc. Common Stock",,N,,100,N,,NYSE,CAL,N,CAL,CAL,CAL,CAL
CALX,"Calix, Inc Common Stock",,N,,100,N,,NYSE,CALX,N,CALX,CALX,CALX,CALX
CARS,Cars.com Inc. Common Stock ,,N,,100,N,,NYSE,CARS,N,CARS,CARS,CARS,CARS
CAT,"Caterpillar, Inc. Common Stock",,N,,100,N,,NYSE,CAT,N,CAT,CAT,CAT,CAT
CATO,Cato Corporation (The) Class A Common Stock,,N,,100,N,,NYSE,CATO,N,CATO,CATO,CATO,CATO
CAVA,"CAVA Group, Inc. Common Stock",,N,,100,N,,NYSE,CAVA,N,CAVA,CAVA,CAVA,CAVA
CB,Chubb Limited  Common Stock,,N,,100,N,,NYSE,CB,N,CB,CB,CB,CB
CBAN,"Colony Bankcorp, Inc. Common Stock",,N,,100,N,,NYSE,CBAN,N,CBAN,CBAN,CBAN,CBAN
CBL,"CBL & Associates Properties, Inc. Common Stock",,N,,100,N,,NYSE,CBL,N,CBL,CBL,CBL,CBL
CBNA,"Chain Bridge Bancorp, Inc. Class A Common Stock",,N,,100,N,,NYSE,CBNA,N,CBNA,CBNA,CBNA,CBNA
CBRE,CBRE Group Inc Common Stock Class A,,N,,100,N,,NYSE,CBRE,N,CBRE,CBRE,CBRE,CBRE
CBT,Cabot Corporation Common Stock,,N,,100,N,,NYSE,CBT,N,CBT,CBT,CBT,CBT
CBU,"Community Financial System, Inc. Common Stock",,N,,100,N,,NYSE,CBU,N,CBU,CBU,CBU,CBU
CBZ,"CBIZ, Inc. Common Stock",,N,,100,N,,NYSE,CBZ,N,CBZ,CBZ,CBZ,CBZ
CC,Chemours Company (The) Common Stock,,N,,100,N,,NYSE,CC,N,CC,CC,CC,CC
CCI,Crown Castle Inc. Common Stock,,N,,100,N,,NYSE,CCI,N,CCI,CCI,CCI,CCI
CCJ,Cameco Corporation Common Stock,,N,,100,N,,NYSE,CCJ,N,CCJ,CCJ,CCJ,CCJ
CCL,Carnival Corporation Common Stock,,N,,100,N,,NYSE,CCL,N,CCL,CCL,CCL,CCL
CCO,"Clear Channel Outdoor Holdings, Inc. Common Stock",,N,,100,N,,NYSE,CCO,N,CCO,CCO,CCO,CCO
CCRD,CoreCard Corporation Common Stock,,N,,100,N,,NYSE,CCRD,N,CCRD,CCRD,CCRD,CCRD
CCS,"Century Communities, Inc. Common Stock",,N,,100,N,,NYSE,CCS,N,CCS,CCS,CCS,CCS
CCU,"Compania Cervecerias Unidas, S.A. Common Stock",,N,,100,N,,NYSE,CCU,N,CCU,CCU,CCU,CCU
CDE,"Coeur Mining, Inc. Common Stock",,N,,100,N,,NYSE,CDE,N,CDE,CDE,CDE,CDE
CDP,COPT Defense Properties Common Shares of Beneficial Interest,,N,,100,N,,NYSE,CDP,N,CDP,CDP,CDP,CDP
CE,Celanese Corporation Common Stock,,N,,100,N,,NYSE,CE,N,CE,CE,CE,CE
CEE,"The Central and Eastern Europe Fund, Inc. (The) Common Stock",,N,,100,N,,NYSE,CEE,N,CEE,CEE,CEE,CEE
CF,"CF Industries Holdings, Inc. Common Stock",,N,,100,N,,NYSE,CF,N,CF,CF,CF,CF
CFG,"Citizens Financial Group, Inc. Common Stock",,N,,100,N,,NYSE,CFG,N,CFG,CFG,CFG,CFG
CFND,C1 Fund Inc. Common Stock,,N,,100,N,,NYSE,CFND,N,CFND,CFND,CFND,CFND
CFR,"Cullen/Frost Bankers, Inc. Common Stock",,N,,100,N,,NYSE,CFR,N,CFR,CFR,CFR,CFR
CHCT,Community Healthcare Trust Incorporated Common Stock,,N,,100,N,,NYSE,CHCT,N,CHCT,CHCT,CHCT,CHCT
CHD,"Church & Dwight Company, Inc. Common Stock",,N,,100,N,,NYSE,CHD,N,CHD,CHD,CHD,CHD
CHGG,"Chegg, Inc. Common Stock",,N,,100,N,,NYSE,CHGG,N,CHGG,CHGG,CHGG,CHGG
CHH,"Choice Hotels International, Inc. Common Stock",,N,,100,N,,NYSE,CHH,N,CHH,CHH,CHH,CHH
CHMI,Cherry Hill Mortgage Investment Corporation Common Stock,,N,,100,N,,NYSE,CHMI,N,CHMI,CHMI,CHMI,CHMI
CHN,"China Fund, Inc. (The) Common Stock",,N,,100,N,,NYSE,CHN,N,CHN,CHN,CHN,CHN
CHPT,"ChargePoint Holdings, Inc. Common Stock",,N,,100,N,,NYSE,CHPT,N,CHPT,CHPT,CHPT,CHPT
CHWY,"Chewy, Inc. Class A Common Stock",,N,,100,N,,NYSE,CHWY,N,CHWY,CHWY,CHWY,CHWY
CI,The Cigna Group Common Stock,,N,,100,N,,NYSE,CI,N,CI,CI,CI,CI
CIA,"Citizens, Inc. Class A Common Stock ($1.00 Par)",,N,,100,N,,NYSE,CIA,N,CIA,CIA,CIA,CIA
CIEN,Ciena Corporation Common Stock,,N,,100,N,,NYSE,CIEN,N,CIEN,CIEN,CIEN,CIEN
CIF,MFS Intermediate High Income Fund Common Stock,,N,,100,N,,NYSE,CIF,N,CIF,CIF,CIF,CIF
CII,"BlackRock Enhanced Large Cap Core Fund, Inc. Common Stock",,N,,100,N,,NYSE,CII,N,CII,CII,CII,CII
CIM,Chimera Investment Corporation Common Stock,,N,,100,N,,NYSE,CIM,N,CIM,CIM,CIM,CIM
CINT,CI&T Inc Class A Common Shares,,N,,100,N,,NYSE,CINT,N,CINT,CINT,CINT,CINT
CIO,"City Office REIT, Inc. Common Stock",,N,,100,N,,NYSE,CIO,N,CIO,CIO,CIO,CIO
CION,CION Investment Corporation Common Stock,,N,,100,N,,NYSE,CION,N,CION,CION,CION,CION
CIVI,"Civitas Resources, Inc. Common Stock",,N,,100,N,,NYSE,CIVI,N,CIVI,CIVI,CIVI,CIVI
CL,Colgate-Palmolive Company Common Stock,,N,,100,N,,NYSE,CL,N,CL,CL,CL,CL
CLB,Core Laboratories Inc. Common Stock,,N,,100,N,,NYSE,CLB,N,CLB,CLB,CLB,CLB
CLCO,Cool Company Ltd. Common Shares,,N,,100,N,,NYSE,CLCO,N,CLCO,CLCO,CLCO,CLCO
CLDT,Chatham Lodging Trust (REIT) Common Shares of Beneficial Interest,,N,,100,N,,NYSE,CLDT,N,CLDT,CLDT,CLDT,CLDT
CLF,Cleveland-Cliffs Inc. Common Stock,,N,,100,N,,NYSE,CLF,N,CLF,CLF,CLF,CLF
CLH,"Clean Harbors, Inc. Common Stock",,N,,100,N,,NYSE,CLH,N,CLH,CLH,CLH,CLH
CLS,"Celestica, Inc. Common Stock",,N,,100,N,,NYSE,CLS,N,CLS,CLS,CLS,CLS
CLVT,Clarivate Plc Ordinary Shares,,N,,100,N,,NYSE,CLVT,N,CLVT,CLVT,CLVT,CLVT
CLW,Clearwater Paper Corporation Common Stock,,N,,100,N,,NYSE,CLW,N,CLW,CLW,CLW,CLW
CLX,Clorox Company (The) Common Stock,,N,,100,N,,NYSE,CLX,N,CLX,CLX,CLX,CLX
CM,Canadian Imperial Bank of Commerce Common Stock,,N,,100,N,,NYSE,CM,N,CM,CM,CM,CM
CMA,Comerica Incorporated Common Stock,,N,,100,N,,NYSE,CMA,N,CMA,CMA,CMA,CMA
CMBT,CMB.TECH NV Ordinary Shares,,N,,100,N,,NYSE,CMBT,N,CMBT,CMBT,CMBT,CMBT
CMC,Commercial Metals Company Common Stock,,N,,100,N,,NYSE,CMC,N,CMC,CMC,CMC,CMC
CMDB,Costamare Bulkers Holdings Limited Common Stock,,N,,100,N,,NYSE,CMDB,N,CMDB,CMDB,CMDB,CMDB
CMG,"Chipotle Mexican Grill, Inc. Common Stock",,N,,100,N,,NYSE,CMG,N,CMG,CMG,CMG,CMG
CMI,Cummins Inc. Common Stock,,N,,100,N,,NYSE,CMI,N,CMI,CMI,CMI,CMI
CMP,Compass Minerals Intl Inc Common Stock,,N,,100,N,,NYSE,CMP,N,CMP,CMP,CMP,CMP
CMPO,"CompoSecure, Inc. Class A Common Stock",,N,,100,N,,NYSE,CMPO,N,CMPO,CMPO,CMPO,CMPO
CMRE,Costamare Inc. Common Stock $0.0001 par value,,N,,100,N,,NYSE,CMRE,N,CMRE,CMRE,CMRE,CMRE
CMS,CMS Energy Corporation Common Stock,,N,,100,N,,NYSE,CMS,N,CMS,CMS,CMS,CMS
CMTG,"Claros Mortgage Trust, Inc. Common Stock",,N,,100,N,,NYSE,CMTG,N,CMTG,CMTG,CMTG,CMTG
CMU,MFS Municipal Income Trust Common Stock,,N,,100,N,,NYSE,CMU,N,CMU,CMU,CMU,CMU
CNA,CNA Financial Corporation Common Stock,,N,,100,N,,NYSE,CNA,N,CNA,CNA,CNA,CNA
CNC,Centene Corporation Common Stock,,N,,100,N,,NYSE,CNC,N,CNC,CNC,CNC,CNC
CNH,CNH Industrial N.V. Common Shares,,N,,100,N,,NYSE,CNH,N,CNH,CNH,CNH,CNH
CNI,Canadian National Railway Company Common Stock,,N,,100,N,,NYSE,CNI,N,CNI,CNI,CNI,CNI
CNK,"Cinemark Holdings Inc Cinemark Holdings, Inc. Common Stock",,N,,100,N,,NYSE,CNK,N,CNK,CNK,CNK,CNK
CNM,"Core & Main, Inc. Class A Common Stock",,N,,100,N,,NYSE,CNM,N,CNM,CNM,CNM,CNM
CNMD,CONMED Corporation Common Stock,,N,,100,N,,NYSE,CNMD,N,CNMD,CNMD,CNMD,CNMD
CNNE,"Cannae Holdings, Inc. Common Stock",,N,,100,N,,NYSE,CNNE,N,CNNE,CNNE,CNNE,CNNE
CNO,"CNO Financial Group, Inc. Common Stock",,N,,100,N,,NYSE,CNO,N,CNO,CNO,CNO,CNO
CNP,"CenterPoint Energy, Inc (Holding Co) Common Stock",,N,,100,N,,NYSE,CNP,N,CNP,CNP,CNP,CNP
CNQ,Canadian Natural Resources Limited Common Stock,,N,,100,N,,NYSE,CNQ,N,CNQ,CNQ,CNQ,CNQ
CNR,"Core Natural Resources, Inc. Common Stock",,N,,100,N,,NYSE,CNR,N,CNR,CNR,CNR,CNR
CNS,Cohen & Steers Inc Common Stock,,N,,100,N,,NYSE,CNS,N,CNS,CNS,CNS,CNS
CNX,CNX Resources Corporation Common Stock,,N,,100,N,,NYSE,CNX,N,CNX,CNX,CNX,CNX
COF,Capital One Financial Corporation Common Stock,,N,,100,N,,NYSE,COF,N,COF,COF,COF,COF
COLD,"Americold Realty Trust, Inc. Common Stock",,N,,100,N,,NYSE,COLD,N,COLD,COLD,COLD,COLD
COMP,"Compass, Inc. Class A Common Stock",,N,,100,N,,NYSE,COMP,N,COMP,COMP,COMP,COMP
CON,"Concentra Group Holdings Parent, Inc. Common Stock",,N,,100,N,,NYSE,CON,N,CON,CON,CON,CON
COOK,"Traeger, Inc. Common Stock",,N,,100,N,,NYSE,COOK,N,COOK,COOK,COOK,COOK
COP,ConocoPhillips Common Stock,,N,,100,N,,NYSE,COP,N,COP,COP,COP,COP
COPL,Copley Acquisition Corp Ordinary Shares,,N,,100,N,,NYSE,COPL,N,COPL,COPL,COPL,COPL
COR,"Cencora, Inc. Common Stock",,N,,100,N,,NYSE,COR,N,COR,COR,COR,COR
COSO,"CoastalSouth Bancshares, Inc. Common Stock",,N,,100,N,,NYSE,COSO,N,COSO,COSO,COSO,COSO
COTY,Coty Inc. Class A Common Stock,,N,,100,N,,NYSE,COTY,N,COTY,COTY,COTY,COTY
CP,Canadian Pacific Kansas City Limited Common Shares,,N,,100,N,,NYSE,CP,N,CP,CP,CP,CP
CPA,"Copa Holdings, S.A. Class A Common Stock",,N,,100,N,,NYSE,CPA,N,CPA,CPA,CPA,CPA
CPAY,"Corpay, Inc. Common Stock",,N,,100,N,,NYSE,CPAY,N,CPAY,CPAY,CPAY,CPAY
CPK,Chesapeake Utilities Corporation Common Stock,,N,,100,N,,NYSE,CPK,N,CPK,CPK,CPK,CPK
CPNG,"Coupang, Inc. Class A Common Stock",,N,,100,N,,NYSE,CPNG,N,CPNG,CPNG,CPNG,CPNG
CPRI,Capri Holdings Limited Ordinary Shares,,N,,100,N,,NYSE,CPRI,N,CPRI,CPRI,CPRI,CPRI
CPS,Cooper-Standard Holdings Inc. Common Stock,,N,,100,N,,NYSE,CPS,N,CPS,CPS,CPS,CPS
CPT,Camden Property Trust Common Stock,,N,,100,N,,NYSE,CPT,N,CPT,CPT,CPT,CPT
CR,Crane Company Common Stock,,N,,100,N,,NYSE,CR,N,CR,CR,CR,CR
CRBG,Corebridge Financial Inc. Common Stock,,N,,100,N,,NYSE,CRBG,N,CRBG,CRBG,CRBG,CRBG
CRC,California Resources Corporation Common Stock,,N,,100,N,,NYSE,CRC,N,CRC,CRC,CRC,CRC
CRCL,"Circle Internet Group, Inc. Class A Common Stock",,N,,100,N,,NYSE,CRCL,N,CRCL,CRCL,CRCL,CRCL
CRD.A,Crawford & Company Common Stock,,N,,100,N,,NYSE,CRD.A,N,CRD.A,CRD.A,CRD.A,CRD.A
CRD.B,Crawford & Company Common Stock,,N,,100,N,,NYSE,CRD.B,N,CRD.B,CRD.B,CRD.B,CRD.B
CRGY,Crescent Energy Company Class A Common Stock,,N,,100,N,,NYSE,CRGY,N,CRGY,CRGY,CRGY,CRGY
CRH,CRH PLC Ordinary Shares,,N,,100,N,,NYSE,CRH,N,CRH,CRH,CRH,CRH
CRI,"Carter's, Inc. Common Stock",,N,,100,N,,NYSE,CRI,N,CRI,CRI,CRI,CRI
CRK,"Comstock Resources, Inc. Common Stock",,N,,100,N,,NYSE,CRK,N,CRK,CRK,CRK,CRK
CRL,"Charles River Laboratories International, Inc. Common Stock",,N,,100,N,,NYSE,CRL,N,CRL,CRL,CRL,CRL
CRM,"Salesforce, Inc. Common Stock",,N,,100,N,,NYSE,CRM,N,CRM,CRM,CRM,CRM
CRS,Carpenter Technology Corporation Common Stock,,N,,100,N,,NYSE,CRS,N,CRS,CRS,CRS,CRS
CRT,Cross Timbers Royalty Trust Common Stock,,N,,100,N,,NYSE,CRT,N,CRT,CRT,CRT,CRT
CSL,Carlisle Companies Incorporated Common Stock,,N,,100,N,,NYSE,CSL,N,CSL,CSL,CSL,CSL
CSR,D/B/A Centerspace Common Stock,,N,,100,N,,NYSE,CSR,N,CSR,CSR,CSR,CSR
CSTM,Constellium SE Ordinary Shares (France),,N,,100,N,,NYSE,CSTM,N,CSTM,CSTM,CSTM,CSTM
CSV,"Carriage Services, Inc. Common Stock",,N,,100,N,,NYSE,CSV,N,CSV,CSV,CSV,CSV
CSW,"CSW Industrials, Inc. Common Stock",,N,,100,N,,NYSE,CSW,N,CSW,CSW,CSW,CSW
CTEV,Claritev Corporation Class A Common Stock,,N,,100,N,,NYSE,CTEV,N,CTEV,CTEV,CTEV,CTEV
CTO,"CTO Realty Growth, Inc. Common Stock",,N,,100,N,,NYSE,CTO,N,CTO,CTO,CTO,CTO
CTOS,"Custom Truck One Source, Inc. Common Stock",,N,,100,N,,NYSE,CTOS,N,CTOS,CTOS,CTOS,CTOS
CTRA,Coterra Energy Inc. Common Stock,,N,,100,N,,NYSE,CTRA,N,CTRA,CTRA,CTRA,CTRA
CTRE,"CareTrust REIT, Inc. Common Stock",,N,,100,N,,NYSE,CTRE,N,CTRE,CTRE,CTRE,CTRE
CTRI,"Centuri Holdings, Inc. Common Stock",,N,,100,N,,NYSE,CTRI,N,CTRI,CTRI,CTRI,CTRI
CTS,CTS Corporation Common Stock,,N,,100,N,,NYSE,CTS,N,CTS,CTS,CTS,CTS
CTVA,"Corteva, Inc. Common Stock ",,N,,100,N,,NYSE,CTVA,N,CTVA,CTVA,CTVA,CTVA
CUBE,CubeSmart Common Shares,,N,,100,N,,NYSE,CUBE,N,CUBE,CUBE,CUBE,CUBE
CUBI,"Customers Bancorp, Inc Common Stock",,N,,100,N,,NYSE,CUBI,N,CUBI,CUBI,CUBI,CUBI
CULP,"Culp, Inc. Common Stock",,N,,100,N,,NYSE,CULP,N,CULP,CULP,CULP,CULP
CURB,Curbline Properties Corp. Common Stock,,N,,100,N,,NYSE,CURB,N,CURB,CURB,CURB,CURB
CURV,Torrid Holdings Inc. Common Stock,,N,,100,N,,NYSE,CURV,N,CURV,CURV,CURV,CURV
CUZ,Cousins Properties Incorporated Common Stock,,N,,100,N,,NYSE,CUZ,N,CUZ,CUZ,CUZ,CUZ
CVE,Cenovus Energy Inc Common Stock,,N,,100,N,,NYSE,CVE,N,CVE,CVE,CVE,CVE
CVEO,Civeo Corporation (Canada) Common Shares,,N,,100,N,,NYSE,CVEO,N,CVEO,CVEO,CVEO,CVEO
CVI,CVR Energy Inc. Common Stock,,N,,100,N,,NYSE,CVI,N,CVI,CVI,CVI,CVI
CVLG,"Covenant Logistics Group, Inc. Class A Common Stock",,N,,100,N,,NYSE,CVLG,N,CVLG,CVLG,CVLG,CVLG
CVNA,Carvana Co. Class A Common Stock,,N,,100,N,,NYSE,CVNA,N,CVNA,CVNA,CVNA,CVNA
CVS,CVS Health Corporation Common Stock,,N,,100,N,,NYSE,CVS,N,CVS,CVS,CVS,CVS
CVX,Chevron Corporation Common Stock,,N,,100,N,,NYSE,CVX,N,CVX,CVX,CVX,CVX
CW,Curtiss-Wright Corporation Common Stock,,N,,100,N,,NYSE,CW,N,CW,CW,CW,CW
CWAN,"Clearwater Analytics Holdings, Inc. Class A Common Stock",,N,,100,N,,NYSE,CWAN,N,CWAN,CWAN,CWAN,CWAN
CWEN,"Clearway Energy, Inc. Class C Common Stock",,N,,100,N,,NYSE,CWEN,N,CWEN,CWEN,CWEN,CWEN
CWEN.A,"Clearway Energy, Inc. Class A Common Stock",,N,,100,N,,NYSE,CWEN.A,N,CWEN.A,CWEN.A,CWEN.A,CWEN.A
CWH,"Camping World Holdings, Inc. Class A Common Stock",,N,,100,N,,NYSE,CWH,N,CWH,CWH,CWH,CWH
CWK,Cushman & Wakefield plc Ordinary Shares,,N,,100,N,,NYSE,CWK,N,CWK,CWK,CWK,CWK
CWT,California Water Service Group Common Stock,,N,,100,N,,NYSE,CWT,N,CWT,CWT,CWT,CWT
CXE,MFS High Income Municipal Trust Common Stock,,N,,100,N,,NYSE,CXE,N,CXE,CXE,CXE,CXE
CXH,MFS Investment Grade Municipal Trust Common Stock,,N,,100,N,,NYSE,CXH,N,CXH,CXH,CXH,CXH
CXM,"Sprinklr, Inc. Class A Common Stock",,N,,100,N,,NYSE,CXM,N,CXM,CXM,CXM,CXM
CXT,"Crane NXT, Co. Common Stock",,N,,100,N,,NYSE,CXT,N,CXT,CXT,CXT,CXT
CXW,"CoreCivic, Inc. Common Stock",,N,,100,N,,NYSE,CXW,N,CXW,CXW,CXW,CXW
CYD,China Yuchai International Limited Common Stock,,N,,100,N,,NYSE,CYD,N,CYD,CYD,CYD,CYD
CYH,"Community Health Systems, Inc. Common Stock",,N,,100,N,,NYSE,CYH,N,CYH,CYH,CYH,CYH
D,"Dominion Energy, Inc. Common Stock",,N,,100,N,,NYSE,D,N,D,D,D,D
DAC,Danaos Corporation Common Stock,,N,,100,N,,NYSE,DAC,N,DAC,DAC,DAC,DAC
DAL,"Delta Air Lines, Inc. Common Stock",,N,,100,N,,NYSE,DAL,N,DAL,DAL,DAL,DAL
DAN,Dana Incorporated Common Stock ,,N,,100,N,,NYSE,DAN,N,DAN,DAN,DAN,DAN
DAR,Darling Ingredients Inc. Common Stock,,N,,100,N,,NYSE,DAR,N,DAR,DAR,DAR,DAR
DAY,"Dayforce, Inc. Common Stock",,N,,100,N,,NYSE,DAY,N,DAY,DAY,DAY,DAY
DB,Deutsche Bank AG Common Stock,,N,,100,N,,NYSE,DB,N,DB,DB,DB,DB
DBD,Diebold Nixdorf Incorporated Common stock,,N,,100,N,,NYSE,DBD,N,DBD,DBD,DBD,DBD
DBI,Designer Brands Inc. Class A Common Stock,,N,,100,N,,NYSE,DBI,N,DBI,DBI,DBI,DBI
DBL,DoubleLine Opportunistic Credit Fund Common Shares of Beneficial Interest,,N,,100,N,,NYSE,DBL,N,DBL,DBL,DBL,DBL
DCI,"Donaldson Company, Inc. Common Stock",,N,,100,N,,NYSE,DCI,N,DCI,DCI,DCI,DCI
DCO,Ducommun Incorporated Common Stock,,N,,100,N,,NYSE,DCO,N,DCO,DCO,DCO,DCO
DD,"DuPont de Nemours, Inc. Common Stock",,N,,100,N,,NYSE,DD,N,DD,DD,DD,DD
DDD,3D Systems Corporation Common Stock,,N,,100,N,,NYSE,DDD,N,DDD,DDD,DDD,DDD
DDS,"Dillard's, Inc. Common Stock",,N,,100,N,,NYSE,DDS,N,DDS,DDS,DDS,DDS
DE,Deere & Company Common Stock,,N,,100,N,,NYSE,DE,N,DE,DE,DE,DE
DEA,"Easterly Government Properties, Inc. Common Stock",,N,,100,N,,NYSE,DEA,N,DEA,DEA,DEA,DEA
DEC,Diversified Energy Company plc Ordinary Shares,,N,,100,N,,NYSE,DEC,N,DEC,DEC,DEC,DEC
DECK,Deckers Outdoor Corporation Common Stock,,N,,100,N,,NYSE,DECK,N,DECK,DECK,DECK,DECK
DEI,"Douglas Emmett, Inc. Common Stock",,N,,100,N,,NYSE,DEI,N,DEI,DEI,DEI,DEI
DELL,Dell Technologies Inc. Class C Common Stock ,,N,,100,N,,NYSE,DELL,N,DELL,DELL,DELL,DELL
DEO,Diageo plc Common Stock,,N,,100,N,,NYSE,DEO,N,DEO,DEO,DEO,DEO
DFH,"Dream Finders Homes, Inc. Class A Common Stock",,N,,100,N,,NYSE,DFH,N,DFH,DFH,DFH,DFH
DFIN,"Donnelley Financial Solutions, Inc. Common Stock ",,N,,100,N,,NYSE,DFIN,N,DFIN,DFIN,DFIN,DFIN
DFP,Flaherty & Crumrine Dynamic Preferred and Income Fund Inc. Common Stock,,N,,100,N,,NYSE,DFP,N,DFP,DFP,DFP,DFP
DG,Dollar General Corporation Common Stock,,N,,100,N,,NYSE,DG,N,DG,DG,DG,DG
DGX,Quest Diagnostics Incorporated Common Stock,,N,,100,N,,NYSE,DGX,N,DGX,DGX,DGX,DGX
DHF,BNY Mellon High Yield Strategies Fund Common Stock,,N,,100,N,,NYSE,DHF,N,DHF,DHF,DHF,DHF
DHI,"D.R. Horton, Inc. Common Stock",,N,,100,N,,NYSE,DHI,N,DHI,DHI,DHI,DHI
DHR,Danaher Corporation Common Stock,,N,,100,N,,NYSE,DHR,N,DHR,DHR,DHR,DHR
DHX,"DHI Group, Inc. Common Stock",,N,,100,N,,NYSE,DHX,N,DHX,DHX,DHX,DHX
DIAX,Nuveen Dow 30SM Dynamic Overwrite Fund Common Shares of Beneficial Interest,,N,,100,N,,NYSE,DIAX,N,DIAX,DIAX,DIAX,DIAX
DIN,"Dine Brands Global, Inc. Common Stock",,N,,100,N,,NYSE,DIN,N,DIN,DIN,DIN,DIN
DINO,HF Sinclair Corporation Common Stock,,N,,100,N,,NYSE,DINO,N,DINO,DINO,DINO,DINO
DIS,Walt Disney Company (The) Common Stock,,N,,100,N,,NYSE,DIS,N,DIS,DIS,DIS,DIS
DK,"Delek US Holdings, Inc. Common Stock",,N,,100,N,,NYSE,DK,N,DK,DK,DK,DK
DKS,Dick's Sporting Goods Inc Common Stock,,N,,100,N,,NYSE,DKS,N,DKS,DKS,DKS,DKS
DLB,Dolby Laboratories Common Stock,,N,,100,N,,NYSE,DLB,N,DLB,DLB,DLB,DLB
DLR,"Digital Realty Trust, Inc. Common Stock",,N,,100,N,,NYSE,DLR,N,DLR,DLR,DLR,DLR
DLX,Deluxe Corporation Common Stock,,N,,100,N,,NYSE,DLX,N,DLX,DLX,DLX,DLX
DLY,DoubleLine Yield Opportunities Fund Common Shares of Beneficial Interest,,N,,100,N,,NYSE,DLY,N,DLY,DLY,DLY,DLY
DMA,Destra Multi-Alternative Fund Common Stock,,N,,100,N,,NYSE,DMA,N,DMA,DMA,DMA,DMA
DMB,"BNY Mellon Municipal Bond Infrastructure Fund, Inc. Common Stock",,N,,100,N,,NYSE,DMB,N,DMB,DMB,DMB,DMB
DMO,Western Asset Mortgage Opportunity Fund Inc. Common Stock,,N,,100,N,,NYSE,DMO,N,DMO,DMO,DMO,DMO
DNA,"Ginkgo Bioworks Holdings, Inc. Class A Common Stock",,N,,100,N,,NYSE,DNA,N,DNA,DNA,DNA,DNA
DNP,"DNP Select Income Fund, Inc. Common Stock",,N,,100,N,,NYSE,DNP,N,DNP,DNP,DNP,DNP
DOC,"Healthpeak Properties, Inc. Common Stock",,N,,100,N,,NYSE,DOC,N,DOC,DOC,DOC,DOC
DOCN,"DigitalOcean Holdings, Inc. Common Stock",,N,,100,N,,NYSE,DOCN,N,DOCN,DOCN,DOCN,DOCN
DOCS,"Doximity, Inc. Class A Common Stock",,N,,100,N,,NYSE,DOCS,N,DOCS,DOCS,DOCS,DOCS
DOLE,Dole plc Ordinary Shares,,N,,100,N,,NYSE,DOLE,N,DOLE,DOLE,DOLE,DOLE
DOUG,Douglas Elliman Inc. Common Stock,,N,,100,N,,NYSE,DOUG,N,DOUG,DOUG,DOUG,DOUG
DOV,Dover Corporation Common Stock,,N,,100,N,,NYSE,DOV,N,DOV,DOV,DOV,DOV
DOW,Dow Inc. Common Stock ,,N,,100,N,,NYSE,DOW,N,DOW,DOW,DOW,DOW
DRH,Diamondrock Hospitality Company Common Stock,,N,,100,N,,NYSE,DRH,N,DRH,DRH,DRH,DRH
DRI,"Darden Restaurants, Inc. Common Stock",,N,,100,N,,NYSE,DRI,N,DRI,DRI,DRI,DRI
DSL,DoubleLine Income Solutions Fund Common Shares of Beneficial Interests,,N,,100,N,,NYSE,DSL,N,DSL,DSL,DSL,DSL
DSM,"BNY Mellon Strategic Municipal Bond Fund, Inc. Common Stock",,N,,100,N,,NYSE,DSM,N,DSM,DSM,DSM,DSM
DSU,"Blackrock Debt Strategies Fund, Inc. Common Stock",,N,,100,N,,NYSE,DSU,N,DSU,DSU,DSU,DSU
DSX,Diana Shipping inc. common stock,,N,,100,N,,NYSE,DSX,N,DSX,DSX,DSX,DSX
DT,"Dynatrace, Inc. Common Stock",,N,,100,N,,NYSE,DT,N,DT,DT,DT,DT
DTE,DTE Energy Company Common Stock,,N,,100,N,,NYSE,DTE,N,DTE,DTE,DTE,DTE
DTF,DTF Tax-Free Income 2028 Term Fund Inc. Common Stock,,N,,100,N,,NYSE,DTF,N,DTF,DTF,DTF,DTF
DTM,"DT Midstream, Inc. Common Stock ",,N,,100,N,,NYSE,DTM,N,DTM,DTM,DTM,DTM
DUK,Duke Energy Corporation (Holding Company) Common Stock,,N,,100,N,,NYSE,DUK,N,DUK,DUK,DUK,DUK
DV,"DoubleVerify Holdings, Inc. Common Stock",,N,,100,N,,NYSE,DV,N,DV,DV,DV,DV
DVA,DaVita Inc. Common Stock,,N,,100,N,,NYSE,DVA,N,DVA,DVA,DVA,DVA
DVN,Devon Energy Corporation Common Stock,,N,,100,N,,NYSE,DVN,N,DVN,DVN,DVN,DVN
DX,"Dynex Capital, Inc. Common Stock",,N,,100,N,,NYSE,DX,N,DX,DX,DX,DX
DXC,DXC Technology Company Common Stock ,,N,,100,N,,NYSE,DXC,N,DXC,DXC,DXC,DXC
DXYZ,Destiny Tech100 Inc. Common Stock,,N,,100,N,,NYSE,DXYZ,N,DXYZ,DXYZ,DXYZ,DXYZ
DY,"Dycom Industries, Inc. Common Stock",,N,,100,N,,NYSE,DY,N,DY,DY,DY,DY
E,ENI S.p.A. Common Stock,,N,,100,N,,NYSE,E,N,E,E,E,E
EAF,GrafTech International Ltd. Common Stock,,N,,100,N,,NYSE,EAF,N,EAF,EAF,EAF,EAF
EARN,Ellington Credit Company Common Shares of Beneficial Interest,,N,,100,N,,NYSE,EARN,N,EARN,EARN,EARN,EARN
EAT,"Brinker International, Inc. Common Stock",,N,,100,N,,NYSE,EAT,N,EAT,EAT,EAT,EAT
EB,"Eventbrite, Inc. Class A Common Stock",,N,,100,N,,NYSE,EB,N,EB,EB,EB,EB
EBF,"Ennis, Inc. Common Stock",,N,,100,N,,NYSE,EBF,N,EBF,EBF,EBF,EBF
EBS,Emergent BioSolutions Inc. Common Stock,,N,,100,N,,NYSE,EBS,N,EBS,EBS,EBS,EBS
ECAT,BlackRock ESG Capital Allocation Term Trust Common Shares of Beneficial Interest,,N,,100,N,,NYSE,ECAT,N,ECAT,ECAT,ECAT,ECAT
ECC,Eagle Point Credit Company Inc. Common Stock,,N,,100,N,,NYSE,ECC,N,ECC,ECC,ECC,ECC
ECG,"Everus Construction Group, Inc. Common Stock",,N,,100,N,,NYSE,ECG,N,ECG,ECG,ECG,ECG
ECL,Ecolab Inc. Common Stock,,N,,100,N,,NYSE,ECL,N,ECL,ECL,ECL,ECL
ECO,Okeanis Eco Tankers Corp. Common Stock,,N,,100,N,,NYSE,ECO,N,ECO,ECO,ECO,ECO
ECVT,Ecovyst Inc. Common Stock,,N,,100,N,,NYSE,ECVT,N,ECVT,ECVT,ECVT,ECVT
ED,"Consolidated Edison, Inc. Common Stock",,N,,100,N,,NYSE,ED,N,ED,ED,ED,ED
EDD,"Morgan Stanley Emerging Markets Domestic Debt Fund, Inc. Common Stock",,N,,100,N,,NYSE,EDD,N,EDD,EDD,EDD,EDD
EDF,Virtus Stone Harbor Emerging Markets Income Fund Common Shares of Beneficial Interest,,N,,100,N,,NYSE,EDF,N,EDF,EDF,EDF,EDF
EE,"Excelerate Energy, Inc. Class A Common Stock",,N,,100,N,,NYSE,EE,N,EE,EE,EE,EE
EEA,"The European Equity Fund, Inc. Common Stock",,N,,100,N,,NYSE,EEA,N,EEA,EEA,EEA,EEA
EEX,"Emerald Holding, Inc. Common Stock",,N,,100,N,,NYSE,EEX,N,EEX,EEX,EEX,EEX
EFC,Ellington Financial Inc. Common Stock ,,N,,100,N,,NYSE,EFC,N,EFC,EFC,EFC,EFC
EFR,Eaton Vance Senior Floating-Rate Fund Common Shares of Beneficial Interest,,N,,100,N,,NYSE,EFR,N,EFR,EFR,EFR,EFR
EFT,Eaton Vance Floating Rate Income Trust Common Shares of Beneficial Interest,,N,,100,N,,NYSE,EFT,N,EFT,EFT,EFT,EFT
EFX,"Equifax, Inc. Common Stock",,N,,100,N,,NYSE,EFX,N,EFX,EFX,EFX,EFX
EFXT,Enerflex Ltd Common Shares,,N,,100,N,,NYSE,EFXT,N,EFXT,EFXT,EFXT,EFXT
EG,"Everest Group, Ltd. Common Stock",,N,,100,N,,NYSE,EG,N,EG,EG,EG,EG
EGO,Eldorado Gold Corporation Ordinary Shares,,N,,100,N,,NYSE,EGO,N,EGO,EGO,EGO,EGO
EGP,"EastGroup Properties, Inc. Common Stock",,N,,100,N,,NYSE,EGP,N,EGP,EGP,EGP,EGP
EGY,"VAALCO Energy, Inc.  Common Stock",,N,,100,N,,NYSE,EGY,N,EGY,EGY,EGY,EGY
EHAB,"Enhabit, Inc. Common Stock",,N,,100,N,,NYSE,EHAB,N,EHAB,EHAB,EHAB,EHAB
EHC,Encompass Health Corporation Common Stock,,N,,100,N,,NYSE,EHC,N,EHC,EHC,EHC,EHC
EHI,Western Asset Global High Income Fund Inc Common Stock,,N,,100,N,,NYSE,EHI,N,EHI,EHI,EHI,EHI
EIC,Eagle Point Income Company Inc. Common Stock,,N,,100,N,,NYSE,EIC,N,EIC,EIC,EIC,EIC
EIG,Employers Holdings Inc Common Stock,,N,,100,N,,NYSE,EIG,N,EIG,EIG,EIG,EIG
EIX,Edison International Common Stock,,N,,100,N,,NYSE,EIX,N,EIX,EIX,EIX,EIX
EL,"Estee Lauder Companies, Inc. (The) Common Stock",,N,,100,N,,NYSE,EL,N,EL,EL,EL,EL
ELAN,Elanco Animal Health Incorporated Common Stock,,N,,100,N,,NYSE,ELAN,N,ELAN,ELAN,ELAN,ELAN
ELF,"e.l.f. Beauty, Inc. Common Stock",,N,,100,N,,NYSE,ELF,N,ELF,ELF,ELF,ELF
ELME,Elme Communities Common Stock,,N,,100,N,,NYSE,ELME,N,ELME,ELME,ELME,ELME
ELS,"Equity Lifestyle Properties, Inc. Common Stock",,N,,100,N,,NYSE,ELS,N,ELS,ELS,ELS,ELS
ELV,"Elevance Health, Inc. Common Stock",,N,,100,N,,NYSE,ELV,N,ELV,ELV,ELV,ELV
EMA,Emera Incorporated Common Shares,,N,,100,N,,NYSE,EMA,N,EMA,EMA,EMA,EMA
EMD,Western Asset Emerging Markets Debt Fund Inc Common Stock,,N,,100,N,,NYSE,EMD,N,EMD,EMD,EMD,EMD
EME,"EMCOR Group, Inc. Common Stock",,N,,100,N,,NYSE,EME,N,EME,EME,EME,EME
EMF,Templeton Emerging Markets Fund Common Stock,,N,,100,N,,NYSE,EMF,N,EMF,EMF,EMF,EMF
EMN,Eastman Chemical Company Common Stock,,N,,100,N,,NYSE,EMN,N,EMN,EMN,EMN,EMN
EMO,ClearBridge Energy Midstream Opportunity Fund Inc. Common Stock,,N,,100,N,,NYSE,EMO,N,EMO,EMO,EMO,EMO
EMR,Emerson Electric Company Common Stock,,N,,100,N,,NYSE,EMR,N,EMR,EMR,EMR,EMR
ENB,Enbridge Inc Common Stock,,N,,100,N,,NYSE,ENB,N,ENB,ENB,ENB,ENB
ENOV,Enovis Corporation Common Stock,,N,,100,N,,NYSE,ENOV,N,ENOV,ENOV,ENOV,ENOV
ENR,"Energizer Holdings, Inc. Common Stock",,N,,100,N,,NYSE,ENR,N,ENR,ENR,ENR,ENR
ENS,EnerSys Common Stock,,N,,100,N,,NYSE,ENS,N,ENS,ENS,ENS,ENS
ENVA,"Enova International, Inc. Common Stock",,N,,100,N,,NYSE,ENVA,N,ENVA,ENVA,ENVA,ENVA
EOD,Allspring Global Dividend Opportunity Fund Common Shares of Beneficial Interest,,N,,100,N,,NYSE,EOD,N,EOD,EOD,EOD,EOD
EOG,"EOG Resources, Inc. Common Stock",,N,,100,N,,NYSE,EOG,N,EOG,EOG,EOG,EOG
EOS,Eaton Vance Enhance Equity Income Fund II Common Stock,,N,,100,N,,NYSE,EOS,N,EOS,EOS,EOS,EOS
EPAC,Enerpac Tool Group Corp. Common Stock,,N,,100,N,,NYSE,EPAC,N,EPAC,EPAC,EPAC,EPAC
EPAM,"EPAM Systems, Inc. Common Stock",,N,,100,N,,NYSE,EPAM,N,EPAM,EPAM,EPAM,EPAM
EPC,Edgewell Personal Care Company Common Stock,,N,,100,N,,NYSE,EPC,N,EPC,EPC,EPC,EPC
EPD,Enterprise Products Partners L.P. Common Stock,,N,,100,N,,NYSE,EPD,N,EPD,EPD,EPD,EPD
EPR,EPR Properties Common Stock,,N,,100,N,,NYSE,EPR,N,EPR,EPR,EPR,EPR
EPRT,"Essential Properties Realty Trust, Inc. Common Stock",,N,,100,N,,NYSE,EPRT,N,EPRT,EPRT,EPRT,EPRT
EQBK,"Equity Bancshares, Inc. Class A Common Stock",,N,,100,N,,NYSE,EQBK,N,EQBK,EQBK,EQBK,EQBK
EQH,"Equitable Holdings, Inc. Common Stock",,N,,100,N,,NYSE,EQH,N,EQH,EQH,EQH,EQH
EQR,Equity Residential Common Shares of Beneficial Interest,,N,,100,N,,NYSE,EQR,N,EQR,EQR,EQR,EQR
EQS,"Equus Total Return, Inc. Common Stock",,N,,100,N,,NYSE,EQS,N,EQS,EQS,EQS,EQS
EQT,EQT Corporation Common Stock,,N,,100,N,,NYSE,EQT,N,EQT,EQT,EQT,EQT
EQV,EQV Ventures Acquisition Corp. Class A Ordinary Shares,,N,,100,N,,NYSE,EQV,N,EQV,EQV,EQV,EQV
ERJ,Embraer S.A. Common Stock,,N,,100,N,,NYSE,ERJ,N,ERJ,ERJ,ERJ,ERJ
ERO,Ero Copper Corp. Common Shares,,N,,100,N,,NYSE,ERO,N,ERO,ERO,ERO,ERO
ES,Eversource Energy (D/B/A) Common Stock,,N,,100,N,,NYSE,ES,N,ES,ES,ES,ES
ESAB,ESAB Corporation Common Stock,,N,,100,N,,NYSE,ESAB,N,ESAB,ESAB,ESAB,ESAB
ESE,ESCO Technologies Inc. Common Stock,,N,,100,N,,NYSE,ESE,N,ESE,ESE,ESE,ESE
ESI,Element Solutions Inc. Common Stock,,N,,100,N,,NYSE,ESI,N,ESI,ESI,ESI,ESI
ESNT,Essent Group Ltd. Common Shares,,N,,100,N,,NYSE,ESNT,N,ESNT,ESNT,ESNT,ESNT
ESRT,"Empire State Realty Trust, Inc. Class A Common Stock",,N,,100,N,,NYSE,ESRT,N,ESRT,ESRT,ESRT,ESRT
ESS,"Essex Property Trust, Inc. Common Stock",,N,,100,N,,NYSE,ESS,N,ESS,ESS,ESS,ESS
ESTC,Elastic N.V. Ordinary Shares,,N,,100,N,,NYSE,ESTC,N,ESTC,ESTC,ESTC,ESTC
ETB,Eaton Vance Tax-Managed Buy-Write Income Fund Eaton Vance Tax-Managed Buy-Write Income Fund Common Shares of Beneficial Interest,,N,,100,N,,NYSE,ETB,N,ETB,ETB,ETB,ETB
ETD,Ethan Allen Interiors Inc. Common Stock,,N,,100,N,,NYSE,ETD,N,ETD,ETD,ETD,ETD
ETG,Eaton Vance Tax-Advantaged Global Dividend Income Fund Common Shares of Beneficial Interest,,N,,100,N,,NYSE,ETG,N,ETG,ETG,ETG,ETG
ETJ,Eaton Vance Risk-Managed Diversified Equity Income Fund Common Shares of Beneficial Interest,,N,,100,N,,NYSE,ETJ,N,ETJ,ETJ,ETJ,ETJ
ETN,"Eaton Corporation, PLC Ordinary Shares",,N,,100,N,,NYSE,ETN,N,ETN,ETN,ETN,ETN
ETO,Eaton Vance Tax-Advantage Global Dividend Opp Common Stock,,N,,100,N,,NYSE,ETO,N,ETO,ETO,ETO,ETO
ETR,Entergy Corporation Common Stock,,N,,100,N,,NYSE,ETR,N,ETR,ETR,ETR,ETR
ETSY,"Etsy, Inc. Common Stock",,N,,100,N,,NYSE,ETSY,N,ETSY,ETSY,ETSY,ETSY
ETV,Eaton Vance Corporation Eaton Vance Tax-Managed Buy-Write Opportunities Fund Common Shares of Beneficial Interest,,N,,100,N,,NYSE,ETV,N,ETV,ETV,ETV,ETV
ETW,Eaton Vance Corporation Eaton Vance Tax-Managed Global Buy-Write Opportunites Fund Common Shares of Beneficial Interest,,N,,100,N,,NYSE,ETW,N,ETW,ETW,ETW,ETW
ETX,Eaton Vance Municipal Income 2028 Term Trust Common Shares of Beneficial Interest,,N,,100,N,,NYSE,ETX,N,ETX,ETX,ETX,ETX
ETY,"Eaton Vance Tax-Managed Diversified Equity Income Fund Common Shares of Beneficial Interest,",,N,,100,N,,NYSE,ETY,N,ETY,ETY,ETY,ETY
EVAC,EQV Ventures Acquisition Corp. II Class A Ordinary Shares,,N,,100,N,,NYSE,EVAC,N,EVAC,EVAC,EVAC,EVAC
EVC,Entravision Communications Corporation Common Stock,,N,,100,N,,NYSE,EVC,N,EVC,EVC,EVC,EVC
EVEX,"Eve Holding, Inc. Common Stock",,N,,100,N,,NYSE,EVEX,N,EVEX,EVEX,EVEX,EVEX
EVF,Eaton Vance Senior Income Trust Common Stock,,N,,100,N,,NYSE,EVF,N,EVF,EVF,EVF,EVF
EVG,Eaton Vance Short Diversified Income Fund Eaton Vance Short Duration Diversified Income Fund Common Shares of Beneficial Interest,,N,,100,N,,NYSE,EVG,N,EVG,EVG,EVG,EVG
EVH,"Evolent Health, Inc Class A Common Stock",,N,,100,N,,NYSE,EVH,N,EVH,EVH,EVH,EVH
EVN,Eaton Vance Municipal Income Trust Common Stock,,N,,100,N,,NYSE,EVN,N,EVN,EVN,EVN,EVN
EVR,Evercore Inc. Class A Common Stock,,N,,100,N,,NYSE,EVR,N,EVR,EVR,EVR,EVR
EVT,Eaton Vance Tax Advantaged Dividend Income Fund Common Shares of Beneficial Interest,,N,,100,N,,NYSE,EVT,N,EVT,EVT,EVT,EVT
EVTC,"Evertec, Inc. Common Stock",,N,,100,N,,NYSE,EVTC,N,EVTC,EVTC,EVTC,EVTC
EVTL,Vertical Aerospace Ltd. Ordinary Shares,,N,,100,N,,NYSE,EVTL,N,EVTL,EVTL,EVTL,EVTL
EW,Edwards Lifesciences Corporation Common Stock,,N,,100,N,,NYSE,EW,N,EW,EW,EW,EW
EXG,Eaton Vance Tax-Managed Global Diversified Equity Income Fund Common Shares of Beneficial Interest,,N,,100,N,,NYSE,EXG,N,EXG,EXG,EXG,EXG
EXK,Endeavour Silver Corporation Ordinary Shares (Canada),,N,,100,N,,NYSE,EXK,N,EXK,EXK,EXK,EXK
EXP,Eagle Materials Inc Common Stock,,N,,100,N,,NYSE,EXP,N,EXP,EXP,EXP,EXP
EXPD,"Expeditors International of Washington, Inc. Common Stock",,N,,100,N,,NYSE,EXPD,N,EXPD,EXPD,EXPD,EXPD
EXR,Extra Space Storage Inc Common Stock,,N,,100,N,,NYSE,EXR,N,EXR,EXR,EXR,EXR
F,Ford Motor Company Common Stock,,N,,100,N,,NYSE,F,N,F,F,F,F
FAF,First American Corporation (New) Common Stock,,N,,100,N,,NYSE,FAF,N,FAF,FAF,FAF,FAF
FBIN,"Fortune Brands Innovations, Inc. Common Stock",,N,,100,N,,NYSE,FBIN,N,FBIN,FBIN,FBIN,FBIN
FBK,FB Financial Corporation Common Stock,,N,,100,N,,NYSE,FBK,N,FBK,FBK,FBK,FBK
FBP,First BanCorp. New Common Stock,,N,,100,N,,NYSE,FBP,N,FBP,FBP,FBP,FBP
FBRT,"Franklin BSP Realty Trust, Inc. Common Stock",,N,,100,N,,NYSE,FBRT,N,FBRT,FBRT,FBRT,FBRT
FC,Franklin Covey Company Common Stock,,N,,100,N,,NYSE,FC,N,FC,FC,FC,FC
FCF,First Commonwealth Financial Corporation Common Stock,,N,,100,N,,NYSE,FCF,N,FCF,FCF,FCF,FCF
FCN,"FTI Consulting, Inc. Common Stock",,N,,100,N,,NYSE,FCN,N,FCN,FCN,FCN,FCN
FCPT,"Four Corners Property Trust, Inc. Common Stock",,N,,100,N,,NYSE,FCPT,N,FCPT,FCPT,FCPT,FCPT
FCT,First Trust Senior Floating Rate Income Fund II Common Shares of Beneficial Interest,,N,,100,N,,NYSE,FCT,N,FCT,FCT,FCT,FCT
FCX,"Freeport-McMoRan, Inc. Common Stock",,N,,100,N,,NYSE,FCX,N,FCX,FCX,FCX,FCX
FDP,"Fresh Del Monte Produce, Inc. Common Stock",,N,,100,N,,NYSE,FDP,N,FDP,FDP,FDP,FDP
FDS,FactSet Research Systems Inc. Common Stock,,N,,100,N,,NYSE,FDS,N,FDS,FDS,FDS,FDS
FDX,FedEx Corporation Common Stock,,N,,100,N,,NYSE,FDX,N,FDX,FDX,FDX,FDX
FE,FirstEnergy Corp. Common Stock,,N,,100,N,,NYSE,FE,N,FE,FE,FE,FE
FERG,Ferguson Enterprises Inc. Common Stock,,N,,100,N,,NYSE,FERG,N,FERG,FERG,FERG,FERG
FET,"Forum Energy Technologies, Inc. Common Stock",,N,,100,N,,NYSE,FET,N,FET,FET,FET,FET
FF,FutureFuel Corp.  Common shares,,N,,100,N,,NYSE,FF,N,FF,FF,FF,FF
FFWM,First Foundation Inc. Common Stock,,N,,100,N,,NYSE,FFWM,N,FFWM,FFWM,FFWM,FFWM
FG,"F&G Annuities & Life, Inc. Common Stock",,N,,100,N,,NYSE,FG,N,FG,FG,FG,FG
FHI,"Federated Hermes, Inc. Common Stock",,N,,100,N,,NYSE,FHI,N,FHI,FHI,FHI,FHI
FHN,First Horizon Corporation Common Stock,,N,,100,N,,NYSE,FHN,N,FHN,FHN,FHN,FHN
FI,"Fiserv, Inc. Common Stock",,N,,100,N,,NYSE,FI,N,FI,FI,FI,FI
FICO,Fair Isaac Corporation Common Stock,,N,,100,N,,NYSE,FICO,N,FICO,FICO,FICO,FICO
FIG,"Figma, Inc. Class A Common Stock",,N,,100,N,,NYSE,FIG,N,FIG,FIG,FIG,FIG
FIGS,"FIGS, Inc. Class A Common Stock",,N,,100,N,,NYSE,FIGS,N,FIGS,FIGS,FIGS,FIGS
FIHL,Fidelis Insurance Holdings Limited Common Shares,,N,,100,N,,NYSE,FIHL,N,FIHL,FIHL,FIHL,FIHL
FINS,Angel Oak Financial Strategies Income Term Trust Common Shares of Beneficial Interest,,N,,100,N,,NYSE,FINS,N,FINS,FINS,FINS,FINS
FIS,"Fidelity National Information Services, Inc. Common Stock",,N,,100,N,,NYSE,FIS,N,FIS,FIS,FIS,FIS
FIX,"Comfort Systems USA, Inc. Common Stock",,N,,100,N,,NYSE,FIX,N,FIX,FIX,FIX,FIX
FLC,Flaherty & Crumrine Total Return Fund Inc Common Stock,,N,,100,N,,NYSE,FLC,N,FLC,FLC,FLC,FLC
FLG,"Flagstar Bank, N.A. Common Stock",,N,,100,N,,NYSE,FLG,N,FLG,FLG,FLG,FLG
FLNG,FLEX LNG Ltd. Ordinary Shares,,N,,100,N,,NYSE,FLNG,N,FLNG,FLNG,FLNG,FLNG
FLO,"Flowers Foods, Inc. Common Stock",,N,,100,N,,NYSE,FLO,N,FLO,FLO,FLO,FLO
FLOC,Flowco Holdings Inc. Class A Common Stock,,N,,100,N,,NYSE,FLOC,N,FLOC,FLOC,FLOC,FLOC
FLR,Fluor Corporation Common Stock,,N,,100,N,,NYSE,FLR,N,FLR,FLR,FLR,FLR
FLS,Flowserve Corporation Common Stock,,N,,100,N,,NYSE,FLS,N,FLS,FLS,FLS,FLS
FLUT,Flutter Entertainment plc Ordinary Shares,,N,,100,N,,NYSE,FLUT,N,FLUT,FLUT,FLUT,FLUT
FMC,FMC Corporation Common Stock,,N,,100,N,,NYSE,FMC,N,FMC,FMC,FMC,FMC
FMX,Fomento Economico Mexicano S.A.B. de C.V. Common Stock,,N,,100,N,,NYSE,FMX,N,FMX,FMX,FMX,FMX
FMY,First Trust Motgage Income Fund Common Shares of Beneficial Interest,,N,,100,N,,NYSE,FMY,N,FMY,FMY,FMY,FMY
FN,Fabrinet Ordinary Shares,,N,,100,N,,NYSE,FN,N,FN,FN,FN,FN
FNB,F.N.B. Corporation Common Stock,,N,,100,N,,NYSE,FNB,N,FNB,FNB,FNB,FNB
FND,"Floor & Decor Holdings, Inc. Common Stock",,N,,100,N,,NYSE,FND,N,FND,FND,FND,FND
FNF,"Fidelity National Financial, Inc. Common Stock",,N,,100,N,,NYSE,FNF,N,FNF,FNF,FNF,FNF
FOA,Finance of America Companies Inc. Class A Common Stock,,N,,100,N,,NYSE,FOA,N,FOA,FOA,FOA,FOA
FOF,"Cohen & Steers Closed-End Opportunity Fund, Inc. Common Stock",,N,,100,N,,NYSE,FOF,N,FOF,FOF,FOF,FOF
FOR,Forestar Group Inc Common Stock ,,N,,100,N,,NYSE,FOR,N,FOR,FOR,FOR,FOR
FPF,First Trust Intermediate Duration Preferred & Income Fund Common Shares of Beneficial Interest,,N,,100,N,,NYSE,FPF,N,FPF,FPF,FPF,FPF
FPH,"Five Point Holdings, LLC Class A Common Shares",,N,,100,N,,NYSE,FPH,N,FPH,FPH,FPH,FPH
FPI,Farmland Partners Inc. Common Stock,,N,,100,N,,NYSE,FPI,N,FPI,FPI,FPI,FPI
FR,"First Industrial Realty Trust, Inc. Common Stock",,N,,100,N,,NYSE,FR,N,FR,FR,FR,FR
FRA,Blackrock Floating Rate Income Strategies Fund Inc  Common Stock,,N,,100,N,,NYSE,FRA,N,FRA,FRA,FRA,FRA
FRGE,"Forge Global Holdings, Inc. Common Stock",,N,,100,N,,NYSE,FRGE,N,FRGE,FRGE,FRGE,FRGE
FRO,Frontline Plc Ordinary Shares,,N,,100,N,,NYSE,FRO,N,FRO,FRO,FRO,FRO
FRT,Federal Realty Investment Trust Common Stock,,N,,100,N,,NYSE,FRT,N,FRT,FRT,FRT,FRT
FSCO,FS Credit Opportunities Corp. Common Stock,,N,,100,N,,NYSE,FSCO,N,FSCO,FSCO,FSCO,FSCO
FSK,FS KKR Capital Corp. Common Stock,,N,,100,N,,NYSE,FSK,N,FSK,FSK,FSK,FSK
FSLY,"Fastly, Inc. Class A Common Stock",,N,,100,N,,NYSE,FSLY,N,FSLY,FSLY,FSLY,FSLY
FSM,Fortuna Mining Corp. Common Shares,,N,,100,N,,NYSE,FSM,N,FSM,FSM,FSM,FSM
FSS,Federal Signal Corporation Common Stock,,N,,100,N,,NYSE,FSS,N,FSS,FSS,FSS,FSS
FT,Franklin Universal Trust Common Stock,,N,,100,N,,NYSE,FT,N,FT,FT,FT,FT
FTHY,First Trust High Yield Opportunities 2027 Term Fund Common Stock,,N,,100,N,,NYSE,FTHY,N,FTHY,FTHY,FTHY,FTHY
FTK,"Flotek Industries, Inc. Common Stock",,N,,100,N,,NYSE,FTK,N,FTK,FTK,FTK,FTK
FTS,Fortis Inc. Common Shares,,N,,100,N,,NYSE,FTS,N,FTS,FTS,FTS,FTS
FTV,Fortive Corporation Common Stock ,,N,,100,N,,NYSE,FTV,N,FTV,FTV,FTV,FTV
FUBO,fuboTV Inc. Common Stock,,N,,100,N,,NYSE,FUBO,N,FUBO,FUBO,FUBO,FUBO
FUL,H. B. Fuller Company Common Stock,,N,,100,N,,NYSE,FUL,N,FUL,FUL,FUL,FUL
FUN,Six Flags Entertainment Corporation Common Stock New,,N,,100,N,,NYSE,FUN,N,FUN,FUN,FUN,FUN
FVR,"FrontView REIT, Inc. Common Stock",,N,,100,N,,NYSE,FVR,N,FVR,FVR,FVR,FVR
G,Genpact Limited Common Stock,,N,,100,N,,NYSE,G,N,G,G,G,G
GAB,"Gabelli Equity Trust, Inc. (The) Common Stock",,N,,100,N,,NYSE,GAB,N,GAB,GAB,GAB,GAB
GAM,"General American Investors, Inc. Common Stock",,N,,100,N,,NYSE,GAM,N,GAM,GAM,GAM,GAM
GAP,"Gap, Inc. (The) Common Stock",,N,,100,N,,NYSE,GAP,N,GAP,GAP,GAP,GAP
GATX,GATX Corporation Common Stock,,N,,100,N,,NYSE,GATX,N,GATX,GATX,GATX,GATX
GBAB,Guggenheim Taxable Municipal Bond & Investment Grade Debt Trust Common Shares of Beneficial Interest,,N,,100,N,,NYSE,GBAB,N,GBAB,GBAB,GBAB,GBAB
GBCI,"Glacier Bancorp, Inc. Common Stock",,N,,100,N,,NYSE,GBCI,N,GBCI,GBCI,GBCI,GBCI
GBLI,"Global Indemnity Group, LLC Class A Common Stock (DE)",,N,,100,N,,NYSE,GBLI,N,GBLI,GBLI,GBLI,GBLI
GBTG,"Global Business Travel Group, Inc. Class A Common Stock",,N,,100,N,,NYSE,GBTG,N,GBTG,GBTG,GBTG,GBTG
GBX,"Greenbrier Companies, Inc. (The) Common Stock",,N,,100,N,,NYSE,GBX,N,GBX,GBX,GBX,GBX
GCI,"Gannett Co., Inc. Common Stock",,N,,100,N,,NYSE,GCI,N,GCI,GCI,GCI,GCI
GCO,Genesco Inc. Common Stock,,N,,100,N,,NYSE,GCO,N,GCO,GCO,GCO,GCO
GCTS,"GCT Semiconductor Holding, Inc. Common Stock",,N,,100,N,,NYSE,GCTS,N,GCTS,GCTS,GCTS,GCTS
GCV,"Gabelli Convertible and Income Securities Fund, Inc. (The) Common Stock",,N,,100,N,,NYSE,GCV,N,GCV,GCV,GCV,GCV
GD,General Dynamics Corporation Common Stock,,N,,100,N,,NYSE,GD,N,GD,GD,GD,GD
GDDY,GoDaddy Inc. Class A Common Stock,,N,,100,N,,NYSE,GDDY,N,GDDY,GDDY,GDDY,GDDY
GDL,"GDL Fund, The Common Shares of Beneficial Interest",,N,,100,N,,NYSE,GDL,N,GDL,GDL,GDL,GDL
GDO,Western Asset Global Corporate Opportunity Fund Inc. Common Stock,,N,,100,N,,NYSE,GDO,N,GDO,GDO,GDO,GDO
GDOT,"Green Dot Corporation Class A Common Stock, $0.001 par value",,N,,100,N,,NYSE,GDOT,N,GDOT,GDOT,GDOT,GDOT
GDV,Gabelli Dividend & Income Trust Common Shares of Beneficial Interest,,N,,100,N,,NYSE,GDV,N,GDV,GDV,GDV,GDV
GE,GE Aerospace Common Stock,,N,,100,N,,NYSE,GE,N,GE,GE,GE,GE
GEF,Greif Inc. Class A Common Stock,,N,,100,N,,NYSE,GEF,N,GEF,GEF,GEF,GEF
GEF.B,"Greif, Inc. Corporation Class B Common Stock",,N,,100,N,,NYSE,GEF.B,N,GEF.B,GEF.B,GEF.B,GEF.B
GENI,Genius Sports Limited Ordinary Shares,,N,,100,N,,NYSE,GENI,N,GENI,GENI,GENI,GENI
GES,"Guess?, Inc. Common Stock",,N,,100,N,,NYSE,GES,N,GES,GES,GES,GES
GETY,"Getty Images Holdings, Inc. Class A Common Stock",,N,,100,N,,NYSE,GETY,N,GETY,GETY,GETY,GETY
GEV,GE Vernova Inc. Common Stock,,N,,100,N,,NYSE,GEV,N,GEV,GEV,GEV,GEV
GF,"New Germany Fund, Inc. (The) Common Stock",,N,,100,N,,NYSE,GF,N,GF,GF,GF,GF
GFF,Griffon Corporation Common Stock,,N,,100,N,,NYSE,GFF,N,GFF,GFF,GFF,GFF
GFR,Greenfire Resources Ltd. Common Shares,,N,,100,N,,NYSE,GFR,N,GFR,GFR,GFR,GFR
GGB,Gerdau S.A. Common Stock,,N,,100,N,,NYSE,GGB,N,GGB,GGB,GGB,GGB
GGG,Graco Inc. Common Stock,,N,,100,N,,NYSE,GGG,N,GGG,GGG,GGG,GGG
GGT,"Gabelli Multi-Media Trust, Inc. (The) Common Stock",,N,,100,N,,NYSE,GGT,N,GGT,GGT,GGT,GGT
GGZ,Gabelli Global Small and Mid Cap Value Trust (The) Common Shares of Beneficial Interest,,N,,100,N,,NYSE,GGZ,N,GGZ,GGZ,GGZ,GGZ
GHC,Graham Holdings Company Common Stock,,N,,100,N,,NYSE,GHC,N,GHC,GHC,GHC,GHC
GHLD,Guild Holdings Company Class A Common Stock,,N,,100,N,,NYSE,GHLD,N,GHLD,GHLD,GHLD,GHLD
GHM,Graham Corporation Common Stock,,N,,100,N,,NYSE,GHM,N,GHM,GHM,GHM,GHM
GIB,CGI Inc. Common Stock,,N,,100,N,,NYSE,GIB,N,GIB,GIB,GIB,GIB
GIC,Global Industrial Company Common Stock,,N,,100,N,,NYSE,GIC,N,GIC,GIC,GIC,GIC
GIL,"Gildan Activewear, Inc. Class A Sub. Vot. Common Stock",,N,,100,N,,NYSE,GIL,N,GIL,GIL,GIL,GIL
GIS,"General Mills, Inc. Common Stock",,N,,100,N,,NYSE,GIS,N,GIS,GIS,GIS,GIS
GKOS,Glaukos Corporation Common Stock,,N,,100,N,,NYSE,GKOS,N,GKOS,GKOS,GKOS,GKOS
GL,Globe Life Inc. Common Stock,,N,,100,N,,NYSE,GL,N,GL,GL,GL,GL
GLOB,Globant S.A. Common Shares,,N,,100,N,,NYSE,GLOB,N,GLOB,GLOB,GLOB,GLOB
GLW,Corning Incorporated Common Stock,,N,,100,N,,NYSE,GLW,N,GLW,GLW,GLW,GLW
GM,General Motors Company Common Stock,,N,,100,N,,NYSE,GM,N,GM,GM,GM,GM
GME,GameStop Corporation Common Stock,,N,,100,N,,NYSE,GME,N,GME,GME,GME,GME
GMED,"Globus Medical, Inc. Class A Common Stock",,N,,100,N,,NYSE,GMED,N,GMED,GMED,GMED,GMED
GMRE,Global Medical REIT Inc. Common Stock,,N,,100,N,,NYSE,GMRE,N,GMRE,GMRE,GMRE,GMRE
GNE,Genie Energy Ltd. Class B Common Stock Stock,,N,,100,N,,NYSE,GNE,N,GNE,GNE,GNE,GNE
GNK,Genco Shipping & Trading Limited Ordinary Shares New (Marshall Islands),,N,,100,N,,NYSE,GNK,N,GNK,GNK,GNK,GNK
GNL,"Global Net Lease, Inc. Common Stock",,N,,100,N,,NYSE,GNL,N,GNL,GNL,GNL,GNL
GNRC,Generac Holdlings Inc. Common Stock,,N,,100,N,,NYSE,GNRC,N,GNRC,GNRC,GNRC,GNRC
GNW,Genworth Financial Inc Common Stock,,N,,100,N,,NYSE,GNW,N,GNW,GNW,GNW,GNW
GOF,Guggenheim Strategic Opportunities Fund Common Shares of Beneficial Interest,,N,,100,N,,NYSE,GOF,N,GOF,GOF,GOF,GOF
GOLF,Acushnet Holdings Corp. Common Stock,,N,,100,N,,NYSE,GOLF,N,GOLF,GOLF,GOLF,GOLF
GPC,Genuine Parts Company Common Stock,,N,,100,N,,NYSE,GPC,N,GPC,GPC,GPC,GPC
GPI,"Group 1 Automotive, Inc. Common Stock",,N,,100,N,,NYSE,GPI,N,GPI,GPI,GPI,GPI
GPMT,Granite Point Mortgage Trust Inc. Common Stock,,N,,100,N,,NYSE,GPMT,N,GPMT,GPMT,GPMT,GPMT
GPN,Global Payments Inc. Common Stock,,N,,100,N,,NYSE,GPN,N,GPN,GPN,GPN,GPN
GPRK,Geopark Ltd Common Shares,,N,,100,N,,NYSE,GPRK,N,GPRK,GPRK,GPRK,GPRK
GRBK,"Green Brick Partners, Inc. Common Stock",,N,,100,N,,NYSE,GRBK,N,GRBK,GRBK,GRBK,GRBK
GRC,Gorman-Rupp Company (The) Common Stock,,N,,100,N,,NYSE,GRC,N,GRC,GRC,GRC,GRC
GRDN,"Guardian Pharmacy Services, Inc. Class A Common Stock",,N,,100,N,,NYSE,GRDN,N,GRDN,GRDN,GRDN,GRDN
GRMN,Garmin Ltd. Common Stock (Switzerland),,N,,100,N,,NYSE,GRMN,N,GRMN,GRMN,GRMN,GRMN
GRND,Grindr Inc. Common Stock,,N,,100,N,,NYSE,GRND,N,GRND,GRND,GRND,GRND
GRNT,"Granite Ridge Resources, Inc. Common Stock",,N,,100,N,,NYSE,GRNT,N,GRNT,GRNT,GRNT,GRNT
GROV,"Grove Collaborative Holdings, Inc. Class A Common Stock",,N,,100,N,,NYSE,GROV,N,GROV,GROV,GROV,GROV
GRX,The Gabelli Healthcare & Wellness Trust Common Shares of Beneficial Interest,,N,,100,N,,NYSE,GRX,N,GRX,GRX,GRX,GRX
GS,"Goldman Sachs Group, Inc. (The) Common Stock",,N,,100,N,,NYSE,GS,N,GS,GS,GS,GS
GSBD,"Goldman Sachs BDC, Inc. Common Stock",,N,,100,N,,NYSE,GSBD,N,GSBD,GSBD,GSBD,GSBD
GSL,Global Ship Lease Inc New Class A Common Shares,,N,,100,N,,NYSE,GSL,N,GSL,GSL,GSL,GSL
GTES,Gates Industrial Corporation plc Ordinary Shares,,N,,100,N,,NYSE,GTES,N,GTES,GTES,GTES,GTES
GTLS,"Chart Industries, Inc. Common Stock",,N,,100,N,,NYSE,GTLS,N,GTLS,GTLS,GTLS,GTLS
GTN,"Gray Media, Inc. Common Stock",,N,,100,N,,NYSE,GTN,N,GTN,GTN,GTN,GTN
GTN.A,"Gray Media, Inc. Class A Common Stock",,N,,100,N,,NYSE,GTN.A,N,GTN.A,GTN.A,GTN.A,GTN.A
GTY,Getty Realty Corporation Common Stock,,N,,100,N,,NYSE,GTY,N,GTY,GTY,GTY,GTY
GUG,Guggenheim Active Allocation Fund Common Shares of Beneficial Interest,,N,,100,N,,NYSE,GUG,N,GUG,GUG,GUG,GUG
GUT,Gabelli Utility Trust (The) Common Stock,,N,,100,N,,NYSE,GUT,N,GUT,GUT,GUT,GUT
GVA,Granite Construction Incorporated Common Stock,,N,,100,N,,NYSE,GVA,N,GVA,GVA,GVA,GVA
GWH,"ESS Tech, Inc. Common Stock",,N,,100,N,,NYSE,GWH,N,GWH,GWH,GWH,GWH
GWRE,"Guidewire Software, Inc. Common Stock",,N,,100,N,,NYSE,GWRE,N,GWRE,GWRE,GWRE,GWRE
GWW,"W.W. Grainger, Inc. Common Stock",,N,,100,N,,NYSE,GWW,N,GWW,GWW,GWW,GWW
GXO,"GXO Logistics, Inc. Common Stock ",,N,,100,N,,NYSE,GXO,N,GXO,GXO,GXO,GXO
H,Hyatt Hotels Corporation Class A Common Stock,,N,,100,N,,NYSE,H,N,H,H,H,H
HAE,Haemonetics Corporation Common Stock,,N,,100,N,,NYSE,HAE,N,HAE,HAE,HAE,HAE
HAFN,Hafnia Limited Common Shares,,N,,100,N,,NYSE,HAFN,N,HAFN,HAFN,HAFN,HAFN
HAL,Halliburton Company Common Stock,,N,,100,N,,NYSE,HAL,N,HAL,HAL,HAL,HAL
HASI,"HA Sustainable Infrastructure Capital, Inc. Common Stock",,N,,100,N,,NYSE,HASI,N,HASI,HASI,HASI,HASI
HBB,Hamilton Beach Brands Holding Company Class A Common Stock ,,N,,100,N,,NYSE,HBB,N,HBB,HBB,HBB,HBB
HBI,Hanesbrands Inc. Common Stock,,N,,100,N,,NYSE,HBI,N,HBI,HBI,HBI,HBI
HBM,Hudbay Minerals Inc. Ordinary Shares (Canada),,N,,100,N,,NYSE,HBM,N,HBM,HBM,HBM,HBM
HCA,"HCA Healthcare, Inc. Common Stock",,N,,100,N,,NYSE,HCA,N,HCA,HCA,HCA,HCA
HCC,"Warrior Met Coal, Inc. Common Stock",,N,,100,N,,NYSE,HCC,N,HCC,HCC,HCC,HCC
HCI,"HCI Group, Inc. Common Stock",,N,,100,N,,NYSE,HCI,N,HCI,HCI,HCI,HCI
HD,"Home Depot, Inc. (The) Common Stock",,N,,100,N,,NYSE,HD,N,HD,HD,HD,HD
HDB,HDFC Bank Limited Common Stock,,N,,100,N,,NYSE,HDB,N,HDB,HDB,HDB,HDB
HE,"Hawaiian Electric Industries, Inc. Common Stock",,N,,100,N,,NYSE,HE,N,HE,HE,HE,HE
HEI,Heico Corporation Common Stock,,N,,100,N,,NYSE,HEI,N,HEI,HEI,HEI,HEI
HEI.A,Heico Corporation Common Stock,,N,,100,N,,NYSE,HEI.A,N,HEI.A,HEI.A,HEI.A,HEI.A
HEQ,John Hancock Diversified Income Fund Common Shares of Beneficial Interest,,N,,100,N,,NYSE,HEQ,N,HEQ,HEQ,HEQ,HEQ
HFRO,Highland Opportunities and Income Fund Common Shares of Beneficial Interest,,N,,100,N,,NYSE,HFRO,N,HFRO,HFRO,HFRO,HFRO
HG,"Hamilton Insurance Group, Ltd. Class B Common Shares",,N,,100,N,,NYSE,HG,N,HG,HG,HG,HG
HGLB,Highland Global Allocation Fund Common Stock,,N,,100,N,,NYSE,HGLB,N,HGLB,HGLB,HGLB,HGLB
HGTY,"Hagerty, Inc. Class A Common Stock",,N,,100,N,,NYSE,HGTY,N,HGTY,HGTY,HGTY,HGTY
HGV,Hilton Grand Vacations Inc. Common Stock ,,N,,100,N,,NYSE,HGV,N,HGV,HGV,HGV,HGV
HHH,Howard Hughes Holdings Inc. Common Stock,,N,,100,N,,NYSE,HHH,N,HHH,HHH,HHH,HHH
HI,Hillenbrand Inc Common Stock,,N,,100,N,,NYSE,HI,N,HI,HI,HI,HI
HIG,"The Hartford Insurance Group, Inc. Common Stock",,N,,100,N,,NYSE,HIG,N,HIG,HIG,HIG,HIG
HII,"Huntington Ingalls Industries, Inc. Common Stock",,N,,100,N,,NYSE,HII,N,HII,HII,HII,HII
HIMS,"Hims & Hers Health, Inc. Class A Common Stock",,N,,100,N,,NYSE,HIMS,N,HIMS,HIMS,HIMS,HIMS
HIO,"Western Asset High Income Opportunity Fund, Inc. Common Stock",,N,,100,N,,NYSE,HIO,N,HIO,HIO,HIO,HIO
HIPO,Hippo Holdings Inc. Common Stock,,N,,100,N,,NYSE,HIPO,N,HIPO,HIPO,HIPO,HIPO
HIW,"Highwoods Properties, Inc. Common Stock",,N,,100,N,,NYSE,HIW,N,HIW,HIW,HIW,HIW
HIX,Western Asset High Income Fund II Inc. Common Stock,,N,,100,N,,NYSE,HIX,N,HIX,HIX,HIX,HIX
HL,Hecla Mining Company Common Stock,,N,,100,N,,NYSE,HL,N,HL,HL,HL,HL
HLF,Herbalife Ltd. Common Shares,,N,,100,N,,NYSE,HLF,N,HLF,HLF,HLF,HLF
HLI,"Houlihan Lokey, Inc. Class A Common Stock",,N,,100,N,,NYSE,HLI,N,HLI,HLI,HLI,HLI
HLIO,"Helios Technologies, Inc. Common Stock",,N,,100,N,,NYSE,HLIO,N,HLIO,HLIO,HLIO,HLIO
HLLY,Holley Inc. Common Stock,,N,,100,N,,NYSE,HLLY,N,HLLY,HLLY,HLLY,HLLY
HLT,Hilton Worldwide Holdings Inc. Common Stock ,,N,,100,N,,NYSE,HLT,N,HLT,HLT,HLT,HLT
HLX,"Helix Energy Solutions Group, Inc. Common Stock",,N,,100,N,,NYSE,HLX,N,HLX,HLX,HLX,HLX
HMC,"Honda Motor Company, Ltd. Common Stock",,N,,100,N,,NYSE,HMC,N,HMC,HMC,HMC,HMC
HMN,Horace Mann Educators Corporation Common Stock,,N,,100,N,,NYSE,HMN,N,HMN,HMN,HMN,HMN
HNGE,"Hinge Health, Inc. Class A Common Stock",,N,,100,N,,NYSE,HNGE,N,HNGE,HNGE,HNGE,HNGE
HNI,HNI Corporation Common Stock,,N,,100,N,,NYSE,HNI,N,HNI,HNI,HNI,HNI
HOG,"Harley-Davidson, Inc. Common Stock",,N,,100,N,,NYSE,HOG,N,HOG,HOG,HOG,HOG
HOMB,"Home BancShares, Inc. Common Stock",,N,,100,N,,NYSE,HOMB,N,HOMB,HOMB,HOMB,HOMB
HOUS,"Anywhere Real Estate Inc. Common Stock,",,N,,100,N,,NYSE,HOUS,N,HOUS,HOUS,HOUS,HOUS
HOV,"Hovnanian Enterprises, Inc. Class A Common Stock",,N,,100,N,,NYSE,HOV,N,HOV,HOV,HOV,HOV
HP,"Helmerich & Payne, Inc. Common Stock",,N,,100,N,,NYSE,HP,N,HP,HP,HP,HP
HPE,Hewlett Packard Enterprise Company Common Stock,,N,,100,N,,NYSE,HPE,N,HPE,HPE,HPE,HPE
HPI,John Hancock Preferred Income Fund Common Shares of Beneficial Interest,,N,,100,N,,NYSE,HPI,N,HPI,HPI,HPI,HPI
HPP,"Hudson Pacific Properties, Inc. Common Stock",,N,,100,N,,NYSE,HPP,N,HPP,HPP,HPP,HPP
HPQ,HP Inc. Common Stock,,N,,100,N,,NYSE,HPQ,N,HPQ,HPQ,HPQ,HPQ
HR,Healthcare Realty Trust Incorporated Common Stock,,N,,100,N,,NYSE,HR,N,HR,HR,HR,HR
HRB,"H&R Block, Inc. Common Stock",,N,,100,N,,NYSE,HRB,N,HRB,HRB,HRB,HRB
HRI,Herc Holdings Inc. Common Stock ,,N,,100,N,,NYSE,HRI,N,HRI,HRI,HRI,HRI
HRL,Hormel Foods Corporation Common Stock,,N,,100,N,,NYSE,HRL,N,HRL,HRL,HRL,HRL
HRTG,"Heritage Insurance Holdings, Inc. Common Stock",,N,,100,N,,NYSE,HRTG,N,HRTG,HRTG,HRTG,HRTG
HSBC,"HSBC Holdings, plc. Common Stock",,N,,100,N,,NYSE,HSBC,N,HSBC,HSBC,HSBC,HSBC
HSHP,Himalaya Shipping Ltd. Common Shares,,N,,100,N,,NYSE,HSHP,N,HSHP,HSHP,HSHP,HSHP
HSY,The Hershey Company Common Stock,,N,,100,N,,NYSE,HSY,N,HSY,HSY,HSY,HSY
HTB,"HomeTrust Bancshares, Inc. Common Stock",,N,,100,N,,NYSE,HTB,N,HTB,HTB,HTB,HTB
HTD,John Hancock Tax Advantaged Dividend Income Fund Common Shares of Beneficial Interest,,N,,100,N,,NYSE,HTD,N,HTD,HTD,HTD,HTD
HTGC,"Hercules Capital, Inc. Common Stock",,N,,100,N,,NYSE,HTGC,N,HTGC,HTGC,HTGC,HTGC
HUBB,Hubbell Inc Common Stock,,N,,100,N,,NYSE,HUBB,N,HUBB,HUBB,HUBB,HUBB
HUBS,"HubSpot, Inc. Common Stock",,N,,100,N,,NYSE,HUBS,N,HUBS,HUBS,HUBS,HUBS
HUM,Humana Inc. Common Stock,,N,,100,N,,NYSE,HUM,N,HUM,HUM,HUM,HUM
HUN,Huntsman Corporation Common Stock,,N,,100,N,,NYSE,HUN,N,HUN,HUN,HUN,HUN
HVT,"Haverty Furniture Companies, Inc. Common Stock",,N,,100,N,,NYSE,HVT,N,HVT,HVT,HVT,HVT
HVT.A,"Haverty Furniture Companies, Inc. Common Stock",,N,,100,N,,NYSE,HVT.A,N,HVT.A,HVT.A,HVT.A,HVT.A
HWM,Howmet Aerospace Inc. Common Stock,,N,,100,N,,NYSE,HWM,N,HWM,HWM,HWM,HWM
HXL,Hexcel Corporation Common Stock,,N,,100,N,,NYSE,HXL,N,HXL,HXL,HXL,HXL
HY,"Hyster-Yale, Inc. Class A common stock",,N,,100,N,,NYSE,HY,N,HY,HY,HY,HY
HYAC,Haymaker Acquisition Corp. 4 Class A Ordinary Shares,,N,,100,N,,NYSE,HYAC,N,HYAC,HYAC,HYAC,HYAC
HYI,Western Asset High Yield Opportunity Fund Inc. Common Stock,,N,,100,N,,NYSE,HYI,N,HYI,HYI,HYI,HYI
HYT,"Blackrock Corporate High Yield Fund, Inc. Common Stock",,N,,100,N,,NYSE,HYT,N,HYT,HYT,HYT,HYT
HZO,"MarineMax, Inc.  (FL) Common Stock",,N,,100,N,,NYSE,HZO,N,HZO,HZO,HZO,HZO
IAE,Voya Asia Pacific High Dividend Equity Income Fund ING Asia Pacific High Dividend Equity Income Fund Common Shares of Beneficial Interest,,N,,100,N,,NYSE,IAE,N,IAE,IAE,IAE,IAE
IAG,Iamgold Corporation Ordinary Shares,,N,,100,N,,NYSE,IAG,N,IAG,IAG,IAG,IAG
IBM,International Business Machines Corporation Common Stock,,N,,100,N,,NYSE,IBM,N,IBM,IBM,IBM,IBM
IBN,ICICI Bank Limited Common Stock,,N,,100,N,,NYSE,IBN,N,IBN,IBN,IBN,IBN
IBP,"Installed Building Products, Inc. Common Stock",,N,,100,N,,NYSE,IBP,N,IBP,IBP,IBP,IBP
IBTA,"Ibotta, Inc. Class A Common Stock",,N,,100,N,,NYSE,IBTA,N,IBTA,IBTA,IBTA,IBTA
ICE,Intercontinental Exchange Inc. Common Stock,,N,,100,N,,NYSE,ICE,N,ICE,ICE,ICE,ICE
ICL,ICL Group Ltd. Ordinary Shares,,N,,100,N,,NYSE,ICL,N,ICL,ICL,ICL,ICL
IDA,"IDACORP, Inc. Common Stock",,N,,100,N,,NYSE,IDA,N,IDA,IDA,IDA,IDA
IDE,"Voya Infrastructure, Industrials and Materials Fund Common Shares of Beneficial Interest",,N,,100,N,,NYSE,IDE,N,IDE,IDE,IDE,IDE
IDT,IDT Corporation Class B Common Stock,,N,,100,N,,NYSE,IDT,N,IDT,IDT,IDT,IDT
IEX,IDEX Corporation Common Stock,,N,,100,N,,NYSE,IEX,N,IEX,IEX,IEX,IEX
IFF,"International Flavors & Fragrances, Inc. Common Stock",,N,,100,N,,NYSE,IFF,N,IFF,IFF,IFF,IFF
IFN,"India Fund, Inc. (The) Common Stock",,N,,100,N,,NYSE,IFN,N,IFN,IFN,IFN,IFN
IFS,Intercorp Financial Services Inc. Common Shares,,N,,100,N,,NYSE,IFS,N,IFS,IFS,IFS,IFS
IGA,Voya Global Advantage and Premium Opportunity Fund Common Shares of Beneficial Interest,,N,,100,N,,NYSE,IGA,N,IGA,IGA,IGA,IGA
IGI,Western Asset Investment Grade Opportunity Trust Inc. Common Stock,,N,,100,N,,NYSE,IGI,N,IGI,IGI,IGI,IGI
IGR,CBRE Global Real Estate Income Fund Common Shares of Beneficial Interest,,N,,100,N,,NYSE,IGR,N,IGR,IGR,IGR,IGR
IHD,Voya Emerging Markets High Income Dividend Equity Fund Common Shares,,N,,100,N,,NYSE,IHD,N,IHD,IHD,IHD,IHD
IHS,IHS Holding Limited Ordinary Shares,,N,,100,N,,NYSE,IHS,N,IHS,IHS,IHS,IHS
IIF,"Morgan Stanley India Investment Fund, Inc. Common Stock",,N,,100,N,,NYSE,IIF,N,IIF,IIF,IIF,IIF
IIIN,"Insteel Industries, Inc. Common Stock",,N,,100,N,,NYSE,IIIN,N,IIIN,IIIN,IIIN,IIIN
IIM,Invesco Value Municipal Income Trust Common Stock,,N,,100,N,,NYSE,IIM,N,IIM,IIM,IIM,IIM
IMAX,Imax Corporation Common Stock,,N,,100,N,,NYSE,IMAX,N,IMAX,IMAX,IMAX,IMAX
INFA,Informatica Inc. Class A Common Stock,,N,,100,N,,NYSE,INFA,N,INFA,INFA,INFA,INFA
ING,"ING Group, N.V. Common Stock",,N,,100,N,,NYSE,ING,N,ING,ING,ING,ING
INGM,Ingram Micro Holding Corporation Common Stock,,N,,100,N,,NYSE,INGM,N,INGM,INGM,INGM,INGM
INN,"Summit Hotel Properties, Inc. Common Stock",,N,,100,N,,NYSE,INN,N,INN,INN,INN,INN
INR,"Infinity Natural Resources, Inc. Class A Common Stock",,N,,100,N,,NYSE,INR,N,INR,INR,INR,INR
INSP,"Inspire Medical Systems, Inc. Common Stock",,N,,100,N,,NYSE,INSP,N,INSP,INSP,INSP,INSP
INVH,Invitation Homes Inc. Common Stock,,N,,100,N,,NYSE,INVH,N,INVH,INVH,INVH,INVH
INVX,"Innovex International, Inc. Common Stock",,N,,100,N,,NYSE,INVX,N,INVX,INVX,INVX,INVX
IONQ,"IonQ, Inc. Common Stock",,N,,100,N,,NYSE,IONQ,N,IONQ,IONQ,IONQ,IONQ
IOT,Samsara Inc. Class A Common Stock,,N,,100,N,,NYSE,IOT,N,IOT,IOT,IOT,IOT
IP,International Paper Company Common Stock,,N,,100,N,,NYSE,IP,N,IP,IP,IP,IP
IPG,"Interpublic Group of Companies, Inc. (The) Common Stock",,N,,100,N,,NYSE,IPG,N,IPG,IPG,IPG,IPG
IPI,"Intrepid Potash, Inc Common Stock",,N,,100,N,,NYSE,IPI,N,IPI,IPI,IPI,IPI
IQI,Invesco Quality Municipal Income Trust Common Stock,,N,,100,N,,NYSE,IQI,N,IQI,IQI,IQI,IQI
IQV,"IQVIA Holdings, Inc. Common Stock",,N,,100,N,,NYSE,IQV,N,IQV,IQV,IQV,IQV
IR,Ingersoll Rand Inc. Common Stock,,N,,100,N,,NYSE,IR,N,IR,IR,IR,IR
IRM,Iron Mountain Incorporated (Delaware)Common Stock REIT,,N,,100,N,,NYSE,IRM,N,IRM,IRM,IRM,IRM
IRT,"Independence Realty Trust, Inc. Common Stock",,N,,100,N,,NYSE,IRT,N,IRT,IRT,IRT,IRT
IT,"Gartner, Inc. Common Stock",,N,,100,N,,NYSE,IT,N,IT,IT,IT,IT
ITT,ITT Inc. Common Stock ,,N,,100,N,,NYSE,ITT,N,ITT,ITT,ITT,ITT
ITW,Illinois Tool Works Inc. Common Stock,,N,,100,N,,NYSE,ITW,N,ITW,ITW,ITW,ITW
IVR,INVESCO MORTGAGE CAPITAL INC Common Stock,,N,,100,N,,NYSE,IVR,N,IVR,IVR,IVR,IVR
IVT,InvenTrust Properties Corp. Common Stock,,N,,100,N,,NYSE,IVT,N,IVT,IVT,IVT,IVT
IVZ,Invesco Ltd Common Stock,,N,,100,N,,NYSE,IVZ,N,IVZ,IVZ,IVZ,IVZ
J,Jacobs Solutions Inc. Common Stock,,N,,100,N,,NYSE,J,N,J,J,J,J
JACS,Jackson Acquisition Company II Class A Ordinary Shares,,N,,100,N,,NYSE,JACS,N,JACS,JACS,JACS,JACS
JBGS,JBG SMITH Properties Common Shares ,,N,,100,N,,NYSE,JBGS,N,JBGS,JBGS,JBGS,JBGS
JBI,"Janus International Group, Inc. Common Stock",,N,,100,N,,NYSE,JBI,N,JBI,JBI,JBI,JBI
JBL,Jabil Inc. Common Stock,,N,,100,N,,NYSE,JBL,N,JBL,JBL,JBL,JBL
JBS,JBS N.V. Class A Common Shares,,N,,100,N,,NYSE,JBS,N,JBS,JBS,JBS,JBS
JBTM,JBT Marel Corporation Common Stock,,N,,100,N,,NYSE,JBTM,N,JBTM,JBTM,JBTM,JBTM
JCE,Nuveen Core Equity Alpha Fund Common Shares of Beneficial Interest,,N,,100,N,,NYSE,JCE,N,JCE,JCE,JCE,JCE
JEF,Jefferies Financial Group Inc. Common Stock,,N,,100,N,,NYSE,JEF,N,JEF,JEF,JEF,JEF
JELD,"JELD-WEN Holding, Inc. Common Stock",,N,,100,N,,NYSE,JELD,N,JELD,JELD,JELD,JELD
JENA,Jena Acquisition Corporation II Class A Ordinary Shares,,N,,100,N,,NYSE,JENA,N,JENA,JENA,JENA,JENA
JFR,Nuveen Floating Rate Income Fund Common Stock,,N,,100,N,,NYSE,JFR,N,JFR,JFR,JFR,JFR
JGH,Nuveen Global High Income Fund Common Shares of Beneficial Interest,,N,,100,N,,NYSE,JGH,N,JGH,JGH,JGH,JGH
JHG,Janus Henderson Group plc Ordinary Shares,,N,,100,N,,NYSE,JHG,N,JHG,JHG,JHG,JHG
JHI,John Hancock Investors Trust Common Stock,,N,,100,N,,NYSE,JHI,N,JHI,JHI,JHI,JHI
JHS,John Hancock Income Securities Trust Common Stock,,N,,100,N,,NYSE,JHS,N,JHS,JHS,JHS,JHS
JHX,James Hardie Industries plc. Ordinary Shares,,N,,100,N,,NYSE,JHX,N,JHX,JHX,JHX,JHX
JILL,"J. Jill, Inc. Common Stock",,N,,100,N,,NYSE,JILL,N,JILL,JILL,JILL,JILL
JLL,Jones Lang LaSalle Incorporated Common Stock,,N,,100,N,,NYSE,JLL,N,JLL,JLL,JLL,JLL
JNJ,Johnson & Johnson Common Stock,,N,,100,N,,NYSE,JNJ,N,JNJ,JNJ,JNJ,JNJ
JOBY,"Joby Aviation, Inc. Common Stock",,N,,100,N,,NYSE,JOBY,N,JOBY,JOBY,JOBY,JOBY
JOE,St. Joe Company (The) Common Stock,,N,,100,N,,NYSE,JOE,N,JOE,JOE,JOE,JOE
JOF,Japan Smaller Capitalization Fund Inc Common Stock,,N,,100,N,,NYSE,JOF,N,JOF,JOF,JOF,JOF
JPM,JP Morgan Chase & Co. Common Stock,,N,,100,N,,NYSE,JPM,N,JPM,JPM,JPM,JPM
JRI,Nuveen Real Asset Income and Growth Fund Common Shares of Beneficial Interest,,N,,100,N,,NYSE,JRI,N,JRI,JRI,JRI,JRI
JRS,Nuveen Real Estate Income Fund Common Shares of Beneficial Interest,,N,,100,N,,NYSE,JRS,N,JRS,JRS,JRS,JRS
JXN,Jackson Financial Inc. Class A Common Stock ,,N,,100,N,,NYSE,JXN,N,JXN,JXN,JXN,JXN
K,Kellanova Common Stock,,N,,100,N,,NYSE,K,N,K,K,K,K
KAI,Kadant Inc Common Stock,,N,,100,N,,NYSE,KAI,N,KAI,KAI,KAI,KAI
KAR,"OPENLANE, Inc. Common Stock",,N,,100,N,,NYSE,KAR,N,KAR,KAR,KAR,KAR
KBDC,"Kayne Anderson BDC, Inc. Common Stock",,N,,100,N,,NYSE,KBDC,N,KBDC,KBDC,KBDC,KBDC
KBH,KB Home Common Stock,,N,,100,N,,NYSE,KBH,N,KBH,KBH,KBH,KBH
KBR,"KBR, Inc. Common Stock",,N,,100,N,,NYSE,KBR,N,KBR,KBR,KBR,KBR
KD,"Kyndryl Holdings, Inc. Common Stock",,N,,100,N,,NYSE,KD,N,KD,KD,KD,KD
KEN,Kenon Holdings Ltd. Ordinary Shares,,N,,100,N,,NYSE,KEN,N,KEN,KEN,KEN,KEN
KEP,Korea Electric Power Corporation Common Stock,,N,,100,N,,NYSE,KEP,N,KEP,KEP,KEP,KEP
KEX,Kirby Corporation Common Stock,,N,,100,N,,NYSE,KEX,N,KEX,KEX,KEX,KEX
KEY,KeyCorp Common Stock,,N,,100,N,,NYSE,KEY,N,KEY,KEY,KEY,KEY
KEYS,Keysight Technologies Inc. Common Stock,,N,,100,N,,NYSE,KEYS,N,KEYS,KEYS,KEYS,KEYS
KF,"Korea Fund, Inc. (The) New Common Stock",,N,,100,N,,NYSE,KF,N,KF,KF,KF,KF
KFRC,"Kforce, Inc. Common Stock",,N,,100,N,,NYSE,KFRC,N,KFRC,KFRC,KFRC,KFRC
KFS,"Kingsway Financial Services, Inc. Common Stock (DE)",,N,,100,N,,NYSE,KFS,N,KFS,KFS,KFS,KFS
KFY,Korn Ferry Common Stock,,N,,100,N,,NYSE,KFY,N,KFY,KFY,KFY,KFY
KGC,Kinross Gold Corporation Common Stock,,N,,100,N,,NYSE,KGC,N,KGC,KGC,KGC,KGC
KGS,"Kodiak Gas Services, Inc. Common Stock",,N,,100,N,,NYSE,KGS,N,KGS,KGS,KGS,KGS
KIM,Kimco Realty Corporation (HC) Common Stock,,N,,100,N,,NYSE,KIM,N,KIM,KIM,KIM,KIM
KIO,KKR Income Opportunities Fund Common Shares,,N,,100,N,,NYSE,KIO,N,KIO,KIO,KIO,KIO
KKR,KKR & Co. Inc. Common Stock,,N,,100,N,,NYSE,KKR,N,KKR,KKR,KKR,KKR
KLC,"KinderCare Learning Companies, Inc. Common Stock",,N,,100,N,,NYSE,KLC,N,KLC,KLC,KLC,KLC
KMI,"Kinder Morgan, Inc. Common Stock",,N,,100,N,,NYSE,KMI,N,KMI,KMI,KMI,KMI
KMT,Kennametal Inc. Common Stock,,N,,100,N,,NYSE,KMT,N,KMT,KMT,KMT,KMT
KN,Knowles Corporation Common Stock,,N,,100,N,,NYSE,KN,N,KN,KN,KN,KN
KNF,Knife Riv Holding Co. Common Stock,,N,,100,N,,NYSE,KNF,N,KNF,KNF,KNF,KNF
KNSL,"Kinsale Capital Group, Inc. Common Stock",,N,,100,N,,NYSE,KNSL,N,KNSL,KNSL,KNSL,KNSL
KNTK,Kinetik Holdings Inc. Class A Common Stock,,N,,100,N,,NYSE,KNTK,N,KNTK,KNTK,KNTK,KNTK
KO,Coca-Cola Company (The) Common Stock,,N,,100,N,,NYSE,KO,N,KO,KO,KO,KO
KOP,Koppers Holdings Inc. Common Stock,,N,,100,N,,NYSE,KOP,N,KOP,KOP,KOP,KOP
KORE,"KORE Group Holdings, Inc. Common Stock",,N,,100,N,,NYSE,KORE,N,KORE,KORE,KORE,KORE
KOS,Kosmos Energy Ltd. Common Shares (DE),,N,,100,N,,NYSE,KOS,N,KOS,KOS,KOS,KOS
KR,Kroger Company (The) Common Stock,,N,,100,N,,NYSE,KR,N,KR,KR,KR,KR
KRC,Kilroy Realty Corporation Common Stock,,N,,100,N,,NYSE,KRC,N,KRC,KRC,KRC,KRC
KREF,KKR Real Estate Finance Trust Inc. Common Stock,,N,,100,N,,NYSE,KREF,N,KREF,KREF,KREF,KREF
KRG,Kite Realty Group Trust Common Stock,,N,,100,N,,NYSE,KRG,N,KRG,KRG,KRG,KRG
KRMN,Karman Holdings Inc. Common Stock,,N,,100,N,,NYSE,KRMN,N,KRMN,KRMN,KRMN,KRMN
KRO,Kronos Worldwide Inc Common Stock,,N,,100,N,,NYSE,KRO,N,KRO,KRO,KRO,KRO
KSS,Kohl's Corporation Common Stock,,N,,100,N,,NYSE,KSS,N,KSS,KSS,KSS,KSS
KT,KT Corporation Common Stock,,N,,100,N,,NYSE,KT,N,KT,KT,KT,KT
KTB,"Kontoor Brands, Inc. Common Stock ",,N,,100,N,,NYSE,KTB,N,KTB,KTB,KTB,KTB
KVUE,Kenvue Inc. Common Stock,,N,,100,N,,NYSE,KVUE,N,KVUE,KVUE,KVUE,KVUE
KVYO,"Klaviyo, Inc. Series A Common Stock",,N,,100,N,,NYSE,KVYO,N,KVYO,KVYO,KVYO,KVYO
KW,Kennedy-Wilson Holdings Inc. Common Stock,,N,,100,N,,NYSE,KW,N,KW,KW,KW,KW
KWR,Quaker Houghton Common Stock,,N,,100,N,,NYSE,KWR,N,KWR,KWR,KWR,KWR
L,Loews Corporation Common Stock,,N,,100,N,,NYSE,L,N,L,L,L,L
LAC,Lithium Americas Corp. Common Shares,,N,,100,N,,NYSE,LAC,N,LAC,LAC,LAC,LAC
LAD,"Lithia Motors, Inc. Common Stock",,N,,100,N,,NYSE,LAD,N,LAD,LAD,LAD,LAD
LANV,Lanvin Group Holdings Limited Ordinary Shares,,N,,100,N,,NYSE,LANV,N,LANV,LANV,LANV,LANV
LAR,Lithium Argentina AG Common Shares,,N,,100,N,,NYSE,LAR,N,LAR,LAR,LAR,LAR
LAW,"CS Disco, Inc. Common Stock",,N,,100,N,,NYSE,LAW,N,LAW,LAW,LAW,LAW
LAZ,"Lazard, Inc. Common Stock",,N,,100,N,,NYSE,LAZ,N,LAZ,LAZ,LAZ,LAZ
LBRT,Liberty Energy Inc. Class A common stock,,N,,100,N,,NYSE,LBRT,N,LBRT,LBRT,LBRT,LBRT
LC,LendingClub Corporation Common Stock,,N,,100,N,,NYSE,LC,N,LC,LC,LC,LC
LDI,"loanDepot, Inc. Class A Common Stock",,N,,100,N,,NYSE,LDI,N,LDI,LDI,LDI,LDI
LDOS,"Leidos Holdings, Inc. Common Stock",,N,,100,N,,NYSE,LDOS,N,LDOS,LDOS,LDOS,LDOS
LEA,Lear Corporation Common Stock,,N,,100,N,,NYSE,LEA,N,LEA,LEA,LEA,LEA
LEG,"Leggett & Platt, Incorporated Common Stock",,N,,100,N,,NYSE,LEG,N,LEG,LEG,LEG,LEG
LEN,Lennar Corporation Class A Common Stock,,N,,100,N,,NYSE,LEN,N,LEN,LEN,LEN,LEN
LEO,"BNY Mellon Strategic Municipals, Inc. Common Stock",,N,,100,N,,NYSE,LEO,N,LEO,LEO,LEO,LEO
LEVI,Levi Strauss & Co Class A Common Stock,,N,,100,N,,NYSE,LEVI,N,LEVI,LEVI,LEVI,LEVI
LFT,"Lument Finance Trust, Inc. Common Stock",,N,,100,N,,NYSE,LFT,N,LFT,LFT,LFT,LFT
LGI,Lazard Global Total Return and Income Fund Common Stock,,N,,100,N,,NYSE,LGI,N,LGI,LGI,LGI,LGI
LH,Labcorp Holdings Inc. Common Stock,,N,,100,N,,NYSE,LH,N,LH,LH,LH,LH
LHX,"L3Harris Technologies, Inc. Common Stock",,N,,100,N,,NYSE,LHX,N,LHX,LHX,LHX,LHX
LII,"Lennox International, Inc. Common Stock",,N,,100,N,,NYSE,LII,N,LII,LII,LII,LII
LION,Lionsgate Studios Corp Common Shares,,N,,100,N,,NYSE,LION,N,LION,LION,LION,LION
LLY,Eli Lilly and Company Common Stock,,N,,100,N,,NYSE,LLY,N,LLY,LLY,LLY,LLY
LMND,"Lemonade, Inc. Common Stock",,N,,100,N,,NYSE,LMND,N,LMND,LMND,LMND,LMND
LMT,Lockheed Martin Corporation Common Stock,,N,,100,N,,NYSE,LMT,N,LMT,LMT,LMT,LMT
LNC,Lincoln National Corporation Common Stock,,N,,100,N,,NYSE,LNC,N,LNC,LNC,LNC,LNC
LNG,"Cheniere Energy, Inc. Common Stock",,N,,100,N,,NYSE,LNG,N,LNG,LNG,LNG,LNG
LNN,Lindsay Corporation Common Stock,,N,,100,N,,NYSE,LNN,N,LNN,LNN,LNN,LNN
LOB,"Live Oak Bancshares, Inc. Common Stock",,N,,100,N,,NYSE,LOB,N,LOB,LOB,LOB,LOB
LOCL,Local Bounti Corporation Common Stock,,N,,100,N,,NYSE,LOCL,N,LOCL,LOCL,LOCL,LOCL
LOW,"Lowe's Companies, Inc. Common Stock",,N,,100,N,,NYSE,LOW,N,LOW,LOW,LOW,LOW
LPG,Dorian LPG Ltd. Common Stock,,N,,100,N,,NYSE,LPG,N,LPG,LPG,LPG,LPG
LPX,Louisiana-Pacific Corporation Common Stock,,N,,100,N,,NYSE,LPX,N,LPX,LPX,LPX,LPX
LRN,"Stride, Inc. Common Stock",,N,,100,N,,NYSE,LRN,N,LRN,LRN,LRN,LRN
LTC,"LTC Properties, Inc. Common Stock",,N,,100,N,,NYSE,LTC,N,LTC,LTC,LTC,LTC
LTH,"Life Time Group Holdings, Inc. Common Stock",,N,,100,N,,NYSE,LTH,N,LTH,LTH,LTH,LTH
LUCK,Lucky Strike Entertainment Corporation Class A Common Stock,,N,,100,N,,NYSE,LUCK,N,LUCK,LUCK,LUCK,LUCK
LUMN,"Lumen Technologies, Inc. Common Stock",,N,,100,N,,NYSE,LUMN,N,LUMN,LUMN,LUMN,LUMN
LUV,Southwest Airlines Company Common Stock,,N,,100,N,,NYSE,LUV,N,LUV,LUV,LUV,LUV
LVS,Las Vegas Sands Corp. Common Stock,,N,,100,N,,NYSE,LVS,N,LVS,LVS,LVS,LVS
LW,"Lamb Weston Holdings, Inc. Common Stock ",,N,,100,N,,NYSE,LW,N,LW,LW,LW,LW
LXP,LXP Industrial Trust Common Stock (Maryland REIT),,N,,100,N,,NYSE,LXP,N,LXP,LXP,LXP,LXP
LXU,"LSB Industries, Inc. Common Stock",,N,,100,N,,NYSE,LXU,N,LXU,LXU,LXU,LXU
LYB,LyondellBasell Industries NV Ordinary Shares Class A (Netherlands),,N,,100,N,,NYSE,LYB,N,LYB,LYB,LYB,LYB
LYV,"Live Nation Entertainment, Inc. Common Stock",,N,,100,N,,NYSE,LYV,N,LYV,LYV,LYV,LYV
LZB,La-Z-Boy Incorporated Common Stock,,N,,100,N,,NYSE,LZB,N,LZB,LZB,LZB,LZB
LZM,Lifezone Metals Limited Ordinary Shares,,N,,100,N,,NYSE,LZM,N,LZM,LZM,LZM,LZM
M,Macy's Inc Common Stock,,N,,100,N,,NYSE,M,N,M,M,M,M
MA,Mastercard Incorporated Common Stock,,N,,100,N,,NYSE,MA,N,MA,MA,MA,MA
MAA,"Mid-America Apartment Communities, Inc. Common Stock",,N,,100,N,,NYSE,MAA,N,MAA,MAA,MAA,MAA
MAC,Macerich Company (The) Common Stock,,N,,100,N,,NYSE,MAC,N,MAC,MAC,MAC,MAC
MAGN,Magnera Corporation Common Stock,,N,,100,N,,NYSE,MAGN,N,MAGN,MAGN,MAGN,MAGN
MAIN,Main Street Capital Corporation Common Stock,,N,,100,N,,NYSE,MAIN,N,MAIN,MAIN,MAIN,MAIN
MAN,ManpowerGroup Common Stock,,N,,100,N,,NYSE,MAN,N,MAN,MAN,MAN,MAN
MAS,Masco Corporation Common Stock,,N,,100,N,,NYSE,MAS,N,MAS,MAS,MAS,MAS
MATV,"Mativ Holdings, Inc. Common Stock",,N,,100,N,,NYSE,MATV,N,MATV,MATV,MATV,MATV
MATX,"Matson, Inc. Common Stock",,N,,100,N,,NYSE,MATX,N,MATX,MATX,MATX,MATX
MAX,"MediaAlpha, Inc. Class A Common Stock",,N,,100,N,,NYSE,MAX,N,MAX,MAX,MAX,MAX
MBC,"MasterBrand, Inc. Common Stock",,N,,100,N,,NYSE,MBC,N,MBC,MBC,MBC,MBC
MBI,MBIA Inc. Common Stock,,N,,100,N,,NYSE,MBI,N,MBI,MBI,MBI,MBI
MC,Moelis & Company Class A Common Stock,,N,,100,N,,NYSE,MC,N,MC,MC,MC,MC
MCB,Metropolitan Bank Holding Corp. Common Stock,,N,,100,N,,NYSE,MCB,N,MCB,MCB,MCB,MCB
MCD,McDonald's Corporation Common Stock,,N,,100,N,,NYSE,MCD,N,MCD,MCD,MCD,MCD
MCI,Barings Corporate Investors Common Stock,,N,,100,N,,NYSE,MCI,N,MCI,MCI,MCI,MCI
MCK,McKesson Corporation Common Stock,,N,,100,N,,NYSE,MCK,N,MCK,MCK,MCK,MCK
MCN,XAI Madison Equity Premium Income Fund Common Shares,,N,,100,N,,NYSE,MCN,N,MCN,MCN,MCN,MCN
MCO,Moody's Corporation Common Stock,,N,,100,N,,NYSE,MCO,N,MCO,MCO,MCO,MCO
MCR,MFS Charter Income Trust Common Stock,,N,,100,N,,NYSE,MCR,N,MCR,MCR,MCR,MCR
MCS,Marcus Corporation (The) Common Stock,,N,,100,N,,NYSE,MCS,N,MCS,MCS,MCS,MCS
MCY,Mercury General Corporation Common Stock,,N,,100,N,,NYSE,MCY,N,MCY,MCY,MCY,MCY
MD,"Pediatrix Medical Group, Inc. Common Stock",,N,,100,N,,NYSE,MD,N,MD,MD,MD,MD
MDT,Medtronic plc. Ordinary Shares,,N,,100,N,,NYSE,MDT,N,MDT,MDT,MDT,MDT
MDU,"MDU Resources Group, Inc. Common Stock (Holding Company)",,N,,100,N,,NYSE,MDU,N,MDU,MDU,MDU,MDU
MDV,"Modiv Industrial, Inc. Class C Common Stock",,N,,100,N,,NYSE,MDV,N,MDV,MDV,MDV,MDV
MEC,"Mayville Engineering Company, Inc. Common Stock",,N,,100,N,,NYSE,MEC,N,MEC,MEC,MEC,MEC
MED,MEDIFAST INC Common Stock,,N,,100,N,,NYSE,MED,N,MED,MED,MED,MED
MEG,"Montrose Environmental Group, Inc. Common Stock",,N,,100,N,,NYSE,MEG,N,MEG,MEG,MEG,MEG
MEGI,NYLI CBRE Global Infrastructure Megatrends Term Fund Common Shares,,N,,100,N,,NYSE,MEGI,N,MEGI,MEGI,MEGI,MEGI
MEI,"Methode Electronics, Inc. Common Stock",,N,,100,N,,NYSE,MEI,N,MEI,MEI,MEI,MEI
MET,"MetLife, Inc. Common Stock",,N,,100,N,,NYSE,MET,N,MET,MET,MET,MET
MFC,Manulife Financial Corporation Common Stock,,N,,100,N,,NYSE,MFC,N,MFC,MFC,MFC,MFC
MFM,MFS Municipal Income Trust Common Stock,,N,,100,N,,NYSE,MFM,N,MFM,MFM,MFM,MFM
MG,Mistras Group Inc Common Stock,,N,,100,N,,NYSE,MG,N,MG,MG,MG,MG
MGA,"Magna International, Inc. Common Stock",,N,,100,N,,NYSE,MGA,N,MGA,MGA,MGA,MGA
MGF,MFS Government Markets Income Trust Common Stock,,N,,100,N,,NYSE,MGF,N,MGF,MGF,MGF,MGF
MGM,MGM Resorts International Common Stock,,N,,100,N,,NYSE,MGM,N,MGM,MGM,MGM,MGM
MGY,Magnolia Oil & Gas Corporation Class A Common Stock,,N,,100,N,,NYSE,MGY,N,MGY,MGY,MGY,MGY
MH,"McGraw Hill, Inc. Common Stock",,N,,100,N,,NYSE,MH,N,MH,MH,MH,MH
MHD,"Blackrock MuniHoldings Fund, Inc. Common Stock",,N,,100,N,,NYSE,MHD,N,MHD,MHD,MHD,MHD
MHF,"Western Asset Municipal High Income Fund, Inc. Common Stock",,N,,100,N,,NYSE,MHF,N,MHF,MHF,MHF,MHF
MHK,"Mohawk Industries, Inc. Common Stock",,N,,100,N,,NYSE,MHK,N,MHK,MHK,MHK,MHK
MHN,"Blackrock MuniHoldings New York Quality Fund, Inc. Common Stock",,N,,100,N,,NYSE,MHN,N,MHN,MHN,MHN,MHN
MHO,"M/I Homes, Inc. Common Stock",,N,,100,N,,NYSE,MHO,N,MHO,MHO,MHO,MHO
MIAX,"Miami International Holdings, Inc. Common Stock",,N,,100,N,,NYSE,MIAX,N,MIAX,MIAX,MIAX,MIAX
MIN,MFS Intermediate Income Trust Common Stock,,N,,100,N,,NYSE,MIN,N,MIN,MIN,MIN,MIN
MIR,"Mirion Technologies, Inc. Class A Common Stock",,N,,100,N,,NYSE,MIR,N,MIR,MIR,MIR,MIR
MITT,"AG Mortgage Investment Trust, Inc. Common Stock",,N,,100,N,,NYSE,MITT,N,MITT,MITT,MITT,MITT
MIY,"Blackrock MuniYield Michigan Quality Fund, Inc. Common Stock",,N,,100,N,,NYSE,MIY,N,MIY,MIY,MIY,MIY
MKC,"McCormick & Company, Incorporated Common Stock",,N,,100,N,,NYSE,MKC,N,MKC,MKC,MKC,MKC
MKC.V,"McCormick & Company, Incorporated Common Stock",,N,,100,N,,NYSE,MKC.V,N,MKC.V,MKC.V,MKC.V,MKC.V
MKL,Markel Group Inc. Common Stock,,N,,10,N,,NYSE,MKL,N,MKL,MKL,MKL,MKL
MLI,"Mueller Industries, Inc. Common Stock",,N,,100,N,,NYSE,MLI,N,MLI,MLI,MLI,MLI
MLM,"Martin Marietta Materials, Inc. Common Stock",,N,,100,N,,NYSE,MLM,N,MLM,MLM,MLM,MLM
MLP,"Maui Land & Pineapple Company, Inc. Common Stock",,N,,100,N,,NYSE,MLP,N,MLP,MLP,MLP,MLP
MLR,"Miller Industries, Inc. Common Stock",,N,,100,N,,NYSE,MLR,N,MLR,MLR,MLR,MLR
MMC,"Marsh & McLennan Companies, Inc. Common Stock",,N,,100,N,,NYSE,MMC,N,MMC,MMC,MMC,MMC
MMD,NYLI MacKay DefinedTerm Muni Opportunities Fund Common Shares,,N,,100,N,,NYSE,MMD,N,MMD,MMD,MMD,MMD
MMI,"Marcus & Millichap, Inc. Common Stock",,N,,100,N,,NYSE,MMI,N,MMI,MMI,MMI,MMI
MMM,3M Company Common Stock,,N,,100,N,,NYSE,MMM,N,MMM,MMM,MMM,MMM
MMS,"Maximus, Inc. Common Stock",,N,,100,N,,NYSE,MMS,N,MMS,MMS,MMS,MMS
MMT,MFS Multimarket Income Trust Common Stock,,N,,100,N,,NYSE,MMT,N,MMT,MMT,MMT,MMT
MMU,"Western Asset Managed Municipals Fund, Inc. Common Stock",,N,,100,N,,NYSE,MMU,N,MMU,MMU,MMU,MMU
MNTN,"MNTN, Inc. Class A Common Stock",,N,,100,N,,NYSE,MNTN,N,MNTN,MNTN,MNTN,MNTN
MOD,Modine Manufacturing Company Common Stock,,N,,100,N,,NYSE,MOD,N,MOD,MOD,MOD,MOD
MODG,Topgolf Callaway Brands Corp. Common Stock,,N,,100,N,,NYSE,MODG,N,MODG,MODG,MODG,MODG
MOG.A,Moog Inc. Class A Common Stock,,N,,100,N,,NYSE,MOG.A,N,MOG.A,MOG.A,MOG.A,MOG.A
MOG.B,Moog Inc. Class B Common Stock,,N,,100,N,,NYSE,MOG.B,N,MOG.B,MOG.B,MOG.B,MOG.B
MOH,Molina Healthcare Inc Common Stock,,N,,100,N,,NYSE,MOH,N,MOH,MOH,MOH,MOH
MOS,Mosaic Company (The) Common Stock,,N,,100,N,,NYSE,MOS,N,MOS,MOS,MOS,MOS
MOV,Movado Group Inc. Common Stock,,N,,100,N,,NYSE,MOV,N,MOV,MOV,MOV,MOV
MP,MP Materials Corp. Common Stock,,N,,100,N,,NYSE,MP,N,MP,MP,MP,MP
MPA,Blackrock MuniYield Pennsylvania Quality Fund Common Stock,,N,,100,N,,NYSE,MPA,N,MPA,MPA,MPA,MPA
MPC,Marathon Petroleum Corporation Common Stock,,N,,100,N,,NYSE,MPC,N,MPC,MPC,MPC,MPC
MPV,Barings Participation Investors Common Stock,,N,,100,N,,NYSE,MPV,N,MPV,MPV,MPV,MPV
MPW,"Medical Properties Trust, Inc. common stock",,N,,100,N,,NYSE,MPW,N,MPW,MPW,MPW,MPW
MPX,Marine Products Corporation Common Stock,,N,,100,N,,NYSE,MPX,N,MPX,MPX,MPX,MPX
MQT,"Blackrock MuniYield Quality Fund II, Inc. Common Stock",,N,,100,N,,NYSE,MQT,N,MQT,MQT,MQT,MQT
MQY,"Blackrock MuniYield Quality Fund, Inc. Common Stock",,N,,100,N,,NYSE,MQY,N,MQY,MQY,MQY,MQY
MRC,MRC Global Inc. Common Stock,,N,,100,N,,NYSE,MRC,N,MRC,MRC,MRC,MRC
MRK,"Merck & Company, Inc. Common Stock (new)",,N,,100,N,,NYSE,MRK,N,MRK,MRK,MRK,MRK
MRP,"Millrose Properties, Inc. Class A Common Stock",,N,,100,N,,NYSE,MRP,N,MRP,MRP,MRP,MRP
MS,Morgan Stanley Common Stock,,N,,100,N,,NYSE,MS,N,MS,MS,MS,MS
MSA,MSA Safety Incorporated Common Stock,,N,,100,N,,NYSE,MSA,N,MSA,MSA,MSA,MSA
MSB,Mesabi Trust Common Stock,,N,,100,N,,NYSE,MSB,N,MSB,MSB,MSB,MSB
MSCI,MSCI Inc. Common Stock,,N,,100,N,,NYSE,MSCI,N,MSCI,MSCI,MSCI,MSCI
MSD,"Morgan Stanley Emerging Markets Debt Fund, Inc. Common Stock",,N,,100,N,,NYSE,MSD,N,MSD,MSD,MSD,MSD
MSDL,Morgan Stanley Direct Lending Fund Common Stock,,N,,100,N,,NYSE,MSDL,N,MSDL,MSDL,MSDL,MSDL
MSGE,Madison Square Garden Entertainment Corp. Class A Common Stock,,N,,100,N,,NYSE,MSGE,N,MSGE,MSGE,MSGE,MSGE
MSGS,Madison Square Garden Sports Corp. Class A Common Stock (New),,N,,100,N,,NYSE,MSGS,N,MSGS,MSGS,MSGS,MSGS
MSI,"Motorola Solutions, Inc. Common Stock",,N,,100,N,,NYSE,MSI,N,MSI,MSI,MSI,MSI
MSIF,"MSC Income Fund, Inc. Common Stock",,N,,100,N,,NYSE,MSIF,N,MSIF,MSIF,MSIF,MSIF
MSM,"MSC Industrial Direct Company, Inc. Common Stock",,N,,100,N,,NYSE,MSM,N,MSM,MSM,MSM,MSM
MTB,M&T Bank Corporation Common Stock,,N,,100,N,,NYSE,MTB,N,MTB,MTB,MTB,MTB
MTD,"Mettler-Toledo International, Inc. Common Stock",,N,,100,N,,NYSE,MTD,N,MTD,MTD,MTD,MTD
MTG,MGIC Investment Corporation Common Stock,,N,,100,N,,NYSE,MTG,N,MTG,MTG,MTG,MTG
MTH,Meritage Homes Corporation Common Stock,,N,,100,N,,NYSE,MTH,N,MTH,MTH,MTH,MTH
MTN,"Vail Resorts, Inc. Common Stock",,N,,100,N,,NYSE,MTN,N,MTN,MTN,MTN,MTN
MTR,Mesa Royalty Trust Common Stock,,N,,100,N,,NYSE,MTR,N,MTR,MTR,MTR,MTR
MTUS,Metallus Inc. Common Shares,,N,,100,N,,NYSE,MTUS,N,MTUS,MTUS,MTUS,MTUS
MTW,"Manitowoc Company, Inc. (The) Common Stock",,N,,100,N,,NYSE,MTW,N,MTW,MTW,MTW,MTW
MTX,Minerals Technologies Inc. Common Stock,,N,,100,N,,NYSE,MTX,N,MTX,MTX,MTX,MTX
MTZ,"MasTec, Inc. Common Stock",,N,,100,N,,NYSE,MTZ,N,MTZ,MTZ,MTZ,MTZ
MUA,"Blackrock MuniAssets Fund, Inc Common Stock",,N,,100,N,,NYSE,MUA,N,MUA,MUA,MUA,MUA
MUC,"Blackrock MuniHoldings California Quality Fund, Inc.  Common Stock",,N,,100,N,,NYSE,MUC,N,MUC,MUC,MUC,MUC
MUE,"Blackrock MuniHoldings Quality Fund II, Inc. Common Stock",,N,,100,N,,NYSE,MUE,N,MUE,MUE,MUE,MUE
MUFG,"Mitsubishi UFJ Financial Group, Inc. Common Stock",,N,,100,N,,NYSE,MUFG,N,MUFG,MUFG,MUFG,MUFG
MUJ,"Blackrock MuniHoldings New Jersey Quality Fund, Inc. Common Stock",,N,,100,N,,NYSE,MUJ,N,MUJ,MUJ,MUJ,MUJ
MUR,Murphy Oil Corporation Common Stock,,N,,100,N,,NYSE,MUR,N,MUR,MUR,MUR,MUR
MUSA,Murphy USA Inc. Common Stock,,N,,100,N,,NYSE,MUSA,N,MUSA,MUSA,MUSA,MUSA
MUX,McEwen Inc. Common Stock,,N,,100,N,,NYSE,MUX,N,MUX,MUX,MUX,MUX
MVF,"Blackrock MuniVest Fund, Inc. Common Stock",,N,,100,N,,NYSE,MVF,N,MVF,MVF,MVF,MVF
MVT,"Blackrock MuniVest Fund II, Inc.  Common Stock",,N,,100,N,,NYSE,MVT,N,MVT,MVT,MVT,MVT
MWA,MUELLER WATER PRODUCTS Common Stock,,N,,100,N,,NYSE,MWA,N,MWA,MWA,MWA,MWA
MX,Magnachip Semiconductor Corporation Common Stock,,N,,100,N,,NYSE,MX,N,MX,MX,MX,MX
MXE,"Mexico Equity and Income Fund, Inc. (The) Common Stock",,N,,100,N,,NYSE,MXE,N,MXE,MXE,MXE,MXE
MXF,"Mexico Fund, Inc. (The) Common Stock",,N,,100,N,,NYSE,MXF,N,MXF,MXF,MXF,MXF
MYD,"Blackrock MuniYield Fund, Inc.  Common Stock",,N,,100,N,,NYSE,MYD,N,MYD,MYD,MYD,MYD
MYE,"Myers Industries, Inc. Common Stock",,N,,100,N,,NYSE,MYE,N,MYE,MYE,MYE,MYE
MYI,"Blackrock MuniYield Quality Fund III, Inc Common Stock",,N,,100,N,,NYSE,MYI,N,MYI,MYI,MYI,MYI
MYN,"Blackrock MuniYield New York Quality Fund, Inc.Common Stock",,N,,100,N,,NYSE,MYN,N,MYN,MYN,MYN,MYN
NABL,"N-able, Inc. Common Stock",,N,,100,N,,NYSE,NABL,N,NABL,NABL,NABL,NABL
NAD,Nuveen Quality Municipal Income Fund Common Stock,,N,,100,N,,NYSE,NAD,N,NAD,NAD,NAD,NAD
NAN,Nuveen New York Quality Municipal Income Fund Common Stock,,N,,100,N,,NYSE,NAN,N,NAN,NAN,NAN,NAN
NAT,Nordic American Tankers Limited Common Stock,,N,,100,N,,NYSE,NAT,N,NAT,NAT,NAT,NAT
NATL,NCR Atleos Corporation Common Stock,,N,,100,N,,NYSE,NATL,N,NATL,NATL,NATL,NATL
NAZ,Nuveen Arizona Quality Municipal Income Fund Common Stock,,N,,100,N,,NYSE,NAZ,N,NAZ,NAZ,NAZ,NAZ
NBB,Nuveen Taxable Municipal Income Fund Common Shares of Beneficial Interest,,N,,100,N,,NYSE,NBB,N,NBB,NBB,NBB,NBB
NBHC,National Bank Holdings Corporation Common Stock,,N,,100,N,,NYSE,NBHC,N,NBHC,NBHC,NBHC,NBHC
NBXG,Neuberger Berman Next Generation Connectivity Fund Inc. Common Stock,,N,,100,N,,NYSE,NBXG,N,NBXG,NBXG,NBXG,NBXG
NC,"NACCO Industries, Inc. Common Stock",,N,,100,N,,NYSE,NC,N,NC,NC,NC,NC
NCDL,Nuveen Churchill Direct Lending Corp. Common Stock,,N,,100,N,,NYSE,NCDL,N,NCDL,NCDL,NCDL,NCDL
NCLH,Norwegian Cruise Line Holdings Ltd. Ordinary Shares,,N,,100,N,,NYSE,NCLH,N,NCLH,NCLH,NCLH,NCLH
NCV,Virtus Convertible & Income Fund Common Shares of Beneficial Interest,,N,,100,N,,NYSE,NCV,N,NCV,NCV,NCV,NCV
NCZ,Virtus Convertible & Income Fund II Common Shares of Beneficial Interest,,N,,100,N,,NYSE,NCZ,N,NCZ,NCZ,NCZ,NCZ
NDMO,Nuveen Dynamic Municipal Opportunities Fund Common Shares of Beneficial Interest,,N,,100,N,,NYSE,NDMO,N,NDMO,NDMO,NDMO,NDMO
NE,Noble Corporation plc A Ordinary Shares,,N,,100,N,,NYSE,NE,N,NE,NE,NE,NE
NEA,Nuveen AMT-Free Quality Municipal Income Fund Common Shares of Beneficial Interest Par Value $.01,,N,,100,N,,NYSE,NEA,N,NEA,NEA,NEA,NEA
NEE,"NextEra Energy, Inc. Common Stock",,N,,100,N,,NYSE,NEE,N,NEE,NEE,NEE,NEE
NET,"Cloudflare, Inc. Class A Common Stock",,N,,100,N,,NYSE,NET,N,NET,NET,NET,NET
NEU,NewMarket Corp Common Stock,,N,,100,N,,NYSE,NEU,N,NEU,NEU,NEU,NEU
NEXA,Nexa Resources S.A. Common Shares,,N,,100,N,,NYSE,NEXA,N,NEXA,NEXA,NEXA,NEXA
NFG,National Fuel Gas Company Common Stock,,N,,100,N,,NYSE,NFG,N,NFG,NFG,NFG,NFG
NFJ,"Virtus Dividend, Interest & Premium Strategy Fund Common Shares of Beneficial Interest",,N,,100,N,,NYSE,NFJ,N,NFJ,NFJ,NFJ,NFJ
NGS,"Natural Gas Services Group, Inc. Common Stock",,N,,100,N,,NYSE,NGS,N,NGS,NGS,NGS,NGS
NGVC,"Natural Grocers by Vitamin Cottage, Inc. Common Stock",,N,,100,N,,NYSE,NGVC,N,NGVC,NGVC,NGVC,NGVC
NGVT,Ingevity Corporation Common Stock ,,N,,100,N,,NYSE,NGVT,N,NGVT,NGVT,NGVT,NGVT
NHI,"National Health Investors, Inc. Common Stock",,N,,100,N,,NYSE,NHI,N,NHI,NHI,NHI,NHI
NI,NiSource Inc Common Stock,,N,,100,N,,NYSE,NI,N,NI,NI,NI,NI
NIC,Nicolet Bankshares Inc. Common Stock,,N,,100,N,,NYSE,NIC,N,NIC,NIC,NIC,NIC
NIE,Virtus Equity & Convertible Income Fund Common Shares of Beneficial Interest,,N,,100,N,,NYSE,NIE,N,NIE,NIE,NIE,NIE
NIM,Nuveen Select Maturities Municipal Fund Common Stock,,N,,100,N,,NYSE,NIM,N,NIM,NIM,NIM,NIM
NINE,"Nine Energy Service, Inc. Common Stock",,N,,100,N,,NYSE,NINE,N,NINE,NINE,NINE,NINE
NIQ,NIQ Global Intelligence plc Ordinary Shares,,N,,100,N,,NYSE,NIQ,N,NIQ,NIQ,NIQ,NIQ
NJR,NewJersey Resources Corporation Common Stock,,N,,100,N,,NYSE,NJR,N,NJR,NJR,NJR,NJR
NKE,"Nike, Inc. Common Stock",,N,,100,N,,NYSE,NKE,N,NKE,NKE,NKE,NKE
NL,"NL Industries, Inc. Common Stock",,N,,100,N,,NYSE,NL,N,NL,NL,NL,NL
NLOP,Net Lease Office Properties Common Shares of Beneficial Interest,,N,,100,N,,NYSE,NLOP,N,NLOP,NLOP,NLOP,NLOP
NLY,Annaly Capital Management Inc. Common Stock,,N,,100,N,,NYSE,NLY,N,NLY,NLY,NLY,NLY
NMAI,Nuveen Multi-Asset Income Fund Common Shares of Beneficial Interest,,N,,100,N,,NYSE,NMAI,N,NMAI,NMAI,NMAI,NMAI
NMAX,"Newsmax, Inc. Class B Common Stock",,N,,100,N,,NYSE,NMAX,N,NMAX,NMAX,NMAX,NMAX
NMCO,Nuveen Municipal Credit Opportunities Fund Common Shares,,N,,100,N,,NYSE,NMCO,N,NMCO,NMCO,NMCO,NMCO
NMG,Nouveau Monde Graphite Inc. Common Shares,,N,,100,N,,NYSE,NMG,N,NMG,NMG,NMG,NMG
NMI,"Nuveen Municipal Income Fund, Inc. Common Stock",,N,,100,N,,NYSE,NMI,N,NMI,NMI,NMI,NMI
NMT,Nuveen Massachusetts Quality Municipal Income Fund Common Stock,,N,,100,N,,NYSE,NMT,N,NMT,NMT,NMT,NMT
NMZ,"Nuveen Municipal High Income Opportunity Fund Common Stock, $0.01 par value, per share",,N,,100,N,,NYSE,NMZ,N,NMZ,NMZ,NMZ,NMZ
NNI,"Nelnet, Inc. Common Stock",,N,,100,N,,NYSE,NNI,N,NNI,NNI,NNI,NNI
NNN,"NNN REIT, Inc. Common Stock",,N,,100,N,,NYSE,NNN,N,NNN,NNN,NNN,NNN
NNY,Nuveen New York Municipal Value Fund Common Stock,,N,,100,N,,NYSE,NNY,N,NNY,NNY,NNY,NNY
NOA,North American Construction Group Ltd. Common Shares (no par),,N,,100,N,,NYSE,NOA,N,NOA,NOA,NOA,NOA
NOC,Northrop Grumman Corporation Common Stock,,N,,100,N,,NYSE,NOC,N,NOC,NOC,NOC,NOC
NOG,"Northern Oil and Gas, Inc. Common Stock",,N,,100,N,,NYSE,NOG,N,NOG,NOG,NOG,NOG
NOMD,Nomad Foods Limited Ordinary Shares,,N,,100,N,,NYSE,NOMD,N,NOMD,NOMD,NOMD,NOMD
NOTE,"FiscalNote Holdings, Inc. Class A common stock",,N,,100,N,,NYSE,NOTE,N,NOTE,NOTE,NOTE,NOTE
NOV,NOV Inc. Common Stock,,N,,100,N,,NYSE,NOV,N,NOV,NOV,NOV,NOV
NOW,"ServiceNow, Inc. Common Stock",,N,,100,N,,NYSE,NOW,N,NOW,NOW,NOW,NOW
NP,Neptune Insurance Holdings Inc. Class A Common Stock,,N,,100,N,,NYSE,NP,N,NP,NP,NP,NP
NPB,"Northpointe Bancshares, Inc. Common Stock",,N,,100,N,,NYSE,NPB,N,NPB,NPB,NPB,NPB
NPCT,Nuveen Core Plus Impact Fund Common Shares of Beneficial Interest,,N,,100,N,,NYSE,NPCT,N,NPCT,NPCT,NPCT,NPCT
NPFD,Nuveen Variable Rate Preferred & Income Fund Common Shares,,N,,100,N,,NYSE,NPFD,N,NPFD,NPFD,NPFD,NPFD
NPK,"National Presto Industries, Inc. Common Stock",,N,,100,N,,NYSE,NPK,N,NPK,NPK,NPK,NPK
NPKI,NPK International Inc. Common Stock,,N,,100,N,,NYSE,NPKI,N,NPKI,NPKI,NPKI,NPKI
NPO,Enpro Inc. Common Stock,,N,,100,N,,NYSE,NPO,N,NPO,NPO,NPO,NPO
NPV,Nuveen Virginia Quality Municipal Income Fund Common Stock,,N,,100,N,,NYSE,NPV,N,NPV,NPV,NPV,NPV
NQP,Nuveen Pennsylvania Quality Municipal Income Fund Common Stock,,N,,100,N,,NYSE,NQP,N,NQP,NQP,NQP,NQP
NRDY,Nerdy Inc. Class A Common Stock,,N,,100,N,,NYSE,NRDY,N,NRDY,NRDY,NRDY,NRDY
NREF,"NexPoint Real Estate Finance, Inc. Common Stock",,N,,100,N,,NYSE,NREF,N,NREF,NREF,NREF,NREF
NRG,"NRG Energy, Inc. Common Stock",,N,,100,N,,NYSE,NRG,N,NRG,NRG,NRG,NRG
NRGV,"Energy Vault Holdings, Inc. Common Stock",,N,,100,N,,NYSE,NRGV,N,NRGV,NRGV,NRGV,NRGV
NRT,North European Oil Royality Trust Common Stock,,N,,100,N,,NYSE,NRT,N,NRT,NRT,NRT,NRT
NSA,National Storage Affiliates Trust Common Shares of Beneficial Interest,,N,,100,N,,NYSE,NSA,N,NSA,NSA,NSA,NSA
NSC,Norfolk Southern Corporation Common Stock,,N,,100,N,,NYSE,NSC,N,NSC,NSC,NSC,NSC
NSP,"Insperity, Inc. Common Stock",,N,,100,N,,NYSE,NSP,N,NSP,NSP,NSP,NSP
NTB,Bank of N.T. Butterfield & Son Limited (The) Voting Ordinary Shares,,N,,100,N,,NYSE,NTB,N,NTB,NTB,NTB,NTB
NTR,Nutrien Ltd. Common Shares,,N,,100,N,,NYSE,NTR,N,NTR,NTR,NTR,NTR
NTST,NetSTREIT Corp. Common Stock,,N,,100,N,,NYSE,NTST,N,NTST,NTST,NTST,NTST
NU,Nu Holdings Ltd. Class A Ordinary Shares,,N,,100,N,,NYSE,NU,N,NU,NU,NU,NU
NUE,Nucor Corporation Common Stock,,N,,100,N,,NYSE,NUE,N,NUE,NUE,NUE,NUE
NUS,"Nu Skin Enterprises, Inc. Common Stock",,N,,100,N,,NYSE,NUS,N,NUS,NUS,NUS,NUS
NUV,"Nuveen Municipal Value Fund, Inc. Common Stock",,N,,100,N,,NYSE,NUV,N,NUV,NUV,NUV,NUV
NUVB,Nuvation Bio Inc. Class A Common Stock,,N,,100,N,,NYSE,NUVB,N,NUVB,NUVB,NUVB,NUVB
NVGS,Navigator Holdings Ltd. Ordinary Shares (Marshall Islands),,N,,100,N,,NYSE,NVGS,N,NVGS,NVGS,NVGS,NVGS
NVO,Novo Nordisk A/S Common Stock,,N,,100,N,,NYSE,NVO,N,NVO,NVO,NVO,NVO
NVR,"NVR, Inc. Common Stock",,N,,10,N,,NYSE,NVR,N,NVR,NVR,NVR,NVR
NVRI,Enviri Corporation Common Stock,,N,,100,N,,NYSE,NVRI,N,NVRI,NVRI,NVRI,NVRI
NVS,Novartis AG Common Stock,,N,,100,N,,NYSE,NVS,N,NVS,NVS,NVS,NVS
NVST,Envista Holdings Corporation Common Stock,,N,,100,N,,NYSE,NVST,N,NVST,NVST,NVST,NVST
NVT,nVent Electric plc Ordinary Shares ,,N,,100,N,,NYSE,NVT,N,NVT,NVT,NVT,NVT
NWN,Northwest Natural Holding Company Common Stock,,N,,100,N,,NYSE,NWN,N,NWN,NWN,NWN,NWN
NX,Quanex Building Products Corporation Common Stock,,N,,100,N,,NYSE,NX,N,NX,NX,NX,NX
NXC,Nuveen California Select Tax-Free Income Portfolio Common Stock,,N,,100,N,,NYSE,NXC,N,NXC,NXC,NXC,NXC
NXDT,NexPoint Diversified Real Estate Trust Common Stock,,N,,100,N,,NYSE,NXDT,N,NXDT,NXDT,NXDT,NXDT
NXE,Nexgen Energy Ltd. Common Shares,,N,,100,N,,NYSE,NXE,N,NXE,NXE,NXE,NXE
NXG,NXG NextGen Infrastructure Income Fund Common Shares of Beneficial Interest,,N,,100,N,,NYSE,NXG,N,NXG,NXG,NXG,NXG
NXN,Nuveen New York Select Tax-Free Income Portfolio Common Stock,,N,,100,N,,NYSE,NXN,N,NXN,NXN,NXN,NXN
NXP,Nuveen Select Tax Free Income Portfolio Common Stock,,N,,100,N,,NYSE,NXP,N,NXP,NXP,NXP,NXP
NXRT,"NexPoint Residential Trust, Inc. Common Stock",,N,,100,N,,NYSE,NXRT,N,NXRT,NXRT,NXRT,NXRT
NYC,American Strategic Investment Co. Class A Common Stock,,N,,100,N,,NYSE,NYC,N,NYC,NYC,NYC,NYC
NYT,New York Times Company (The) Common Stock,,N,,100,N,,NYSE,NYT,N,NYT,NYT,NYT,NYT
O,Realty Income Corporation Common Stock,,N,,100,N,,NYSE,O,N,O,O,O,O
OBDC,Blue Owl Capital Corporation Common Stock,,N,,100,N,,NYSE,OBDC,N,OBDC,OBDC,OBDC,OBDC
OBK,"Origin Bancorp, Inc. Common Stock",,N,,100,N,,NYSE,OBK,N,OBK,OBK,OBK,OBK
OC,Owens Corning Inc Common Stock New,,N,,100,N,,NYSE,OC,N,OC,OC,OC,OC
ODC,Oil-Dri Corporation Of America Common Stock,,N,,100,N,,NYSE,ODC,N,ODC,ODC,ODC,ODC
ODV,Osisko Development Corp. Common Shares,,N,,100,N,,NYSE,ODV,N,ODV,ODV,ODV,ODV
OEC,Orion S.A. Common Shares,,N,,100,N,,NYSE,OEC,N,OEC,OEC,OEC,OEC
OFG,OFG Bancorp Common Stock,,N,,100,N,,NYSE,OFG,N,OFG,OFG,OFG,OFG
OGE,OGE Energy Corp Common Stock,,N,,100,N,,NYSE,OGE,N,OGE,OGE,OGE,OGE
OGN,Organon & Co. Common Stock ,,N,,100,N,,NYSE,OGN,N,OGN,OGN,OGN,OGN
OGS,"ONE Gas, Inc. Common Stock",,N,,100,N,,NYSE,OGS,N,OGS,OGS,OGS,OGS
OHI,"Omega Healthcare Investors, Inc. Common Stock",,N,,100,N,,NYSE,OHI,N,OHI,OHI,OHI,OHI
OI,"O-I Glass, Inc. Common Stock",,N,,100,N,,NYSE,OI,N,OI,OI,OI,OI
OIA,Invesco Municipal Income Opportunities Trust Common Stock,,N,,100,N,,NYSE,OIA,N,OIA,OIA,OIA,OIA
OII,"Oceaneering International, Inc. Common Stock",,N,,100,N,,NYSE,OII,N,OII,OII,OII,OII
OIS,"Oil States International, Inc. Common Stock",,N,,100,N,,NYSE,OIS,N,OIS,OIS,OIS,OIS
OKE,"ONEOK, Inc. Common Stock",,N,,100,N,,NYSE,OKE,N,OKE,OKE,OKE,OKE
OKLO,Oklo Inc. Class A common stock,,N,,100,N,,NYSE,OKLO,N,OKLO,OKLO,OKLO,OKLO
OLN,Olin Corporation Common Stock,,N,,100,N,,NYSE,OLN,N,OLN,OLN,OLN,OLN
OLP,"One Liberty Properties, Inc. Common Stock",,N,,100,N,,NYSE,OLP,N,OLP,OLP,OLP,OLP
OMC,Omnicom Group Inc. Common Stock,,N,,100,N,,NYSE,OMC,N,OMC,OMC,OMC,OMC
OMF,"OneMain Holdings, Inc. Common Stock",,N,,100,N,,NYSE,OMF,N,OMF,OMF,OMF,OMF
OMI,"Owens & Minor, Inc. Common Stock",,N,,100,N,,NYSE,OMI,N,OMI,OMI,OMI,OMI
ONIT,Onity Group Inc. Common Stock,,N,,100,N,,NYSE,ONIT,N,ONIT,ONIT,ONIT,ONIT
ONL,Orion Properties Inc. Common Stock,,N,,100,N,,NYSE,ONL,N,ONL,ONL,ONL,ONL
ONON,On Holding AG Class A Ordinary Shares,,N,,100,N,,NYSE,ONON,N,ONON,ONON,ONON,ONON
ONTF,"ON24, Inc. Common Stock",,N,,100,N,,NYSE,ONTF,N,ONTF,ONTF,ONTF,ONTF
ONTO,Onto Innovation Inc. Common Stock,,N,,100,N,,NYSE,ONTO,N,ONTO,ONTO,ONTO,ONTO
OOMA,"Ooma, Inc. Common Stock",,N,,100,N,,NYSE,OOMA,N,OOMA,OOMA,OOMA,OOMA
OPAD,Offerpad Solutions Inc. Class A Common Stock,,N,,100,N,,NYSE,OPAD,N,OPAD,OPAD,OPAD,OPAD
OPFI,OppFi Inc. Class A Common Stock,,N,,100,N,,NYSE,OPFI,N,OPFI,OPFI,OPFI,OPFI
OPP,"RiverNorth/DoubleLine Strategic Opportunity Fund, Inc. Common Stock",,N,,100,N,,NYSE,OPP,N,OPP,OPP,OPP,OPP
OPY,"Oppenheimer Holdings, Inc. Class A Common Stock (DE)",,N,,100,N,,NYSE,OPY,N,OPY,OPY,OPY,OPY
OR,OR Royalties Inc. Common Shares,,N,,100,N,,NYSE,OR,N,OR,OR,OR,OR
ORA,"Ormat Technologies, Inc. Common Stock",,N,,100,N,,NYSE,ORA,N,ORA,ORA,ORA,ORA
ORC,"Orchid Island Capital, Inc. Common Stock",,N,,100,N,,NYSE,ORC,N,ORC,ORC,ORC,ORC
ORCL,Oracle Corporation Common Stock,,N,,100,N,,NYSE,ORCL,N,ORCL,ORCL,ORCL,ORCL
ORI,Old Republic International Corporation Common Stock,,N,,100,N,,NYSE,ORI,N,ORI,ORI,ORI,ORI
OSK,Oshkosh Corporation (Holding Company)Common Stock,,N,,100,N,,NYSE,OSK,N,OSK,OSK,OSK,OSK
OTF,Blue Owl Technology Finance Corp. Common Stock,,N,,100,N,,NYSE,OTF,N,OTF,OTF,OTF,OTF
OTIS,Otis Worldwide Corporation Common Stock ,,N,,100,N,,NYSE,OTIS,N,OTIS,OTIS,OTIS,OTIS
OUT,OUTFRONT Media Inc. Common Stock,,N,,100,N,,NYSE,OUT,N,OUT,OUT,OUT,OUT
OWL,Blue Owl Capital Inc. Class A Common Stock,,N,,100,N,,NYSE,OWL,N,OWL,OWL,OWL,OWL
OWLT,"Owlet, Inc. Class A Common Stock",,N,,100,N,,NYSE,OWLT,N,OWLT,OWLT,OWLT,OWLT
OXM,"Oxford Industries, Inc. Common Stock",,N,,100,N,,NYSE,OXM,N,OXM,OXM,OXM,OXM
OXY,Occidental Petroleum Corporation Common Stock,,N,,100,N,,NYSE,OXY,N,OXY,OXY,OXY,OXY
PAAS,Pan American Silver Corp. Common Stock,,N,,100,N,,NYSE,PAAS,N,PAAS,PAAS,PAAS,PAAS
PACK,Ranpak Holdings Corp Class A Common Stock,,N,,100,N,,NYSE,PACK,N,PACK,PACK,PACK,PACK
PACS,"PACS Group, Inc. Common Stock",,N,,100,N,,NYSE,PACS,N,PACS,PACS,PACS,PACS
PAG,"Penske Automotive Group, Inc. Common Stock",,N,,100,N,,NYSE,PAG,N,PAG,PAG,PAG,PAG
PAGS,PagSeguro Digital Ltd. Class A Common Shares,,N,,100,N,,NYSE,PAGS,N,PAGS,PAGS,PAGS,PAGS
PAII,Pyrophyte Acquisition Corp. II Class A Ordinary Shares,,N,,100,N,,NYSE,PAII,N,PAII,PAII,PAII,PAII
PAR,PAR Technology Corporation Common Stock,,N,,100,N,,NYSE,PAR,N,PAR,PAR,PAR,PAR
PATH,"UiPath, Inc. Class A Common Stock",,N,,100,N,,NYSE,PATH,N,PATH,PATH,PATH,PATH
PAXS,PIMCO Access Income Fund Common Shares of Beneficial Interest,,N,,100,N,,NYSE,PAXS,N,PAXS,PAXS,PAXS,PAXS
PAY,"Paymentus Holdings, Inc. Class A Common Stock",,N,,100,N,,NYSE,PAY,N,PAY,PAY,PAY,PAY
PAYC,"Paycom Software, Inc. Common Stock",,N,,100,N,,NYSE,PAYC,N,PAYC,PAYC,PAYC,PAYC
PB,"Prosperity Bancshares, Inc. Common Stock",,N,,100,N,,NYSE,PB,N,PB,PB,PB,PB
PBA,Pembina Pipeline Corp. Ordinary Shares (Canada),,N,,100,N,,NYSE,PBA,N,PBA,PBA,PBA,PBA
PBF,PBF Energy Inc. Class A Common Stock,,N,,100,N,,NYSE,PBF,N,PBF,PBF,PBF,PBF
PBH,Prestige Consumer Healthcare Inc. Common Stock,,N,,100,N,,NYSE,PBH,N,PBH,PBH,PBH,PBH
PBI,Pitney Bowes Inc. Common Stock,,N,,100,N,,NYSE,PBI,N,PBI,PBI,PBI,PBI
PBT,Permian Basin Royalty Trust Common Stock,,N,,100,N,,NYSE,PBT,N,PBT,PBT,PBT,PBT
PCF,High Income Securities Fund Common Stock,,N,,100,N,,NYSE,PCF,N,PCF,PCF,PCF,PCF
PCG,Pacific Gas & Electric Co. Common Stock,,N,,100,N,,NYSE,PCG,N,PCG,PCG,PCG,PCG
PCM,"PCM Fund, Inc. Common Stock",,N,,100,N,,NYSE,PCM,N,PCM,PCM,PCM,PCM
PCN,Pimco Corporate & Income Strategy Fund Common Stock,,N,,100,N,,NYSE,PCN,N,PCN,PCN,PCN,PCN
PCQ,PIMCO California Municipal Income Fund Common Stock,,N,,100,N,,NYSE,PCQ,N,PCQ,PCQ,PCQ,PCQ
PD,"PagerDuty, Inc. Common Stock",,N,,100,N,,NYSE,PD,N,PD,PD,PD,PD
PDCC,Pearl Diver Credit Company Inc. Common Stock,,N,,100,N,,NYSE,PDCC,N,PDCC,PDCC,PDCC,PDCC
PDI,PIMCO Dynamic Income Fund Common Stock,,N,,100,N,,NYSE,PDI,N,PDI,PDI,PDI,PDI
PDM,"Piedmont Realty Trust, Inc. Class A Common Stock",,N,,100,N,,NYSE,PDM,N,PDM,PDM,PDM,PDM
PDO,PIMCO Dynamic Income Opportunities Fund Common Shares of Beneficial Interest,,N,,100,N,,NYSE,PDO,N,PDO,PDO,PDO,PDO
PDS,Precision Drilling Corporation Common Stock,,N,,100,N,,NYSE,PDS,N,PDS,PDS,PDS,PDS
PDX,PIMCO Dynamic Income Strategy Fund Common Shares of Beneficial Interest,,N,,100,N,,NYSE,PDX,N,PDX,PDX,PDX,PDX
PEB,Pebblebrook Hotel Trust Common Shares of Beneficial Interest,,N,,100,N,,NYSE,PEB,N,PEB,PEB,PEB,PEB
PEG,Public Service Enterprise Group Incorporated Common Stock,,N,,100,N,,NYSE,PEG,N,PEG,PEG,PEG,PEG
PEN,"Penumbra, Inc. Common Stock",,N,,100,N,,NYSE,PEN,N,PEN,PEN,PEN,PEN
PEO,"Adams Natural Resources Fund, Inc. Common Stock",,N,,100,N,,NYSE,PEO,N,PEO,PEO,PEO,PEO
PERF,Perfect Corp. Class A Ordinary Share,,N,,100,N,,NYSE,PERF,N,PERF,PERF,PERF,PERF
PEW,GrabAGun Digital Holdings Inc. Common Stock,,N,,100,N,,NYSE,PEW,N,PEW,PEW,PEW,PEW
PFE,"Pfizer, Inc. Common Stock",,N,,100,N,,NYSE,PFE,N,PFE,PFE,PFE,PFE
PFGC,Performance Food Group Company Common Stock,,N,,100,N,,NYSE,PFGC,N,PFGC,PFGC,PFGC,PFGC
PFLT,PennantPark Floating Rate Capital Ltd. Common Stock,,N,,100,N,,NYSE,PFLT,N,PFLT,PFLT,PFLT,PFLT
PFS,"Provident Financial Services, Inc Common Stock",,N,,100,N,,NYSE,PFS,N,PFS,PFS,PFS,PFS
PFSI,"PennyMac Financial Services, Inc. Common Stock",,N,,100,N,,NYSE,PFSI,N,PFSI,PFSI,PFSI,PFSI
PG,Procter & Gamble Company (The) Common Stock,,N,,100,N,,NYSE,PG,N,PG,PG,PG,PG
PGP,Pimco Global StocksPlus & Income Fund Common Shares of Beneficial Interest,,N,,100,N,,NYSE,PGP,N,PGP,PGP,PGP,PGP
PGR,Progressive Corporation (The) Common Stock,,N,,100,N,,NYSE,PGR,N,PGR,PGR,PGR,PGR
PGRE,"Paramount Group, Inc. Common Stock",,N,,100,N,,NYSE,PGRE,N,PGRE,PGRE,PGRE,PGRE
PGZ,Principal Real Estate Income Fund Common Shares of Beneficial Interest,,N,,100,N,,NYSE,PGZ,N,PGZ,PGZ,PGZ,PGZ
PH,Parker-Hannifin Corporation Common Stock,,N,,100,N,,NYSE,PH,N,PH,PH,PH,PH
PHIN,PHINIA Inc. Common Stock,,N,,100,N,,NYSE,PHIN,N,PHIN,PHIN,PHIN,PHIN
PHM,"PulteGroup, Inc. Common Stock",,N,,100,N,,NYSE,PHM,N,PHM,PHM,PHM,PHM
PHR,"Phreesia, Inc. Common Stock",,N,,100,N,,NYSE,PHR,N,PHR,PHR,PHR,PHR
PII,Polaris Inc. Common Stock,,N,,100,N,,NYSE,PII,N,PII,PII,PII,PII
PIM,Putnam Master Intermediate Income Trust Common Stock,,N,,100,N,,NYSE,PIM,N,PIM,PIM,PIM,PIM
PINE,"Alpine Income Property Trust, Inc. Common Stock",,N,,100,N,,NYSE,PINE,N,PINE,PINE,PINE,PINE
PINS,"Pinterest, Inc. Class A Common Stock",,N,,100,N,,NYSE,PINS,N,PINS,PINS,PINS,PINS
PJT,PJT Partners Inc. Class A Common Stock,,N,,100,N,,NYSE,PJT,N,PJT,PJT,PJT,PJT
PK,Park Hotels & Resorts Inc. Common Stock ,,N,,100,N,,NYSE,PK,N,PK,PK,PK,PK
PKE,Park Aerospace Corp. Common Stock,,N,,100,N,,NYSE,PKE,N,PKE,PKE,PKE,PKE
PKG,Packaging Corporation of America Common Stock,,N,,100,N,,NYSE,PKG,N,PKG,PKG,PKG,PKG
PKST,Peakstone Realty Trust Common Shares,,N,,100,N,,NYSE,PKST,N,PKST,PKST,PKST,PKST
PL,Planet Labs PBC Class A Common Stock,,N,,100,N,,NYSE,PL,N,PL,PL,PL,PL
PLD,"Prologis, Inc. Common Stock",,N,,100,N,,NYSE,PLD,N,PLD,PLD,PLD,PLD
PLNT,"Planet Fitness, Inc. Common Stock",,N,,100,N,,NYSE,PLNT,N,PLNT,PLNT,PLNT,PLNT
PLYM,"Plymouth Industrial REIT, Inc. Common Stock",,N,,100,N,,NYSE,PLYM,N,PLYM,PLYM,PLYM,PLYM
PM,Philip Morris International Inc Common Stock,,N,,100,N,,NYSE,PM,N,PM,PM,PM,PM
PML,Pimco Municipal Income Fund II Common Shares of Beneficial Interest,,N,,100,N,,NYSE,PML,N,PML,PML,PML,PML
PMM,Putnam Managed Municipal Income Trust Common Stock,,N,,100,N,,NYSE,PMM,N,PMM,PMM,PMM,PMM
PMO,Putnam Municipal Opportunities Trust Common Stock,,N,,100,N,,NYSE,PMO,N,PMO,PMO,PMO,PMO
PMT,PennyMac Mortgage Investment Trust Common Shares of Beneficial Interest,,N,,100,N,,NYSE,PMT,N,PMT,PMT,PMT,PMT
PNC,"PNC Financial Services Group, Inc. (The) Common Stock",,N,,100,N,,NYSE,PNC,N,PNC,PNC,PNC,PNC
PNI,Pimco New York Municipal Income Fund II Common Shares of Beneficial Interest,,N,,100,N,,NYSE,PNI,N,PNI,PNI,PNI,PNI
PNNT,PennantPark Investment Corporation Common Stock,,N,,100,N,,NYSE,PNNT,N,PNNT,PNNT,PNNT,PNNT
PNW,Pinnacle West Capital Corporation Common Stock,,N,,100,N,,NYSE,PNW,N,PNW,PNW,PNW,PNW
POR,Portland General Electric Co Common Stock,,N,,100,N,,NYSE,POR,N,POR,POR,POR,POR
POST,"Post Holdings, Inc. Common Stock",,N,,100,N,,NYSE,POST,N,POST,POST,POST,POST
PPG,"PPG Industries, Inc. Common Stock",,N,,100,N,,NYSE,PPG,N,PPG,PPG,PPG,PPG
PPL,PPL Corporation Common Stock,,N,,100,N,,NYSE,PPL,N,PPL,PPL,PPL,PPL
PPT,Putnam Premier Income Trust Common Stock,,N,,100,N,,NYSE,PPT,N,PPT,PPT,PPT,PPT
PR,Permian Resources Corporation Class A Common Stock,,N,,100,N,,NYSE,PR,N,PR,PR,PR,PR
PRA,ProAssurance Corporation Common Stock,,N,,100,N,,NYSE,PRA,N,PRA,PRA,PRA,PRA
PRG,"PROG Holdings, Inc. Common Stock",,N,,100,N,,NYSE,PRG,N,PRG,PRG,PRG,PRG
PRGO,Perrigo Company plc Ordinary Shares,,N,,100,N,,NYSE,PRGO,N,PRGO,PRGO,PRGO,PRGO
PRI,"Primerica, Inc. Common Stock",,N,,100,N,,NYSE,PRI,N,PRI,PRI,PRI,PRI
PRIM,Primoris Services Corporation Common Stock,,N,,100,N,,NYSE,PRIM,N,PRIM,PRIM,PRIM,PRIM
PRKS,United Parks & Resorts Inc. Common Stock,,N,,100,N,,NYSE,PRKS,N,PRKS,PRKS,PRKS,PRKS
PRLB,"Proto Labs, Inc. Common stock",,N,,100,N,,NYSE,PRLB,N,PRLB,PRLB,PRLB,PRLB
PRM,"Perimeter Solutions, SA Common Stock",,N,,100,N,,NYSE,PRM,N,PRM,PRM,PRM,PRM
PRMB,Primo Brands Corporation Class A Common Stock,,N,,100,N,,NYSE,PRMB,N,PRMB,PRMB,PRMB,PRMB
PRO,"PROS Holdings, Inc. Common Stock",,N,,100,N,,NYSE,PRO,N,PRO,PRO,PRO,PRO
PRU,"Prudential Financial, Inc. Common Stock",,N,,100,N,,NYSE,PRU,N,PRU,PRU,PRU,PRU
PSA,Public Storage Common Stock,,N,,100,N,,NYSE,PSA,N,PSA,PSA,PSA,PSA
PSBD,Palmer Square Capital BDC Inc. Common Stock,,N,,100,N,,NYSE,PSBD,N,PSBD,PSBD,PSBD,PSBD
PSF,"Cohen & Steers Select Preferred and Income Fund, Inc. Common Stock",,N,,100,N,,NYSE,PSF,N,PSF,PSF,PSF,PSF
PSFE,Paysafe Limited Common Shares,,N,,100,N,,NYSE,PSFE,N,PSFE,PSFE,PSFE,PSFE
PSN,Parsons Corporation Common Stock,,N,,100,N,,NYSE,PSN,N,PSN,PSN,PSN,PSN
PSO,"Pearson, Plc Common Stock",,N,,100,N,,NYSE,PSO,N,PSO,PSO,PSO,PSO
PSQH,"PSQ Holdings, Inc. Class A Common Stock",,N,,100,N,,NYSE,PSQH,N,PSQH,PSQH,PSQH,PSQH
PSTG,"Pure Storage, Inc. Class A Common Stock",,N,,100,N,,NYSE,PSTG,N,PSTG,PSTG,PSTG,PSTG
PSTL,"Postal Realty Trust, Inc. Class A Common Stock",,N,,100,N,,NYSE,PSTL,N,PSTL,PSTL,PSTL,PSTL
PSX,Phillips 66 Common Stock,,N,,100,N,,NYSE,PSX,N,PSX,PSX,PSX,PSX
PTA,Cohen & Steers Tax-Advantaged Preferred Securities and Income Fund Common Shares of Beneficial Interest,,N,,100,N,,NYSE,PTA,N,PTA,PTA,PTA,PTA
PUK,Prudential Public Limited Company Common Stock,,N,,100,N,,NYSE,PUK,N,PUK,PUK,PUK,PUK
PUMP,ProPetro Holding Corp. Common Stock,,N,,100,N,,NYSE,PUMP,N,PUMP,PUMP,PUMP,PUMP
PVH,PVH Corp. Common Stock,,N,,100,N,,NYSE,PVH,N,PVH,PVH,PVH,PVH
PWR,"Quanta Services, Inc. Common Stock",,N,,100,N,,NYSE,PWR,N,PWR,PWR,PWR,PWR
PX,"P10, Inc. Class A Common Stock",,N,,100,N,,NYSE,PX,N,PX,PX,PX,PX
PXED,"Phoenix Education Partners, Inc. Common Stock",,N,,100,N,,NYSE,PXED,N,PXED,PXED,PXED,PXED
QBTS,D-Wave Quantum Inc. Common Shares,,N,,100,N,,NYSE,QBTS,N,QBTS,QBTS,QBTS,QBTS
QGEN,Qiagen N.V. Common Shares,,N,,100,N,,NYSE,QGEN,N,QGEN,QGEN,QGEN,QGEN
QS,QuantumScape Corporation Class A Common Stock,,N,,100,N,,NYSE,QS,N,QS,QS,QS,QS
QSR,Restaurant Brands International Inc. Common Shares,,N,,100,N,,NYSE,QSR,N,QSR,QSR,QSR,QSR
QTWO,"Q2 Holdings, Inc. Common Stock",,N,,100,N,,NYSE,QTWO,N,QTWO,QTWO,QTWO,QTWO
QUAD,"Quad Graphics, Inc Class A Common Stock",,N,,100,N,,NYSE,QUAD,N,QUAD,QUAD,QUAD,QUAD
QXO,"QXO, Inc. Common Stock",,N,,100,N,,NYSE,QXO,N,QXO,QXO,QXO,QXO
R,"Ryder System, Inc. Common Stock",,N,,100,N,,NYSE,R,N,R,R,R,R
RA,Brookfield Real Assets Income Fund Inc. Common Stock,,N,,100,N,,NYSE,RA,N,RA,RA,RA,RA
RAC,Rithm Acquisition Corp. Class A Ordinary Shares,,N,,100,N,,NYSE,RAC,N,RAC,RAC,RAC,RAC
RACE,Ferrari N.V. Common Shares,,N,,100,N,,NYSE,RACE,N,RACE,RACE,RACE,RACE
RAL,Ralliant Corporation Common Stock,,N,,100,N,,NYSE,RAL,N,RAL,RAL,RAL,RAL
RAMP,"LiveRamp Holdings, Inc. Common Stock",,N,,100,N,,NYSE,RAMP,N,RAMP,RAMP,RAMP,RAMP
RBA,"RB Global, Inc. Common Stock",,N,,100,N,,NYSE,RBA,N,RBA,RBA,RBA,RBA
RBC,RBC Bearings Incorporated Common Stock,,N,,100,N,,NYSE,RBC,N,RBC,RBC,RBC,RBC
RBLX,Roblox Corporation Class A Common Stock,,N,,100,N,,NYSE,RBLX,N,RBLX,RBLX,RBLX,RBLX
RBOT,Vicarious Surgical Inc. Class A Common Stock,,N,,100,N,,NYSE,RBOT,N,RBOT,RBOT,RBOT,RBOT
RBRK,"Rubrik, Inc. Class A Common Stock",,N,,100,N,,NYSE,RBRK,N,RBRK,RBRK,RBRK,RBRK
RC,Ready Capital Corporation Common Stock,,N,,100,N,,NYSE,RC,N,RC,RC,RC,RC
RCI,"Rogers Communication, Inc. Common Stock",,N,,100,N,,NYSE,RCI,N,RCI,RCI,RCI,RCI
RCL,Royal Caribbean Cruises Ltd. Common Stock,,N,,100,N,,NYSE,RCL,N,RCL,RCL,RCL,RCL
RCUS,"Arcus Biosciences, Inc. Common Stock",,N,,100,N,,NYSE,RCUS,N,RCUS,RCUS,RCUS,RCUS
RDDT,"Reddit, Inc. Class A Common Stock",,N,,100,N,,NYSE,RDDT,N,RDDT,RDDT,RDDT,RDDT
RDN,Radian Group Inc. Common Stock,,N,,100,N,,NYSE,RDN,N,RDN,RDN,RDN,RDN
RDW,Redwire Corporation Common Stock,,N,,100,N,,NYSE,RDW,N,RDW,RDW,RDW,RDW
RDY,Dr. Reddy's Laboratories Ltd Common Stock,,N,,100,N,,NYSE,RDY,N,RDY,RDY,RDY,RDY
RES,"RPC, Inc. Common Stock",,N,,100,N,,NYSE,RES,N,RES,RES,RES,RES
REVG,"REV Group, Inc. Common Stock",,N,,100,N,,NYSE,REVG,N,REVG,REVG,REVG,REVG
REZI,"Resideo Technologies, Inc. Common Stock ",,N,,100,N,,NYSE,REZI,N,REZI,REZI,REZI,REZI
RF,Regions Financial Corporation Common Stock,,N,,100,N,,NYSE,RF,N,RF,RF,RF,RF
RFI,"Cohen & Steers Total Return Realty Fund, Inc. Common Stock",,N,,100,N,,NYSE,RFI,N,RFI,RFI,RFI,RFI
RFL,"Rafael Holdings, Inc. Class B Common Stock",,N,,100,N,,NYSE,RFL,N,RFL,RFL,RFL,RFL
RFM,"RiverNorth Flexible Municipal Income Fund, Inc. Common Stock",,N,,100,N,,NYSE,RFM,N,RFM,RFM,RFM,RFM
RFMZ,"RiverNorth Flexible Municipal Income Fund II, Inc. Common Stock",,N,,100,N,,NYSE,RFMZ,N,RFMZ,RFMZ,RFMZ,RFMZ
RGA,"Reinsurance Group of America, Incorporated Common Stock",,N,,100,N,,NYSE,RGA,N,RGA,RGA,RGA,RGA
RGR,"Sturm, Ruger & Company, Inc. Common Stock",,N,,100,N,,NYSE,RGR,N,RGR,RGR,RGR,RGR
RGT,"Royce Global Trust, Inc. Common Stock",,N,,100,N,,NYSE,RGT,N,RGT,RGT,RGT,RGT
RH,RH Common Stock,,N,,100,N,,NYSE,RH,N,RH,RH,RH,RH
RHI,Robert Half Inc. Common Stock,,N,,100,N,,NYSE,RHI,N,RHI,RHI,RHI,RHI
RHLD,Resolute Holdings Management Common Stock ,,N,,100,N,,NYSE,RHLD,N,RHLD,RHLD,RHLD,RHLD
RIG,Transocean Ltd (Switzerland) Common Stock,,N,,100,N,,NYSE,RIG,N,RIG,RIG,RIG,RIG
RIO,Rio Tinto Plc Common Stock,,N,,100,N,,NYSE,RIO,N,RIO,RIO,RIO,RIO
RITM,Rithm Capital Corp. Common Stock,,N,,100,N,,NYSE,RITM,N,RITM,RITM,RITM,RITM
RIV,"RiverNorth Opportunities Fund, Inc. Common Stock",,N,,100,N,,NYSE,RIV,N,RIV,RIV,RIV,RIV
RJF,"Raymond James Financial, Inc. Common Stock",,N,,100,N,,NYSE,RJF,N,RJF,RJF,RJF,RJF
RKT,"Rocket Companies, Inc. Class A Common Stock",,N,,100,N,,NYSE,RKT,N,RKT,RKT,RKT,RKT
RL,Ralph Lauren Corporation Common Stock,,N,,100,N,,NYSE,RL,N,RL,RL,RL,RL
RLI,RLI Corp. Common Stock (DE),,N,,100,N,,NYSE,RLI,N,RLI,RLI,RLI,RLI
RLJ,RLJ Lodging Trust Common Shares of Beneficial Interest $0.01 par value,,N,,100,N,,NYSE,RLJ,N,RLJ,RLJ,RLJ,RLJ
RLTY,Cohen & Steers Real Estate Opportunities and Income Fund Common Shares of Beneficial Interest,,N,,100,N,,NYSE,RLTY,N,RLTY,RLTY,RLTY,RLTY
RM,Regional Management Corp. Common Stock,,N,,100,N,,NYSE,RM,N,RM,RM,RM,RM
RMAX,"RE/MAX Holdings, Inc. Class A Common Stock",,N,,100,N,,NYSE,RMAX,N,RMAX,RMAX,RMAX,RMAX
RMD,ResMed Inc. Common Stock,,N,,100,N,,NYSE,RMD,N,RMD,RMD,RMD,RMD
RMI,"RiverNorth Opportunistic Municipal Income Fund, Inc. Common Stock",,N,,100,N,,NYSE,RMI,N,RMI,RMI,RMI,RMI
RMM,"RiverNorth Managed Duration Municipal Income Fund, Inc. Common Stock",,N,,100,N,,NYSE,RMM,N,RMM,RMM,RMM,RMM
RMMZ,"RiverNorth Managed Duration Municipal Income Fund II, Inc. Common Stock",,N,,100,N,,NYSE,RMMZ,N,RMMZ,RMMZ,RMMZ,RMMZ
RMT,"Royce Micro-Cap Trust, Inc. Common Stock",,N,,100,N,,NYSE,RMT,N,RMT,RMT,RMT,RMT
RNG,"RingCentral, Inc. Class A Common Stock",,N,,100,N,,NYSE,RNG,N,RNG,RNG,RNG,RNG
RNP,"Cohen & Steers REIT and Preferred and Income Fund, Inc. Common Shares",,N,,100,N,,NYSE,RNP,N,RNP,RNP,RNP,RNP
RNR,RenaissanceRe Holdings Ltd. Common Stock,,N,,100,N,,NYSE,RNR,N,RNR,RNR,RNR,RNR
RNST,Renasant Corporation Common Stock,,N,,100,N,,NYSE,RNST,N,RNST,RNST,RNST,RNST
ROG,Rogers Corporation Common Stock,,N,,100,N,,NYSE,ROG,N,ROG,ROG,ROG,ROG
ROK,"Rockwell Automation, Inc. Common Stock",,N,,100,N,,NYSE,ROK,N,ROK,ROK,ROK,ROK
ROL,"Rollins, Inc. Common Stock",,N,,100,N,,NYSE,ROL,N,ROL,ROL,ROL,ROL
RPM,RPM International Inc. Common Stock,,N,,100,N,,NYSE,RPM,N,RPM,RPM,RPM,RPM
RPT,Rithm Property Trust Inc. Common stock,,N,,100,N,,NYSE,RPT,N,RPT,RPT,RPT,RPT
RQI,Cohen & Steers Quality Income Realty Fund Inc Common Shares,,N,,100,N,,NYSE,RQI,N,RQI,RQI,RQI,RQI
RRC,Range Resources Corporation Common Stock,,N,,100,N,,NYSE,RRC,N,RRC,RRC,RRC,RRC
RRX,Regal Rexnord Corporation Common Stock,,N,,100,N,,NYSE,RRX,N,RRX,RRX,RRX,RRX
RS,"Reliance, Inc. Common Stock",,N,,100,N,,NYSE,RS,N,RS,RS,RS,RS
RSF,RiverNorth Capital and Income Fund Common Stock,,N,,100,N,,NYSE,RSF,N,RSF,RSF,RSF,RSF
RSG,"Republic Services, Inc. Common Stock",,N,,100,N,,NYSE,RSG,N,RSG,RSG,RSG,RSG
RSI,"Rush Street Interactive, Inc. Class A Common Stock",,N,,100,N,,NYSE,RSI,N,RSI,RSI,RSI,RSI
RSKD,Riskified Ltd. Class A Ordinary Shares,,N,,100,N,,NYSE,RSKD,N,RSKD,RSKD,RSKD,RSKD
RTX,RTX Corporation Common Stock,,N,,100,N,,NYSE,RTX,N,RTX,RTX,RTX,RTX
RVLV,"Revolve Group, Inc. Class A Common Stock",,N,,100,N,,NYSE,RVLV,N,RVLV,RVLV,RVLV,RVLV
RVT,"Royce Small-Cap Trust, Inc. Common Stock",,N,,100,N,,NYSE,RVT,N,RVT,RVT,RVT,RVT
RVTY,"Revvity, Inc. Common Stock",,N,,100,N,,NYSE,RVTY,N,RVTY,RVTY,RVTY,RVTY
RWT,"Redwood Trust, Inc. Common Stock",,N,,100,N,,NYSE,RWT,N,RWT,RWT,RWT,RWT
RXO,"RXO, Inc. Common Stock",,N,,100,N,,NYSE,RXO,N,RXO,RXO,RXO,RXO
RY,Royal Bank Of Canada Common Stock,,N,,100,N,,NYSE,RY,N,RY,RY,RY,RY
RYAM,Rayonier Advanced Materials Inc. Common Stock,,N,,100,N,,NYSE,RYAM,N,RYAM,RYAM,RYAM,RYAM
RYAN,"Ryan Specialty Holdings, Inc. Class A Common Stock",,N,,100,N,,NYSE,RYAN,N,RYAN,RYAN,RYAN,RYAN
RYI,Ryerson Holding Corporation Common Stock,,N,,100,N,,NYSE,RYI,N,RYI,RYI,RYI,RYI
RYN,Rayonier Inc. REIT Common Stock,,N,,100,N,,NYSE,RYN,N,RYN,RYN,RYN,RYN
S,"SentinelOne, Inc. Class A Common Stock",,N,,100,N,,NYSE,S,N,S,S,S,S
SA,"Seabridge Gold, Inc. Ordinary Shares (Canada)",,N,,100,N,,NYSE,SA,N,SA,SA,SA,SA
SAFE,Safehold Inc. New Common Stock ,,N,,100,N,,NYSE,SAFE,N,SAFE,SAFE,SAFE,SAFE
SAH,"Sonic Automotive, Inc. Common Stock",,N,,100,N,,NYSE,SAH,N,SAH,SAH,SAH,SAH
SAM,"Boston Beer Company, Inc. (The) Common Stock",,N,,100,N,,NYSE,SAM,N,SAM,SAM,SAM,SAM
SARO,"StandardAero, Inc. Common Stock",,N,,100,N,,NYSE,SARO,N,SARO,SARO,SARO,SARO
SB,"Safe Bulkers, Inc Common Stock ($0.001 par value)",,N,,100,N,,NYSE,SB,N,SB,SB,SB,SB
SBDS,"Solo Brands, Inc. Class A Common Stock",,N,,100,N,,NYSE,SBDS,N,SBDS,SBDS,SBDS,SBDS
SBH,"Sally Beauty Holdings, Inc. (Name to be changed from Sally Holdings, Inc.) Common Stock",,N,,100,N,,NYSE,SBH,N,SBH,SBH,SBH,SBH
SBI,Western Asset Intermediate Muni Fund Inc Common Stock,,N,,100,N,,NYSE,SBI,N,SBI,SBI,SBI,SBI
SBR,Sabine Royalty Trust Common Stock,,N,,100,N,,NYSE,SBR,N,SBR,SBR,SBR,SBR
SBSI,"Southside Bancshares, Inc. Common Stock",,N,,100,N,,NYSE,SBSI,N,SBSI,SBSI,SBSI,SBSI
SBXD,SilverBox Corp IV Class A Ordinary Shares,,N,,100,N,,NYSE,SBXD,N,SBXD,SBXD,SBXD,SBXD
SCCO,Southern Copper Corporation Common Stock,,N,,100,N,,NYSE,SCCO,N,SCCO,SCCO,SCCO,SCCO
SCD,LMP Capital and Income Fund Inc. Common Stock,,N,,100,N,,NYSE,SCD,N,SCD,SCD,SCD,SCD
SCI,Service Corporation International Common Stock,,N,,100,N,,NYSE,SCI,N,SCI,SCI,SCI,SCI
SCL,Stepan Company Common Stock,,N,,100,N,,NYSE,SCL,N,SCL,SCL,SCL,SCL
SCM,Stellus Capital Investment Corporation Common Stock,,N,,100,N,,NYSE,SCM,N,SCM,SCM,SCM,SCM
SCS,Steelcase Inc. Common Stock,,N,,100,N,,NYSE,SCS,N,SCS,SCS,SCS,SCS
SD,"SandRidge Energy, Inc. Common Stock",,N,,100,N,,NYSE,SD,N,SD,SD,SD,SD
SDHC,Smith Douglas Homes Corp. Class A Common Stock,,N,,100,N,,NYSE,SDHC,N,SDHC,SDHC,SDHC,SDHC
SDHY,PGIM Short Duration High Yield Opportunities Fund Common Shares,,N,,100,N,,NYSE,SDHY,N,SDHY,SDHY,SDHY,SDHY
SEE,Sealed Air Corporation Common Stock,,N,,100,N,,NYSE,SEE,N,SEE,SEE,SEE,SEE
SEG,Seaport Entertainment Group Inc. Common Stock,,N,,100,N,,NYSE,SEG,N,SEG,SEG,SEG,SEG
SEI,"Solaris Energy Infrastructure, Inc. Class A Common Stock",,N,,100,N,,NYSE,SEI,N,SEI,SEI,SEI,SEI
SEM,Select Medical Holdings Corporation Common Stock,,N,,100,N,,NYSE,SEM,N,SEM,SEM,SEM,SEM
SES,SES AI Corporation Class A Common Stock,,N,,100,N,,NYSE,SES,N,SES,SES,SES,SES
SF,Stifel Financial Corporation Common Stock,,N,,100,N,,NYSE,SF,N,SF,SF,SF,SF
SFBS,"ServisFirst Bancshares, Inc. Common Stock",,N,,100,N,,NYSE,SFBS,N,SFBS,SFBS,SFBS,SFBS
SG,"Sweetgreen, Inc. Class A Common Stock",,N,,100,N,,NYSE,SG,N,SG,SG,SG,SG
SGHC,Super Group (SGHC) Limited Ordinary Shares,,N,,100,N,,NYSE,SGHC,N,SGHC,SGHC,SGHC,SGHC
SGI,Somnigroup International Inc. Common Stock,,N,,100,N,,NYSE,SGI,N,SGI,SGI,SGI,SGI
SGU,Star Group L.P. Common Stock,,N,,100,N,,NYSE,SGU,N,SGU,SGU,SGU,SGU
SHAK,"Shake Shack, Inc. Class A Common Stock",,N,,100,N,,NYSE,SHAK,N,SHAK,SHAK,SHAK,SHAK
SHCO,Soho House & Co Inc. Class A Common Stock,,N,,100,N,,NYSE,SHCO,N,SHCO,SHCO,SHCO,SHCO
SHO,"Sunstone Hotel Investors, Inc. Sunstone Hotel Investors, Inc. Common Shares",,N,,100,N,,NYSE,SHO,N,SHO,SHO,SHO,SHO
SHW,Sherwin-Williams Company (The) Common Stock,,N,,100,N,,NYSE,SHW,N,SHW,SHW,SHW,SHW
SI,"Shoulder Innovations, Inc. Common Stock",,N,,100,N,,NYSE,SI,N,SI,SI,SI,SI
SID,Companhia Siderurgica Nacional S.A. Common Stock,,N,,100,N,,NYSE,SID,N,SID,SID,SID,SID
SIG,Signet Jewelers Limited Common Shares,,N,,100,N,,NYSE,SIG,N,SIG,SIG,SIG,SIG
SII,Sprott Inc. Common Shares,,N,,100,N,,NYSE,SII,N,SII,SII,SII,SII
SILA,"Sila Realty Trust, Inc. Common Stock",,N,,100,N,,NYSE,SILA,N,SILA,SILA,SILA,SILA
SITC,SITE Centers Corp. Common Stock,,N,,100,N,,NYSE,SITC,N,SITC,SITC,SITC,SITC
SITE,"SiteOne Landscape Supply, Inc. Common Stock",,N,,100,N,,NYSE,SITE,N,SITE,SITE,SITE,SITE
SJM,The J.M. Smucker Company Common Stock,,N,,100,N,,NYSE,SJM,N,SJM,SJM,SJM,SJM
SJT,San Juan Basin Royalty Trust Common Stock,,N,,100,N,,NYSE,SJT,N,SJT,SJT,SJT,SJT
SKE,Skeena Resources Limited Common Shares,,N,,100,N,,NYSE,SKE,N,SKE,SKE,SKE,SKE
SKIL,Skillsoft Corp. Class A Common Stock,,N,,100,N,,NYSE,SKIL,N,SKIL,SKIL,SKIL,SKIL
SKLZ,Skillz Inc. Class A Common Stock,,N,,100,N,,NYSE,SKLZ,N,SKLZ,SKLZ,SKLZ,SKLZ
SKM,"SK Telecom Co., Ltd. Common Stock",,N,,100,N,,NYSE,SKM,N,SKM,SKM,SKM,SKM
SKT,Tanger Inc. Common Stock,,N,,100,N,,NYSE,SKT,N,SKT,SKT,SKT,SKT
SKY,"Champion Homes, Inc. Common Stock",,N,,100,N,,NYSE,SKY,N,SKY,SKY,SKY,SKY
SKYH,Sky Harbour Group Corporation Class A Common Stock,,N,,100,N,,NYSE,SKYH,N,SKYH,SKYH,SKYH,SKYH
SLB,SLB Limited Common Shares,,N,,100,N,,NYSE,SLB,N,SLB,SLB,SLB,SLB
SLF,Sun Life Financial Inc. Common Stock,,N,,100,N,,NYSE,SLF,N,SLF,SLF,SLF,SLF
SLG,SL Green Realty Corp Common Stock,,N,,100,N,,NYSE,SLG,N,SLG,SLG,SLG,SLG
SLGN,Silgan Holdings Inc. Common Stock,,N,,100,N,,NYSE,SLGN,N,SLGN,SLGN,SLGN,SLGN
SLQT,"SelectQuote, Inc. Common Stock",,N,,100,N,,NYSE,SLQT,N,SLQT,SLQT,SLQT,SLQT
SLVM,Sylvamo Corporation Common Stock,,N,,100,N,,NYSE,SLVM,N,SLVM,SLVM,SLVM,SLVM
SM,SM Energy Company Common Stock,,N,,100,N,,NYSE,SM,N,SM,SM,SM,SM
SMA,"SmartStop Self Storage REIT, Inc. Common Stock",,N,,100,N,,NYSE,SMA,N,SMA,SMA,SMA,SMA
SMBK,"SmartFinancial, Inc. Common Stock",,N,,100,N,,NYSE,SMBK,N,SMBK,SMBK,SMBK,SMBK
SMC,Summit Midstream Corporation Common Stock,,N,,100,N,,NYSE,SMC,N,SMC,SMC,SMC,SMC
SMG,Scotts Miracle-Gro Company (The) Common Stock,,N,,100,N,,NYSE,SMG,N,SMG,SMG,SMG,SMG
SMHI,SEACOR Marine Holdings Inc. Common Stock ,,N,,100,N,,NYSE,SMHI,N,SMHI,SMHI,SMHI,SMHI
SMP,"Standard Motor Products, Inc. Common Stock",,N,,100,N,,NYSE,SMP,N,SMP,SMP,SMP,SMP
SMR,NuScale Power Corporation Class A Common Stock,,N,,100,N,,NYSE,SMR,N,SMR,SMR,SMR,SMR
SMRT,"SmartRent, Inc. Class A Common Stock",,N,,100,N,,NYSE,SMRT,N,SMRT,SMRT,SMRT,SMRT
SMWB,Similarweb Ltd. Ordinary Shares,,N,,100,N,,NYSE,SMWB,N,SMWB,SMWB,SMWB,SMWB
SN,"SharkNinja, Inc. Ordinary Shares",,N,,100,N,,NYSE,SN,N,SN,SN,SN,SN
SNA,Snap-On Incorporated Common Stock,,N,,100,N,,NYSE,SNA,N,SNA,SNA,SNA,SNA
SNAP,Snap Inc. Class A Common Stock,,N,,100,N,,NYSE,SNAP,N,SNAP,SNAP,SNAP,SNAP
SNDA,"Sonida Senior Living, Inc. Common Stock",,N,,100,N,,NYSE,SNDA,N,SNDA,SNDA,SNDA,SNDA
SNN,"Smith & Nephew SNATS, Inc. Common Stock",,N,,100,N,,NYSE,SNN,N,SNN,SNN,SNN,SNN
SNV,Synovus Financial Corp. Common Stock,,N,,100,N,,NYSE,SNV,N,SNV,SNV,SNV,SNV
SNX,TD SYNNEX Corporation Common Stock,,N,,100,N,,NYSE,SNX,N,SNX,SNX,SNX,SNX
SO,Southern Company (The) Common Stock,,N,,100,N,,NYSE,SO,N,SO,SO,SO,SO
SOBO,South Bow Corporation Common Shares,,N,,100,N,,NYSE,SOBO,N,SOBO,SOBO,SOBO,SOBO
SOC,Sable Offshore Corp. Common Stock,,N,,100,N,,NYSE,SOC,N,SOC,SOC,SOC,SOC
SOLV,Solventum Corporation Common Stock,,N,,100,N,,NYSE,SOLV,N,SOLV,SOLV,SOLV,SOLV
SON,Sonoco Products Company Common Stock,,N,,100,N,,NYSE,SON,N,SON,SON,SON,SON
SOS,SOS Limited Class A Ordinary Shares,,N,,100,N,,NYSE,SOS,N,SOS,SOS,SOS,SOS
SOUL,Soulpower Acquisition Corporation Class A Ordinary Shares,,N,,100,N,,NYSE,SOUL,N,SOUL,SOUL,SOUL,SOUL
SPB,"Spectrum Brands Holdings, Inc. Common Stock",,N,,100,N,,NYSE,SPB,N,SPB,SPB,SPB,SPB
SPCE,"Virgin Galactic Holdings, Inc. Common Stock",,N,,100,N,,NYSE,SPCE,N,SPCE,SPCE,SPCE,SPCE
SPE,"Special Opportunities Fund, Inc Common Stock",,N,,100,N,,NYSE,SPE,N,SPE,SPE,SPE,SPE
SPG,"Simon Property Group, Inc. Common Stock",,N,,100,N,,NYSE,SPG,N,SPG,SPG,SPG,SPG
SPGI,S&P Global Inc. Common Stock,,N,,100,N,,NYSE,SPGI,N,SPGI,SPGI,SPGI,SPGI
SPH,"Suburban Propane Partners, L.P. Common Stock",,N,,100,N,,NYSE,SPH,N,SPH,SPH,SPH,SPH
SPMC,"Sound Point Meridian Capital, Inc. Common Stock",,N,,100,N,,NYSE,SPMC,N,SPMC,SPMC,SPMC,SPMC
SPNT,SiriusPoint Ltd. Common Shares,,N,,100,N,,NYSE,SPNT,N,SPNT,SPNT,SPNT,SPNT
SPOT,Spotify Technology S.A. Ordinary Shares,,N,,100,N,,NYSE,SPOT,N,SPOT,SPOT,SPOT,SPOT
SPR,"Spirit Aerosystems Holdings, Inc. Common Stock",,N,,100,N,,NYSE,SPR,N,SPR,SPR,SPR,SPR
SPXC,"SPX Technologies, Inc. Common Stock",,N,,100,N,,NYSE,SPXC,N,SPXC,SPXC,SPXC,SPXC
SQM,Sociedad Quimica y Minera S.A. Common Stock,,N,,100,N,,NYSE,SQM,N,SQM,SQM,SQM,SQM
SR,Spire Inc. Common Stock,,N,,100,N,,NYSE,SR,N,SR,SR,SR,SR
SRE,DBA Sempra Common Stock,,N,,100,N,,NYSE,SRE,N,SRE,SRE,SRE,SRE
SRFM,Surf Air Mobility Inc. Common Stock,,N,,100,N,,NYSE,SRFM,N,SRFM,SRFM,SRFM,SRFM
SRG,Seritage Growth Properties Class A Common Stock,,N,,100,N,,NYSE,SRG,N,SRG,SRG,SRG,SRG
SRI,"Stoneridge, Inc. Common Stock",,N,,100,N,,NYSE,SRI,N,SRI,SRI,SRI,SRI
SRV,NXG Cushing Midstream Energy Fund Common Shares of Beneficial Interest,,N,,100,N,,NYSE,SRV,N,SRV,SRV,SRV,SRV
SSB,SouthState Bank Corporation Common Stock,,N,,100,N,,NYSE,SSB,N,SSB,SSB,SSB,SSB
SSD,"Simpson Manufacturing Company, Inc. Common Stock",,N,,100,N,,NYSE,SSD,N,SSD,SSD,SSD,SSD
SST,"System1, Inc. Class A Common Stock",,N,,100,N,,NYSE,SST,N,SST,SST,SST,SST
SSTK,"Shutterstock, Inc. Common Stock",,N,,100,N,,NYSE,SSTK,N,SSTK,SSTK,SSTK,SSTK
ST,Sensata Technologies Holding plc Ordinary Shares,,N,,100,N,,NYSE,ST,N,ST,ST,ST,ST
STAG,"Stag Industrial, Inc. Common Stock",,N,,100,N,,NYSE,STAG,N,STAG,STAG,STAG,STAG
STC,Stewart Information Services Corporation Common Stock,,N,,100,N,,NYSE,STC,N,STC,STC,STC,STC
STE,STERIS plc (Ireland) Ordinary Shares,,N,,100,N,,NYSE,STE,N,STE,STE,STE,STE
STEL,"Stellar Bancorp, Inc. Common Stock",,N,,100,N,,NYSE,STEL,N,STEL,STEL,STEL,STEL
STEM,"Stem, Inc. Class A Common Stock",,N,,100,N,,NYSE,STEM,N,STEM,STEM,STEM,STEM
STLA,Stellantis N.V. Common Shares,,N,,100,N,,NYSE,STLA,N,STLA,STLA,STLA,STLA
STM,STMicroelectronics N.V. Common Stock,,N,,100,N,,NYSE,STM,N,STM,STM,STM,STM
STN,Stantec Inc Common Stock,,N,,100,N,,NYSE,STN,N,STN,STN,STN,STN
STNG,Scorpio Tankers Inc. Common Shares,,N,,100,N,,NYSE,STNG,N,STNG,STNG,STNG,STNG
STT,State Street Corporation Common Stock,,N,,100,N,,NYSE,STT,N,STT,STT,STT,STT
STUB,"StubHub Holdings, Inc. Class A Common Stock",,N,,100,N,,NYSE,STUB,N,STUB,STUB,STUB,STUB
STVN,Stevanato Group S.p.A. Ordinary Shares,,N,,100,N,,NYSE,STVN,N,STVN,STVN,STVN,STVN
STZ,"Constellation Brands, Inc. Common Stock",,N,,100,N,,NYSE,STZ,N,STZ,STZ,STZ,STZ
SU,Suncor Energy  Inc. Common Stock,,N,,100,N,,NYSE,SU,N,SU,SU,SU,SU
SUI,"Sun Communities, Inc. Common Stock",,N,,100,N,,NYSE,SUI,N,SUI,SUI,SUI,SUI
SVV,"Savers Value Village, Inc. Common Stock",,N,,100,N,,NYSE,SVV,N,SVV,SVV,SVV,SVV
SW,Smurfit WestRock plc Ordinary Shares,,N,,100,N,,NYSE,SW,N,SW,SW,SW,SW
SWK,"Stanley Black & Decker, Inc. Common Stock",,N,,100,N,,NYSE,SWK,N,SWK,SWK,SWK,SWK
SWX,"Southwest Gas Holdings, Inc. Common Stock (DE)",,N,,100,N,,NYSE,SWX,N,SWX,SWX,SWX,SWX
SWZ,Total Return Securities Fund Common Stock,,N,,100,N,,NYSE,SWZ,N,SWZ,SWZ,SWZ,SWZ
SXC,"SunCoke Energy, Inc. Common Stock",,N,,100,N,,NYSE,SXC,N,SXC,SXC,SXC,SXC
SXI,Standex International Corporation Common Stock,,N,,100,N,,NYSE,SXI,N,SXI,SXI,SXI,SXI
SXT,Sensient Technologies Corporation Common Stock,,N,,100,N,,NYSE,SXT,N,SXT,SXT,SXT,SXT
SYF,Synchrony Financial Common Stock,,N,,100,N,,NYSE,SYF,N,SYF,SYF,SYF,SYF
SYK,Stryker Corporation Common Stock,,N,,100,N,,NYSE,SYK,N,SYK,SYK,SYK,SYK
SYY,Sysco Corporation Common Stock,,N,,100,N,,NYSE,SYY,N,SYY,SYY,SYY,SYY
TAC,TransAlta Corporation Ordinary Shares,,N,,100,N,,NYSE,TAC,N,TAC,TAC,TAC,TAC
TALO,"Talos Energy, Inc. Common Stock",,N,,100,N,,NYSE,TALO,N,TALO,TALO,TALO,TALO
TAP,Molson Coors Beverage Company Class B Common Stock,,N,,100,N,,NYSE,TAP,N,TAP,TAP,TAP,TAP
TAP.A,Molson Coors Beverage Company Class A Common Stock,,N,,100,N,,NYSE,TAP.A,N,TAP.A,TAP.A,TAP.A,TAP.A
TBBB,BBB Foods Inc. Class A Common Shares,,N,,100,N,,NYSE,TBBB,N,TBBB,TBBB,TBBB,TBBB
TBI,"TrueBlue, Inc. Common Stock",,N,,100,N,,NYSE,TBI,N,TBI,TBI,TBI,TBI
TBN,Tamboran Resources Corporation Common stock,,N,,100,N,,NYSE,TBN,N,TBN,TBN,TBN,TBN
TCBX,"Third Coast Bancshares, Inc. Common Stock",,N,,100,N,,NYSE,TCBX,N,TCBX,TCBX,TCBX,TCBX
TCI,"Transcontinental Realty Investors, Inc. Common Stock",,N,,100,N,,NYSE,TCI,N,TCI,TCI,TCI,TCI
TD,Toronto Dominion Bank (The) Common Stock,,N,,100,N,,NYSE,TD,N,TD,TD,TD,TD
TDC,Teradata Corporation Common Stock,,N,,100,N,,NYSE,TDC,N,TDC,TDC,TDC,TDC
TDF,"Templeton Dragon Fund, Inc. Common Stock",,N,,100,N,,NYSE,TDF,N,TDF,TDF,TDF,TDF
TDG,Transdigm Group Incorporated Common Stock,,N,,100,N,,NYSE,TDG,N,TDG,TDG,TDG,TDG
TDOC,"Teladoc Health, Inc. Common Stock",,N,,100,N,,NYSE,TDOC,N,TDOC,TDOC,TDOC,TDOC
TDS,"Telephone and Data Systems, Inc. Common Shares",,N,,100,N,,NYSE,TDS,N,TDS,TDS,TDS,TDS
TDW,Tidewater Inc. Common Stock,,N,,100,N,,NYSE,TDW,N,TDW,TDW,TDW,TDW
TDY,Teledyne Technologies Incorporated Common Stock,,N,,100,N,,NYSE,TDY,N,TDY,TDY,TDY,TDY
TE,T1 Energy Inc. Common Stock,,N,,100,N,,NYSE,TE,N,TE,TE,TE,TE
TEAF,Tortoise Sustainable and Social Impact Term Fund Common shares of beneficial interest,,N,,100,N,,NYSE,TEAF,N,TEAF,TEAF,TEAF,TEAF
TECK,Teck Resources Ltd Ordinary Shares,,N,,100,N,,NYSE,TECK,N,TECK,TECK,TECK,TECK
TEF,Telefonica SA Common Stock,,N,,100,N,,NYSE,TEF,N,TEF,TEF,TEF,TEF
TEI,"Templeton Emerging Markets Income Fund, Inc. Common Stock",,N,,100,N,,NYSE,TEI,N,TEI,TEI,TEI,TEI
TEL,TE Connectivity plc Ordinary Shares,,N,,100,N,,NYSE,TEL,N,TEL,TEL,TEL,TEL
TEN,Tsakos Energy Navigation Ltd Common Shares,,N,,100,N,,NYSE,TEN,N,TEN,TEN,TEN,TEN
TEX,Terex Corporation Common Stock,,N,,100,N,,NYSE,TEX,N,TEX,TEX,TEX,TEX
TFC,Truist Financial Corporation Common Stock,,N,,100,N,,NYSE,TFC,N,TFC,TFC,TFC,TFC
TFII,TFI International Inc. Common Shares,,N,,100,N,,NYSE,TFII,N,TFII,TFII,TFII,TFII
TFIN,"Triumph Financial, Inc. Common Stock",,N,,100,N,,NYSE,TFIN,N,TFIN,TFIN,TFIN,TFIN
TFPM,Triple Flag Precious Metals Corp. Common Shares,,N,,100,N,,NYSE,TFPM,N,TFPM,TFPM,TFPM,TFPM
TFX,Teleflex Incorporated Common Stock,,N,,100,N,,NYSE,TFX,N,TFX,TFX,TFX,TFX
TG,Tredegar Corporation Common Stock,,N,,100,N,,NYSE,TG,N,TG,TG,TG,TG
TGE,The Generation Essentials Group Class A Ordinary Shares,,N,,100,N,,NYSE,TGE,N,TGE,TGE,TGE,TGE
TGLS,Tecnoglass Inc. Ordinary Shares,,N,,100,N,,NYSE,TGLS,N,TGLS,TGLS,TGLS,TGLS
TGS,Transportadora de Gas del Sur SA TGS Common Stock,,N,,100,N,,NYSE,TGS,N,TGS,TGS,TGS,TGS
TGT,Target Corporation Common Stock,,N,,100,N,,NYSE,TGT,N,TGT,TGT,TGT,TGT
THC,Tenet Healthcare Corporation Common Stock,,N,,100,N,,NYSE,THC,N,THC,THC,THC,THC
THO,"Thor Industries, Inc. Common Stock",,N,,100,N,,NYSE,THO,N,THO,THO,THO,THO
THR,"Thermon Group Holdings, Inc. Common Stock",,N,,100,N,,NYSE,THR,N,THR,THR,THR,THR
THS,"Treehouse Foods, Inc. Common Stock",,N,,100,N,,NYSE,THS,N,THS,THS,THS,THS
TIC,"TIC Solutions, Inc. Common Stock",,N,,100,N,,NYSE,TIC,N,TIC,TIC,TIC,TIC
TISI,"Team, Inc. Common Stock",,N,,100,N,,NYSE,TISI,N,TISI,TISI,TISI,TISI
TJX,"TJX Companies, Inc. (The) Common Stock",,N,,100,N,,NYSE,TJX,N,TJX,TJX,TJX,TJX
TK,Teekay Corporation Ltd. Common Stock,,N,,100,N,,NYSE,TK,N,TK,TK,TK,TK
TKC,Turkcell Iletisim Hizmetleri AS Common Stock,,N,,100,N,,NYSE,TKC,N,TKC,TKC,TKC,TKC
TKO,"TKO Group Holdings, Inc. Class A Common Stock",,N,,100,N,,NYSE,TKO,N,TKO,TKO,TKO,TKO
TKR,Timken Company (The) Common Stock,,N,,100,N,,NYSE,TKR,N,TKR,TKR,TKR,TKR
TLYS,"Tilly's, Inc. Common Stock",,N,,100,N,,NYSE,TLYS,N,TLYS,TLYS,TLYS,TLYS
TM,Toyota Motor Corporation Common Stock,,N,,100,N,,NYSE,TM,N,TM,TM,TM,TM
TMHC,Taylor Morrison Home Corporation Common Stock,,N,,100,N,,NYSE,TMHC,N,TMHC,TMHC,TMHC,TMHC
TMO,Thermo Fisher Scientific Inc Common Stock,,N,,100,N,,NYSE,TMO,N,TMO,TMO,TMO,TMO
TNC,Tennant Company Common Stock,,N,,100,N,,NYSE,TNC,N,TNC,TNC,TNC,TNC
TNET,"TriNet Group, Inc. Common Stock",,N,,100,N,,NYSE,TNET,N,TNET,TNET,TNET,TNET
TOL,"Toll Brothers, Inc. Common Stock",,N,,100,N,,NYSE,TOL,N,TOL,TOL,TOL,TOL
TOST,"Toast, Inc. Class A Common Stock",,N,,100,N,,NYSE,TOST,N,TOST,TOST,TOST,TOST
TPB,"Turning Point Brands, Inc. Common Stock",,N,,100,N,,NYSE,TPB,N,TPB,TPB,TPB,TPB
TPC,Tutor Perini Corporation Common Stock,,N,,100,N,,NYSE,TPC,N,TPC,TPC,TPC,TPC
TPH,"Tri Pointe Homes, Inc. Common Stock",,N,,100,N,,NYSE,TPH,N,TPH,TPH,TPH,TPH
TPL,Texas Pacific Land Corporation Common Stock,,N,,100,N,,NYSE,TPL,N,TPL,TPL,TPL,TPL
TPR,"Tapestry, Inc. Common Stock",,N,,100,N,,NYSE,TPR,N,TPR,TPR,TPR,TPR
TPVG,TriplePoint Venture Growth BDC Corp. Common Stock,,N,,100,N,,NYSE,TPVG,N,TPVG,TPVG,TPVG,TPVG
TR,"Tootsie Roll Industries, Inc. Common Stock",,N,,100,N,,NYSE,TR,N,TR,TR,TR,TR
TRAK,"ReposiTrak, Inc. Common Stock",,N,,100,N,,NYSE,TRAK,N,TRAK,TRAK,TRAK,TRAK
TRC,Tejon Ranch Co Common Stock,,N,,100,N,,NYSE,TRC,N,TRC,TRC,TRC,TRC
TREX,"Trex Company, Inc. Common Stock",,N,,100,N,,NYSE,TREX,N,TREX,TREX,TREX,TREX
TRGP,"Targa Resources, Inc. Common Stock",,N,,100,N,,NYSE,TRGP,N,TRGP,TRGP,TRGP,TRGP
TRN,"Trinity Industries, Inc. Common Stock",,N,,100,N,,NYSE,TRN,N,TRN,TRN,TRN,TRN
TRNO,Terreno Realty Corporation Common Stock,,N,,100,N,,NYSE,TRNO,N,TRNO,TRNO,TRNO,TRNO
TROX,Tronox Holdings plc Ordinary Shares (UK),,N,,100,N,,NYSE,TROX,N,TROX,TROX,TROX,TROX
TRP,TC Energy Corporation Common Stock,,N,,100,N,,NYSE,TRP,N,TRP,TRP,TRP,TRP
TRTX,"TPG RE Finance Trust, Inc. Common Stock",,N,,100,N,,NYSE,TRTX,N,TRTX,TRTX,TRTX,TRTX
TRU,TransUnion Common Stock,,N,,100,N,,NYSE,TRU,N,TRU,TRU,TRU,TRU
TRV,"The Travelers Companies, Inc. Common Stock",,N,,100,N,,NYSE,TRV,N,TRV,TRV,TRV,TRV
TSE,Trinseo PLC Ordinary Shares ,,N,,100,N,,NYSE,TSE,N,TSE,TSE,TSE,TSE
TSI,"TCW Strategic Income Fund, Inc. Common Stock",,N,,100,N,,NYSE,TSI,N,TSI,TSI,TSI,TSI
TSLX,"Sixth Street Specialty Lending, Inc. Common Stock",,N,,100,N,,NYSE,TSLX,N,TSLX,TSLX,TSLX,TSLX
TSN,"Tyson Foods, Inc. Common Stock",,N,,100,N,,NYSE,TSN,N,TSN,TSN,TSN,TSN
TSQ,"Townsquare Media, Inc. Class A Common Stock",,N,,100,N,,NYSE,TSQ,N,TSQ,TSQ,TSQ,TSQ
TTAM,Titan America SA Common Shares,,N,,100,N,,NYSE,TTAM,N,TTAM,TTAM,TTAM,TTAM
TTC,Toro Company (The) Common Stock,,N,,100,N,,NYSE,TTC,N,TTC,TTC,TTC,TTC
TTI,"Tetra Technologies, Inc. Common Stock",,N,,100,N,,NYSE,TTI,N,TTI,TTI,TTI,TTI
TU,Telus Corporation Ordinary Shares,,N,,100,N,,NYSE,TU,N,TU,TU,TU,TU
TV,Grupo Televisa S.A.B. Common Stock,,N,,100,N,,NYSE,TV,N,TV,TV,TV,TV
TVC,Tennessee Valley Authority Common Stock,,N,,100,N,,NYSE,TVC,N,TVC,TVC,TVC,TVC
TWI,"Titan International, Inc. (DE) Common Stock",,N,,100,N,,NYSE,TWI,N,TWI,TWI,TWI,TWI
TWLO,Twilio Inc. Class A Common Stock,,N,,100,N,,NYSE,TWLO,N,TWLO,TWLO,TWLO,TWLO
TWN,"Taiwan Fund, Inc. (The) Common Stock",,N,,100,N,,NYSE,TWN,N,TWN,TWN,TWN,TWN
TXNM,"TXNM Energy, Inc. Common Stock",,N,,100,N,,NYSE,TXNM,N,TXNM,TXNM,TXNM,TXNM
TXT,Textron Inc. Common Stock,,N,,100,N,,NYSE,TXT,N,TXT,TXT,TXT,TXT
TY,Tri Continental Corporation Common Stock,,N,,100,N,,NYSE,TY,N,TY,TY,TY,TY
TYG,Tortoise Energy Infrastructure Corporation Common Stock,,N,,100,N,,NYSE,TYG,N,TYG,TYG,TYG,TYG
TYL,"Tyler Technologies, Inc. Common Stock",,N,,100,N,,NYSE,TYL,N,TYL,TYL,TYL,TYL
U,Unity Software Inc. Common Stock,,N,,100,N,,NYSE,U,N,U,U,U,U
UA,"Under Armour, Inc. Class C Common Stock",,N,,100,N,,NYSE,UA,N,UA,UA,UA,UA
UAA,"Under Armour, Inc. Class A Common Stock",,N,,100,N,,NYSE,UAA,N,UAA,UAA,UAA,UAA
UBS,UBS Group AG Registered Ordinary Shares,,N,,100,N,,NYSE,UBS,N,UBS,UBS,UBS,UBS
UCB,"United Community Banks, Inc. Common Stock",,N,,100,N,,NYSE,UCB,N,UCB,UCB,UCB,UCB
UDR,"UDR, Inc. Common Stock",,N,,100,N,,NYSE,UDR,N,UDR,UDR,UDR,UDR
UE,Urban Edge Properties Common Shares of Beneficial Interest,,N,,100,N,,NYSE,UE,N,UE,UE,UE,UE
UFI,"Unifi, Inc. New Common Stock",,N,,100,N,,NYSE,UFI,N,UFI,UFI,UFI,UFI
UGI,UGI Corporation Common Stock,,N,,100,N,,NYSE,UGI,N,UGI,UGI,UGI,UGI
UHAL,U-Haul Holding Company Common Stock,,N,,100,N,,NYSE,UHAL,N,UHAL,UHAL,UHAL,UHAL
UHAL.B,U-Haul Holding Company Series N Non-Voting Common Stock ,,N,,100,N,,NYSE,UHAL.B,N,UHAL.B,UHAL.B,UHAL.B,UHAL.B
UHS,"Universal Health Services, Inc. Common Stock",,N,,100,N,,NYSE,UHS,N,UHS,UHS,UHS,UHS
UHT,Universal Health Realty Income Trust Common Stock,,N,,100,N,,NYSE,UHT,N,UHT,UHT,UHT,UHT
UI,Ubiquiti Inc. Common Stock,,N,,100,N,,NYSE,UI,N,UI,UI,UI,UI
UIS,Unisys Corporation New Common Stock,,N,,100,N,,NYSE,UIS,N,UIS,UIS,UIS,UIS
UL,Unilever PLC Common Stock,,N,,100,N,,NYSE,UL,N,UL,UL,UL,UL
ULS,UL Solutions Inc. Class A Common Stock,,N,,100,N,,NYSE,ULS,N,ULS,ULS,ULS,ULS
UMC,United Microelectronics Corporation (NEW) Common Stock,,N,,100,N,,NYSE,UMC,N,UMC,UMC,UMC,UMC
UMH,"UMH Properties, Inc. Common Stock",,N,,100,N,,NYSE,UMH,N,UMH,UMH,UMH,UMH
UNF,Unifirst Corporation Common Stock,,N,,100,N,,NYSE,UNF,N,UNF,UNF,UNF,UNF
UNFI,"United Natural Foods, Inc. Common Stock",,N,,100,N,,NYSE,UNFI,N,UNFI,UNFI,UNFI,UNFI
UNH,UnitedHealth Group Incorporated Common Stock (DE),,N,,100,N,,NYSE,UNH,N,UNH,UNH,UNH,UNH
UNM,Unum Group Common Stock,,N,,100,N,,NYSE,UNM,N,UNM,UNM,UNM,UNM
UNP,Union Pacific Corporation Common Stock,,N,,100,N,,NYSE,UNP,N,UNP,UNP,UNP,UNP
UP,Wheels Up Experience Inc. Class A Common Stock,,N,,100,N,,NYSE,UP,N,UP,UP,UP,UP
UPS,"United Parcel Service, Inc. Common Stock",,N,,100,N,,NYSE,UPS,N,UPS,UPS,UPS,UPS
URI,"United Rentals, Inc. Common Stock",,N,,100,N,,NYSE,URI,N,URI,URI,URI,URI
USA,Liberty All-Star Equity Fund Common Stock,,N,,100,N,,NYSE,USA,N,USA,USA,USA,USA
USB,U.S. Bancorp Common Stock,,N,,100,N,,NYSE,USB,N,USB,USB,USB,USB
USFD,US Foods Holding Corp. Common Stock,,N,,100,N,,NYSE,USFD,N,USFD,USFD,USFD,USFD
USNA,"USANA Health Sciences, Inc. Common Stock",,N,,100,N,,NYSE,USNA,N,USNA,USNA,USNA,USNA
USPH,"U.S. Physical Therapy, Inc. Common Stock",,N,,100,N,,NYSE,USPH,N,USPH,USPH,USPH,USPH
UTF,"Cohen & Steers Infrastructure Fund, Inc Common Stock",,N,,100,N,,NYSE,UTF,N,UTF,UTF,UTF,UTF
UTI,Universal Technical Institute Inc Common Stock,,N,,100,N,,NYSE,UTI,N,UTI,UTI,UTI,UTI
UTL,UNITIL Corporation Common Stock,,N,,100,N,,NYSE,UTL,N,UTL,UTL,UTL,UTL
UTZ,Utz Brands Inc Class A Common Stock ,,N,,100,N,,NYSE,UTZ,N,UTZ,UTZ,UTZ,UTZ
UVE,UNIVERSAL INSURANCE HOLDINGS INC Common Stock,,N,,100,N,,NYSE,UVE,N,UVE,UVE,UVE,UVE
UVV,Universal Corporation Common Stock,,N,,100,N,,NYSE,UVV,N,UVV,UVV,UVV,UVV
UWMC,UWM Holdings Corporation Class A Common Stock,,N,,100,N,,NYSE,UWMC,N,UWMC,UWMC,UWMC,UWMC
VAC,Marriott Vacations Worldwide Corporation Common Stock,,N,,100,N,,NYSE,VAC,N,VAC,VAC,VAC,VAC
VAL,Valaris Limited Common Shares,,N,,100,N,,NYSE,VAL,N,VAL,VAL,VAL,VAL
VATE,INNOVATE Corp. Common Stock,,N,,100,N,,NYSE,VATE,N,VATE,VATE,VATE,VATE
VBF,Invesco Bond Fund Common Stock,,N,,100,N,,NYSE,VBF,N,VBF,VBF,VBF,VBF
VCV,Invesco California Value Municipal Income Trust Common Stock,,N,,100,N,,NYSE,VCV,N,VCV,VCV,VCV,VCV
VEEV,Veeva Systems Inc. Class A Common Stock,,N,,100,N,,NYSE,VEEV,N,VEEV,VEEV,VEEV,VEEV
VEL,"Velocity Financial, Inc. Common Stock",,N,,100,N,,NYSE,VEL,N,VEL,VEL,VEL,VEL
VFC,V.F. Corporation Common Stock,,N,,100,N,,NYSE,VFC,N,VFC,VFC,VFC,VFC
VG,"Venture Global, Inc. Class A common stock",,N,,100,N,,NYSE,VG,N,VG,VG,VG,VG
VGI,Virtus Global Multi-Sector Income Fund Common Shares of Beneficial Interest,,N,,100,N,,NYSE,VGI,N,VGI,VGI,VGI,VGI
VGM,Invesco Trust for Investment Grade Municipals Common Stock (DE),,N,,100,N,,NYSE,VGM,N,VGM,VGM,VGM,VGM
VHI,"Valhi, Inc. Common Stock",,N,,100,N,,NYSE,VHI,N,VHI,VHI,VHI,VHI
VIA,"Via Transportation, Inc. Class A Common Stock",,N,,100,N,,NYSE,VIA,N,VIA,VIA,VIA,VIA
VICI,VICI Properties Inc. Common Stock,,N,,100,N,,NYSE,VICI,N,VICI,VICI,VICI,VICI
VIK,Viking Holdings Ltd Ordinary Shares,,N,,100,N,,NYSE,VIK,N,VIK,VIK,VIK,VIK
VIRT,"Virtu Financial, Inc. Class A Common Stock",,N,,100,N,,NYSE,VIRT,N,VIRT,VIRT,VIRT,VIRT
VKQ,Invesco Municipal Trust Common Stock,,N,,100,N,,NYSE,VKQ,N,VKQ,VKQ,VKQ,VKQ
VLN,Valens Semiconductor Ltd. Ordinary Shares,,N,,100,N,,NYSE,VLN,N,VLN,VLN,VLN,VLN
VLO,Valero Energy Corporation Common Stock,,N,,100,N,,NYSE,VLO,N,VLO,VLO,VLO,VLO
VLTO,Veralto Corp Common Stock ,,N,,100,N,,NYSE,VLTO,N,VLTO,VLTO,VLTO,VLTO
VMC,Vulcan Materials Company (Holding Company) Common Stock,,N,,100,N,,NYSE,VMC,N,VMC,VMC,VMC,VMC
VMI,"Valmont Industries, Inc. Common Stock",,N,,100,N,,NYSE,VMI,N,VMI,VMI,VMI,VMI
VMO,Invesco Municipal Opportunity Trust Common Stock,,N,,100,N,,NYSE,VMO,N,VMO,VMO,VMO,VMO
VNO,Vornado Realty Trust Common Stock,,N,,100,N,,NYSE,VNO,N,VNO,VNO,VNO,VNO
VNT,Vontier Corporation Common Stock ,,N,,100,N,,NYSE,VNT,N,VNT,VNT,VNT,VNT
VOYA,"Voya Financial, Inc. Common Stock",,N,,100,N,,NYSE,VOYA,N,VOYA,VOYA,VOYA,VOYA
VOYG,"Voyager Technologies, Inc. Class A Common Stock",,N,,100,N,,NYSE,VOYG,N,VOYG,VOYG,VOYG,VOYG
VPG,"Vishay Precision Group, Inc. Common Stock",,N,,100,N,,NYSE,VPG,N,VPG,VPG,VPG,VPG
VPV,Invesco Pennsylvania Value Municipal Income Trust Common Stock (DE),,N,,100,N,,NYSE,VPV,N,VPV,VPV,VPV,VPV
VRE,"Veris Residential, Inc. Common Stock",,N,,100,N,,NYSE,VRE,N,VRE,VRE,VRE,VRE
VRT,"Vertiv Holdings, LLC Class A Common Stock",,N,,100,N,,NYSE,VRT,N,VRT,VRT,VRT,VRT
VRTS,"Virtus Investment Partners, Inc. Common Stock",,N,,100,N,,NYSE,VRTS,N,VRTS,VRTS,VRTS,VRTS
VSCO,Victorias Secret & Co. Common Stock ,,N,,100,N,,NYSE,VSCO,N,VSCO,VSCO,VSCO,VSCO
VSH,"Vishay Intertechnology, Inc. Common Stock",,N,,100,N,,NYSE,VSH,N,VSH,VSH,VSH,VSH
VST,Vistra Corp. Common Stock,,N,,100,N,,NYSE,VST,N,VST,VST,VST,VST
VSTS,Vestis Corporation Common Stock,,N,,100,N,,NYSE,VSTS,N,VSTS,VSTS,VSTS,VSTS
VTEX,VTEX Class A Common Shares,,N,,100,N,,NYSE,VTEX,N,VTEX,VTEX,VTEX,VTEX
VTLE,"Vital Energy, Inc. Common Stock, par value $0.01 per share",,N,,100,N,,NYSE,VTLE,N,VTLE,VTLE,VTLE,VTLE
VTN,Invesco Trust for Investment Grade New York Municipals Common Stock,,N,,100,N,,NYSE,VTN,N,VTN,VTN,VTN,VTN
VTOL,"Bristow Group, Inc. Common Stock",,N,,100,N,,NYSE,VTOL,N,VTOL,VTOL,VTOL,VTOL
VTR,"Ventas, Inc. Common Stock",,N,,100,N,,NYSE,VTR,N,VTR,VTR,VTR,VTR
VTS,"Vitesse Energy, Inc. Common Stock",,N,,100,N,,NYSE,VTS,N,VTS,VTS,VTS,VTS
VVR,Invesco Senior Income Trust Common Stock (DE),,N,,100,N,,NYSE,VVR,N,VVR,VVR,VVR,VVR
VVV,Valvoline Inc. Common Stock,,N,,100,N,,NYSE,VVV,N,VVV,VVV,VVV,VVV
VVX,"V2X, Inc. Common Stock",,N,,100,N,,NYSE,VVX,N,VVX,VVX,VVX,VVX
VYX,NCR Voyix Corporation Common Stock,,N,,100,N,,NYSE,VYX,N,VYX,VYX,VYX,VYX
VZ,Verizon Communications Inc. Common Stock,,N,,100,N,,NYSE,VZ,N,VZ,VZ,VZ,VZ
W,Wayfair Inc. Class A Common Stock,,N,,100,N,,NYSE,W,N,W,W,W,W
WAB,Westinghouse Air Brake Technologies Corporation Common Stock,,N,,100,N,,NYSE,WAB,N,WAB,WAB,WAB,WAB
WAL,Western Alliance Bancorporation Common Stock (DE),,N,,100,N,,NYSE,WAL,N,WAL,WAL,WAL,WAL
WAT,Waters Corporation Common Stock,,N,,100,N,,NYSE,WAT,N,WAT,WAT,WAT,WAT
WBS,Webster Financial Corporation Common Stock,,N,,100,N,,NYSE,WBS,N,WBS,WBS,WBS,WBS
WBX,Wallbox N.V. Class A Ordinary Shares,,N,,100,N,,NYSE,WBX,N,WBX,WBX,WBX,WBX
WCC,"WESCO International, Inc. Common Stock",,N,,100,N,,NYSE,WCC,N,WCC,WCC,WCC,WCC
WCN,"Waste Connections, Inc. Common Shares",,N,,100,N,,NYSE,WCN,N,WCN,WCN,WCN,WCN
WD,"Walker & Dunlop, Inc Common Stock",,N,,100,N,,NYSE,WD,N,WD,WD,WD,WD
WDI,Western Asset Diversified Income Fund Common Shares of Beneficial Interest,,N,,100,N,,NYSE,WDI,N,WDI,WDI,WDI,WDI
WEAV,"Weave Communications, Inc. Common Stock",,N,,100,N,,NYSE,WEAV,N,WEAV,WEAV,WEAV,WEAV
WEC,"WEC Energy Group, Inc. Common Stock",,N,,100,N,,NYSE,WEC,N,WEC,WEC,WEC,WEC
WELL,Welltower Inc. Common Stock,,N,,100,N,,NYSE,WELL,N,WELL,WELL,WELL,WELL
WEX,WEX Inc. common stock,,N,,100,N,,NYSE,WEX,N,WEX,WEX,WEX,WEX
WFC,Wells Fargo & Company Common Stock,,N,,100,N,,NYSE,WFC,N,WFC,WFC,WFC,WFC
WFG,West Fraser Timber Co. Ltd Common stock,,N,,100,N,,NYSE,WFG,N,WFG,WFG,WFG,WFG
WGO,"Winnebago Industries, Inc. Common Stock",,N,,100,N,,NYSE,WGO,N,WGO,WGO,WGO,WGO
WH,"Wyndham Hotels & Resorts, Inc. Common Stock ",,N,,100,N,,NYSE,WH,N,WH,WH,WH,WH
WHD,"Cactus, Inc. Class A Common Stock",,N,,100,N,,NYSE,WHD,N,WHD,WHD,WHD,WHD
WHG,Westwood Holdings Group Inc Common Stock,,N,,100,N,,NYSE,WHG,N,WHG,WHG,WHG,WHG
WHR,Whirlpool Corporation Common Stock,,N,,100,N,,NYSE,WHR,N,WHR,WHR,WHR,WHR
WIT,Wipro Limited Common Stock,,N,,100,N,,NYSE,WIT,N,WIT,WIT,WIT,WIT
WK,Workiva Inc. Class A Common Stock,,N,,100,N,,NYSE,WK,N,WK,WK,WK,WK
WKC,World Kinect Corporation Common Stock,,N,,100,N,,NYSE,WKC,N,WKC,WKC,WKC,WKC
WLK,Westlake Corporation Common Stock,,N,,100,N,,NYSE,WLK,N,WLK,WLK,WLK,WLK
WLY,"John Wiley & Sons, Inc. Common Stock",,N,,100,N,,NYSE,WLY,N,WLY,WLY,WLY,WLY
WLYB,"John Wiley & Sons, Inc. Common Stock",,N,,100,N,,NYSE,WLYB,N,WLYB,WLYB,WLYB,WLYB
WM,"Waste Management, Inc. Common Stock",,N,,100,N,,NYSE,WM,N,WM,WM,WM,WM
WMB,"Williams Companies, Inc. (The) Common Stock",,N,,100,N,,NYSE,WMB,N,WMB,WMB,WMB,WMB
WMK,"Weis Markets, Inc. Common Stock",,N,,100,N,,NYSE,WMK,N,WMK,WMK,WMK,WMK
WMS,"Advanced Drainage Systems, Inc. Common Stock",,N,,100,N,,NYSE,WMS,N,WMS,WMS,WMS,WMS
WMT,Walmart Inc. Common Stock,,N,,100,N,,NYSE,WMT,N,WMT,WMT,WMT,WMT
WNC,Wabash National Corporation Common Stock,,N,,100,N,,NYSE,WNC,N,WNC,WNC,WNC,WNC
WOLF,"Wolfspeed, Inc. Common Stock New",,N,,100,N,,NYSE,WOLF,N,WOLF,WOLF,WOLF,WOLF
WOR,"Worthington Enterprises, Inc. Common Shares",,N,,100,N,,NYSE,WOR,N,WOR,WOR,WOR,WOR
WOW,"WideOpenWest, Inc. Common Stock",,N,,100,N,,NYSE,WOW,N,WOW,WOW,WOW,WOW
WPM,Wheaton Precious Metals Corp Common Shares (Canada),,N,,100,N,,NYSE,WPM,N,WPM,WPM,WPM,WPM
WRB,W.R. Berkley Corporation Common Stock,,N,,100,N,,NYSE,WRB,N,WRB,WRB,WRB,WRB
WRBY,Warby Parker Inc. Class A Common Stock,,N,,100,N,,NYSE,WRBY,N,WRBY,WRBY,WRBY,WRBY
WS,"Worthington Steel, Inc. Common Shares",,N,,100,N,,NYSE,WS,N,WS,WS,WS,WS
WSM,"Williams-Sonoma, Inc. Common Stock (DE)",,N,,100,N,,NYSE,WSM,N,WSM,WSM,WSM,WSM
WSO,"Watsco, Inc. Common Stock",,N,,100,N,,NYSE,WSO,N,WSO,WSO,WSO,WSO
WSO.B,"Watsco, Inc. Class B Common Stock",,N,,100,N,,NYSE,WSO.B,N,WSO.B,WSO.B,WSO.B,WSO.B
WSR,Whitestone REIT Common Shares,,N,,100,N,,NYSE,WSR,N,WSR,WSR,WSR,WSR
WST,"West Pharmaceutical Services, Inc. Common Stock",,N,,100,N,,NYSE,WST,N,WST,WST,WST,WST
WT,"WisdomTree, Inc. Common Stock",,N,,100,N,,NYSE,WT,N,WT,WT,WT,WT
WTI,"W&T Offshore, Inc. Common Stock",,N,,100,N,,NYSE,WTI,N,WTI,WTI,WTI,WTI
WTM,"White Mountains Insurance Group, Ltd. Common Stock",,N,,100,N,,NYSE,WTM,N,WTM,WTM,WTM,WTM
WTRG,"Essential Utilities, Inc. Common Stock",,N,,100,N,,NYSE,WTRG,N,WTRG,WTRG,WTRG,WTRG
WTS,"Watts Water Technologies, Inc. Class A Common Stock",,N,,100,N,,NYSE,WTS,N,WTS,WTS,WTS,WTS
WU,Western Union Company (The) Common Stock,,N,,100,N,,NYSE,WU,N,WU,WU,WU,WU
WWW,"Wolverine World Wide, Inc. Common Stock",,N,,100,N,,NYSE,WWW,N,WWW,WWW,WWW,WWW
WY,Weyerhaeuser Company Common Stock,,N,,100,N,,NYSE,WY,N,WY,WY,WY,WY
XFLT,XAI Octagon Floating Rate & Alternative Income Trust Common Shares of Beneficial Interest,,N,,100,N,,NYSE,XFLT,N,XFLT,XFLT,XFLT,XFLT
XHR,"Xenia Hotels & Resorts, Inc. Common Stock",,N,,100,N,,NYSE,XHR,N,XHR,XHR,XHR,XHR
XOM,Exxon Mobil Corporation Common Stock,,N,,100,N,,NYSE,XOM,N,XOM,XOM,XOM,XOM
XPO,"XPO, Inc. Common Stock",,N,,100,N,,NYSE,XPO,N,XPO,XPO,XPO,XPO
XPOF,"Xponential Fitness, Inc. Class A Common Stock",,N,,100,N,,NYSE,XPOF,N,XPOF,XPOF,XPOF,XPOF
XPRO,Expro Group Holdings N.V. Common Stock,,N,,100,N,,NYSE,XPRO,N,XPRO,XPRO,XPRO,XPRO
XYL,Xylem Inc. Common Stock New,,N,,100,N,,NYSE,XYL,N,XYL,XYL,XYL,XYL
XYZ,"Block, Inc. Class A Common Stock,",,N,,100,N,,NYSE,XYZ,N,XYZ,XYZ,XYZ,XYZ
YELP,Yelp Inc. Common Stock,,N,,100,N,,NYSE,YELP,N,YELP,YELP,YELP,YELP
YETI,"YETI Holdings, Inc. Common Stock",,N,,100,N,,NYSE,YETI,N,YETI,YETI,YETI,YETI
YEXT,"Yext, Inc. Common Stock",,N,,100,N,,NYSE,YEXT,N,YEXT,YEXT,YEXT,YEXT
YOU,"Clear Secure, Inc. Class A Common Stock",,N,,100,N,,NYSE,YOU,N,YOU,YOU,YOU,YOU
YPF,YPF Sociedad Anonima Common Stock,,N,,100,N,,NYSE,YPF,N,YPF,YPF,YPF,YPF
YUMC,"Yum China Holdings, Inc. Common Stock",,N,,100,N,,NYSE,YUMC,N,YUMC,YUMC,YUMC,YUMC
ZBH,"Zimmer Biomet Holdings, Inc. Common Stock",,N,,100,N,,NYSE,ZBH,N,ZBH,ZBH,ZBH,ZBH
ZETA,Zeta Global Holdings Corp. Class A Common Stock,,N,,100,N,,NYSE,ZETA,N,ZETA,ZETA,ZETA,ZETA
ZGN,Ermenegildo Zegna N.V. Ordinary Shares,,N,,100,N,,NYSE,ZGN,N,ZGN,ZGN,ZGN,ZGN
ZIM,ZIM Integrated Shipping Services Ltd. Ordinary Shares,,N,,100,N,,NYSE,ZIM,N,ZIM,ZIM,ZIM,ZIM
ZIP,"ZipRecruiter, Inc. Class A Common Stock",,N,,100,N,,NYSE,ZIP,N,ZIP,ZIP,ZIP,ZIP
ZTS,Zoetis Inc. Class A Common Stock,,N,,100,N,,NYSE,ZTS,N,ZTS,ZTS,ZTS,ZTS
ZVIA,Zevia PBC Class A Common Stock,,N,,100,N,,NYSE,ZVIA,N,ZVIA,ZVIA,ZVIA,ZVIA
ZWS,Zurn Elkay Water Solutions Corporation Common Stock,,N,,100,N,,NYSE,ZWS,N,ZWS,ZWS,ZWS,ZWS
